ISO-10303-21;
HEADER;
FILE_DESCRIPTION(('KiCad electronic assembly'),'2;1');
FILE_NAME('pogostick.step','2026-09-17T10:58:48',('Pcbnew'),('Kicad'),
  'Open CASCADE STEP processor 7.9','KiCad to STEP converter','Unknown'
  );
FILE_SCHEMA(('AUTOMOTIVE_DESIGN { 1 0 10303 214 1 1 1 1 }'));
ENDSEC;
DATA;
#1 = APPLICATION_PROTOCOL_DEFINITION('international standard',
  'automotive_design',2000,#2);
#2 = APPLICATION_CONTEXT(
  'core data for automotive mechanical design processes');
#3 = SHAPE_DEFINITION_REPRESENTATION(#4,#10);
#4 = PRODUCT_DEFINITION_SHAPE('','',#5);
#5 = PRODUCT_DEFINITION('design','',#6,#9);
#6 = PRODUCT_DEFINITION_FORMATION('','',#7);
#7 = PRODUCT('pogostick 1','pogostick 1','',(#8));
#8 = PRODUCT_CONTEXT('',#2,'mechanical');
#9 = PRODUCT_DEFINITION_CONTEXT('part definition',#2,'design');
#10 = SHAPE_REPRESENTATION('',(#11,#15,#19,#23,#27,#31,#35,#39,#43,#47,
    #51,#55,#59,#63,#67,#71,#75,#79,#83,#87,#91,#95,#99,#103,#107,#111,
    #115,#119,#123,#127,#131,#135,#139,#143,#147,#151,#155,#159,#163,
    #167,#171,#175,#179,#183,#187,#191,#195,#199,#203,#207,#211,#215,
    #219,#223,#227,#231,#235,#239,#243,#247,#251,#255,#259),#263);
#11 = AXIS2_PLACEMENT_3D('',#12,#13,#14);
#12 = CARTESIAN_POINT('',(0.,0.,0.));
#13 = DIRECTION('',(0.,0.,1.));
#14 = DIRECTION('',(1.,0.,-0.));
#15 = AXIS2_PLACEMENT_3D('',#16,#17,#18);
#16 = CARTESIAN_POINT('',(-10.5,2.,1.595));
#17 = DIRECTION('',(-1.,0.,1.110223024625E-16));
#18 = DIRECTION('',(1.110223024625E-16,0.,1.));
#19 = AXIS2_PLACEMENT_3D('',#20,#21,#22);
#20 = CARTESIAN_POINT('',(85.5,2.,1.595));
#21 = DIRECTION('',(-1.,0.,1.110223024625E-16));
#22 = DIRECTION('',(1.110223024625E-16,0.,1.));
#23 = AXIS2_PLACEMENT_3D('',#24,#25,#26);
#24 = CARTESIAN_POINT('',(70.5,2.,1.595));
#25 = DIRECTION('',(-1.,0.,1.110223024625E-16));
#26 = DIRECTION('',(1.110223024625E-16,0.,1.));
#27 = AXIS2_PLACEMENT_3D('',#28,#29,#30);
#28 = CARTESIAN_POINT('',(52.5,2.,1.595));
#29 = DIRECTION('',(-1.,0.,1.110223024625E-16));
#30 = DIRECTION('',(1.110223024625E-16,0.,1.));
#31 = AXIS2_PLACEMENT_3D('',#32,#33,#34);
#32 = CARTESIAN_POINT('',(-64.5,2.,1.595));
#33 = DIRECTION('',(-1.,0.,1.110223024625E-16));
#34 = DIRECTION('',(1.110223024625E-16,0.,1.));
#35 = AXIS2_PLACEMENT_3D('',#36,#37,#38);
#36 = CARTESIAN_POINT('',(19.5,2.,1.595));
#37 = DIRECTION('',(-1.,0.,1.110223024625E-16));
#38 = DIRECTION('',(1.110223024625E-16,0.,1.));
#39 = AXIS2_PLACEMENT_3D('',#40,#41,#42);
#40 = CARTESIAN_POINT('',(-22.5,2.,1.595));
#41 = DIRECTION('',(-1.,0.,1.110223024625E-16));
#42 = DIRECTION('',(1.110223024625E-16,0.,1.));
#43 = AXIS2_PLACEMENT_3D('',#44,#45,#46);
#44 = CARTESIAN_POINT('',(79.5,2.,1.595));
#45 = DIRECTION('',(-1.,0.,1.110223024625E-16));
#46 = DIRECTION('',(1.110223024625E-16,0.,1.));
#47 = AXIS2_PLACEMENT_3D('',#48,#49,#50);
#48 = CARTESIAN_POINT('',(40.5,2.,1.595));
#49 = DIRECTION('',(-1.,0.,1.110223024625E-16));
#50 = DIRECTION('',(1.110223024625E-16,0.,1.));
#51 = AXIS2_PLACEMENT_3D('',#52,#53,#54);
#52 = CARTESIAN_POINT('',(-1.5,2.,1.595));
#53 = DIRECTION('',(-1.,0.,1.110223024625E-16));
#54 = DIRECTION('',(1.110223024625E-16,0.,1.));
#55 = AXIS2_PLACEMENT_3D('',#56,#57,#58);
#56 = CARTESIAN_POINT('',(-46.5,2.,1.595));
#57 = DIRECTION('',(-1.,0.,1.110223024625E-16));
#58 = DIRECTION('',(1.110223024625E-16,0.,1.));
#59 = AXIS2_PLACEMENT_3D('',#60,#61,#62);
#60 = CARTESIAN_POINT('',(-19.375,2.,1.595));
#61 = DIRECTION('',(-1.,0.,1.110223024625E-16));
#62 = DIRECTION('',(1.110223024625E-16,0.,1.));
#63 = AXIS2_PLACEMENT_3D('',#64,#65,#66);
#64 = CARTESIAN_POINT('',(37.5,2.,1.595));
#65 = DIRECTION('',(-1.,0.,1.110223024625E-16));
#66 = DIRECTION('',(1.110223024625E-16,0.,1.));
#67 = AXIS2_PLACEMENT_3D('',#68,#69,#70);
#68 = CARTESIAN_POINT('',(67.5,2.,1.595));
#69 = DIRECTION('',(-1.,0.,1.110223024625E-16));
#70 = DIRECTION('',(1.110223024625E-16,0.,1.));
#71 = AXIS2_PLACEMENT_3D('',#72,#73,#74);
#72 = CARTESIAN_POINT('',(-43.5,2.,1.595));
#73 = DIRECTION('',(-1.,0.,1.110223024625E-16));
#74 = DIRECTION('',(1.110223024625E-16,0.,1.));
#75 = AXIS2_PLACEMENT_3D('',#76,#77,#78);
#76 = CARTESIAN_POINT('',(-7.5,2.,1.595));
#77 = DIRECTION('',(-1.,0.,1.110223024625E-16));
#78 = DIRECTION('',(1.110223024625E-16,0.,1.));
#79 = AXIS2_PLACEMENT_3D('',#80,#81,#82);
#80 = CARTESIAN_POINT('',(-52.5,2.,1.595));
#81 = DIRECTION('',(-1.,0.,1.110223024625E-16));
#82 = DIRECTION('',(1.110223024625E-16,0.,1.));
#83 = AXIS2_PLACEMENT_3D('',#84,#85,#86);
#84 = CARTESIAN_POINT('',(82.5,2.,1.595));
#85 = DIRECTION('',(-1.,0.,1.110223024625E-16));
#86 = DIRECTION('',(1.110223024625E-16,0.,1.));
#87 = AXIS2_PLACEMENT_3D('',#88,#89,#90);
#88 = CARTESIAN_POINT('',(-58.5,2.,1.595));
#89 = DIRECTION('',(-1.,0.,1.110223024625E-16));
#90 = DIRECTION('',(1.110223024625E-16,0.,1.));
#91 = AXIS2_PLACEMENT_3D('',#92,#93,#94);
#92 = CARTESIAN_POINT('',(-31.5,2.,1.595));
#93 = DIRECTION('',(-1.,0.,1.110223024625E-16));
#94 = DIRECTION('',(1.110223024625E-16,0.,1.));
#95 = AXIS2_PLACEMENT_3D('',#96,#97,#98);
#96 = CARTESIAN_POINT('',(22.5,2.,1.595));
#97 = DIRECTION('',(-1.,0.,1.110223024625E-16));
#98 = DIRECTION('',(1.110223024625E-16,0.,1.));
#99 = AXIS2_PLACEMENT_3D('',#100,#101,#102);
#100 = CARTESIAN_POINT('',(-70.5,2.,1.595));
#101 = DIRECTION('',(-1.,0.,1.110223024625E-16));
#102 = DIRECTION('',(1.110223024625E-16,0.,1.));
#103 = AXIS2_PLACEMENT_3D('',#104,#105,#106);
#104 = CARTESIAN_POINT('',(61.5,2.,1.595));
#105 = DIRECTION('',(-1.,0.,1.110223024625E-16));
#106 = DIRECTION('',(1.110223024625E-16,0.,1.));
#107 = AXIS2_PLACEMENT_3D('',#108,#109,#110);
#108 = CARTESIAN_POINT('',(-76.5,2.,1.595));
#109 = DIRECTION('',(-1.,0.,1.110223024625E-16));
#110 = DIRECTION('',(1.110223024625E-16,0.,1.));
#111 = AXIS2_PLACEMENT_3D('',#112,#113,#114);
#112 = CARTESIAN_POINT('',(31.5,2.,1.595));
#113 = DIRECTION('',(-1.,0.,1.110223024625E-16));
#114 = DIRECTION('',(1.110223024625E-16,0.,1.));
#115 = AXIS2_PLACEMENT_3D('',#116,#117,#118);
#116 = CARTESIAN_POINT('',(43.5,2.,1.595));
#117 = DIRECTION('',(-1.,0.,1.110223024625E-16));
#118 = DIRECTION('',(1.110223024625E-16,0.,1.));
#119 = AXIS2_PLACEMENT_3D('',#120,#121,#122);
#120 = CARTESIAN_POINT('',(10.5,2.,1.595));
#121 = DIRECTION('',(-1.,0.,1.110223024625E-16));
#122 = DIRECTION('',(1.110223024625E-16,0.,1.));
#123 = AXIS2_PLACEMENT_3D('',#124,#125,#126);
#124 = CARTESIAN_POINT('',(25.5,2.,1.595));
#125 = DIRECTION('',(-1.,0.,1.110223024625E-16));
#126 = DIRECTION('',(1.110223024625E-16,0.,1.));
#127 = AXIS2_PLACEMENT_3D('',#128,#129,#130);
#128 = CARTESIAN_POINT('',(-88.5,2.,1.595));
#129 = DIRECTION('',(-1.,0.,1.110223024625E-16));
#130 = DIRECTION('',(1.110223024625E-16,0.,1.));
#131 = AXIS2_PLACEMENT_3D('',#132,#133,#134);
#132 = CARTESIAN_POINT('',(-34.5,2.,1.595));
#133 = DIRECTION('',(-1.,0.,1.110223024625E-16));
#134 = DIRECTION('',(1.110223024625E-16,0.,1.));
#135 = AXIS2_PLACEMENT_3D('',#136,#137,#138);
#136 = CARTESIAN_POINT('',(-28.5,2.,1.595));
#137 = DIRECTION('',(-1.,0.,1.110223024625E-16));
#138 = DIRECTION('',(1.110223024625E-16,0.,1.));
#139 = AXIS2_PLACEMENT_3D('',#140,#141,#142);
#140 = CARTESIAN_POINT('',(-40.5,2.,1.595));
#141 = DIRECTION('',(-1.,0.,1.110223024625E-16));
#142 = DIRECTION('',(1.110223024625E-16,0.,1.));
#143 = AXIS2_PLACEMENT_3D('',#144,#145,#146);
#144 = CARTESIAN_POINT('',(1.5,2.,1.595));
#145 = DIRECTION('',(-1.,0.,1.110223024625E-16));
#146 = DIRECTION('',(1.110223024625E-16,0.,1.));
#147 = AXIS2_PLACEMENT_3D('',#148,#149,#150);
#148 = CARTESIAN_POINT('',(-49.5,2.,1.595));
#149 = DIRECTION('',(-1.,0.,1.110223024625E-16));
#150 = DIRECTION('',(1.110223024625E-16,0.,1.));
#151 = AXIS2_PLACEMENT_3D('',#152,#153,#154);
#152 = CARTESIAN_POINT('',(-61.5,2.,1.595));
#153 = DIRECTION('',(-1.,0.,1.110223024625E-16));
#154 = DIRECTION('',(1.110223024625E-16,0.,1.));
#155 = AXIS2_PLACEMENT_3D('',#156,#157,#158);
#156 = CARTESIAN_POINT('',(28.5,2.,1.595));
#157 = DIRECTION('',(-1.,0.,1.110223024625E-16));
#158 = DIRECTION('',(1.110223024625E-16,0.,1.));
#159 = AXIS2_PLACEMENT_3D('',#160,#161,#162);
#160 = CARTESIAN_POINT('',(73.5,2.,1.595));
#161 = DIRECTION('',(-1.,0.,1.110223024625E-16));
#162 = DIRECTION('',(1.110223024625E-16,0.,1.));
#163 = AXIS2_PLACEMENT_3D('',#164,#165,#166);
#164 = CARTESIAN_POINT('',(-16.5,2.,1.595));
#165 = DIRECTION('',(-1.,0.,1.110223024625E-16));
#166 = DIRECTION('',(1.110223024625E-16,0.,1.));
#167 = AXIS2_PLACEMENT_3D('',#168,#169,#170);
#168 = CARTESIAN_POINT('',(-13.5,2.,1.595));
#169 = DIRECTION('',(-1.,0.,1.110223024625E-16));
#170 = DIRECTION('',(1.110223024625E-16,0.,1.));
#171 = AXIS2_PLACEMENT_3D('',#172,#173,#174);
#172 = CARTESIAN_POINT('',(-85.5,2.,1.595));
#173 = DIRECTION('',(-1.,0.,1.110223024625E-16));
#174 = DIRECTION('',(1.110223024625E-16,0.,1.));
#175 = AXIS2_PLACEMENT_3D('',#176,#177,#178);
#176 = CARTESIAN_POINT('',(58.5,2.,1.595));
#177 = DIRECTION('',(-1.,0.,1.110223024625E-16));
#178 = DIRECTION('',(1.110223024625E-16,0.,1.));
#179 = AXIS2_PLACEMENT_3D('',#180,#181,#182);
#180 = CARTESIAN_POINT('',(-73.5,2.,1.595));
#181 = DIRECTION('',(-1.,0.,1.110223024625E-16));
#182 = DIRECTION('',(1.110223024625E-16,0.,1.));
#183 = AXIS2_PLACEMENT_3D('',#184,#185,#186);
#184 = CARTESIAN_POINT('',(-55.5,2.,1.595));
#185 = DIRECTION('',(-1.,0.,1.110223024625E-16));
#186 = DIRECTION('',(1.110223024625E-16,0.,1.));
#187 = AXIS2_PLACEMENT_3D('',#188,#189,#190);
#188 = CARTESIAN_POINT('',(-82.5,2.,1.595));
#189 = DIRECTION('',(-1.,0.,1.110223024625E-16));
#190 = DIRECTION('',(1.110223024625E-16,0.,1.));
#191 = AXIS2_PLACEMENT_3D('',#192,#193,#194);
#192 = CARTESIAN_POINT('',(55.5,2.,1.595));
#193 = DIRECTION('',(-1.,0.,1.110223024625E-16));
#194 = DIRECTION('',(1.110223024625E-16,0.,1.));
#195 = AXIS2_PLACEMENT_3D('',#196,#197,#198);
#196 = CARTESIAN_POINT('',(-67.5,2.,1.595));
#197 = DIRECTION('',(-1.,0.,1.110223024625E-16));
#198 = DIRECTION('',(1.110223024625E-16,0.,1.));
#199 = AXIS2_PLACEMENT_3D('',#200,#201,#202);
#200 = CARTESIAN_POINT('',(7.5,2.,1.595));
#201 = DIRECTION('',(-1.,0.,1.110223024625E-16));
#202 = DIRECTION('',(1.110223024625E-16,0.,1.));
#203 = AXIS2_PLACEMENT_3D('',#204,#205,#206);
#204 = CARTESIAN_POINT('',(4.5,2.,1.595));
#205 = DIRECTION('',(-1.,0.,1.110223024625E-16));
#206 = DIRECTION('',(1.110223024625E-16,0.,1.));
#207 = AXIS2_PLACEMENT_3D('',#208,#209,#210);
#208 = CARTESIAN_POINT('',(-25.5,2.,1.595));
#209 = DIRECTION('',(-1.,0.,1.110223024625E-16));
#210 = DIRECTION('',(1.110223024625E-16,0.,1.));
#211 = AXIS2_PLACEMENT_3D('',#212,#213,#214);
#212 = CARTESIAN_POINT('',(-4.5,2.,1.595));
#213 = DIRECTION('',(-1.,0.,1.110223024625E-16));
#214 = DIRECTION('',(1.110223024625E-16,0.,1.));
#215 = AXIS2_PLACEMENT_3D('',#216,#217,#218);
#216 = CARTESIAN_POINT('',(76.5,2.,1.595));
#217 = DIRECTION('',(-1.,0.,1.110223024625E-16));
#218 = DIRECTION('',(1.110223024625E-16,0.,1.));
#219 = AXIS2_PLACEMENT_3D('',#220,#221,#222);
#220 = CARTESIAN_POINT('',(-79.5,2.,1.595));
#221 = DIRECTION('',(-1.,0.,1.110223024625E-16));
#222 = DIRECTION('',(1.110223024625E-16,0.,1.));
#223 = AXIS2_PLACEMENT_3D('',#224,#225,#226);
#224 = CARTESIAN_POINT('',(88.5,2.,1.595));
#225 = DIRECTION('',(-1.,0.,1.110223024625E-16));
#226 = DIRECTION('',(1.110223024625E-16,0.,1.));
#227 = AXIS2_PLACEMENT_3D('',#228,#229,#230);
#228 = CARTESIAN_POINT('',(49.5,2.,1.595));
#229 = DIRECTION('',(-1.,0.,1.110223024625E-16));
#230 = DIRECTION('',(1.110223024625E-16,0.,1.));
#231 = AXIS2_PLACEMENT_3D('',#232,#233,#234);
#232 = CARTESIAN_POINT('',(46.5,2.,1.595));
#233 = DIRECTION('',(-1.,0.,1.110223024625E-16));
#234 = DIRECTION('',(1.110223024625E-16,0.,1.));
#235 = AXIS2_PLACEMENT_3D('',#236,#237,#238);
#236 = CARTESIAN_POINT('',(13.5,2.,1.595));
#237 = DIRECTION('',(-1.,0.,1.110223024625E-16));
#238 = DIRECTION('',(1.110223024625E-16,0.,1.));
#239 = AXIS2_PLACEMENT_3D('',#240,#241,#242);
#240 = CARTESIAN_POINT('',(16.5,2.,1.595));
#241 = DIRECTION('',(-1.,0.,1.110223024625E-16));
#242 = DIRECTION('',(1.110223024625E-16,0.,1.));
#243 = AXIS2_PLACEMENT_3D('',#244,#245,#246);
#244 = CARTESIAN_POINT('',(-37.5,2.,1.595));
#245 = DIRECTION('',(-1.,0.,1.110223024625E-16));
#246 = DIRECTION('',(1.110223024625E-16,0.,1.));
#247 = AXIS2_PLACEMENT_3D('',#248,#249,#250);
#248 = CARTESIAN_POINT('',(64.5,2.,1.595));
#249 = DIRECTION('',(-1.,0.,1.110223024625E-16));
#250 = DIRECTION('',(1.110223024625E-16,0.,1.));
#251 = AXIS2_PLACEMENT_3D('',#252,#253,#254);
#252 = CARTESIAN_POINT('',(34.5,2.,1.595));
#253 = DIRECTION('',(-1.,0.,1.110223024625E-16));
#254 = DIRECTION('',(1.110223024625E-16,0.,1.));
#255 = AXIS2_PLACEMENT_3D('',#256,#257,#258);
#256 = CARTESIAN_POINT('',(0.,0.,0.));
#257 = DIRECTION('',(0.,0.,1.));
#258 = DIRECTION('',(1.,0.,-0.));
#259 = AXIS2_PLACEMENT_3D('',#260,#261,#262);
#260 = CARTESIAN_POINT('',(0.,0.,0.));
#261 = DIRECTION('',(0.,0.,1.));
#262 = DIRECTION('',(1.,0.,-0.));
#263 = ( GEOMETRIC_REPRESENTATION_CONTEXT(3) 
GLOBAL_UNCERTAINTY_ASSIGNED_CONTEXT((#267)) GLOBAL_UNIT_ASSIGNED_CONTEXT
((#264,#265,#266)) REPRESENTATION_CONTEXT('Context #1',
  '3D Context with UNIT and UNCERTAINTY') );
#264 = ( LENGTH_UNIT() NAMED_UNIT(*) SI_UNIT(.MILLI.,.METRE.) );
#265 = ( NAMED_UNIT(*) PLANE_ANGLE_UNIT() SI_UNIT($,.RADIAN.) );
#266 = ( NAMED_UNIT(*) SI_UNIT($,.STERADIAN.) SOLID_ANGLE_UNIT() );
#267 = UNCERTAINTY_MEASURE_WITH_UNIT(LENGTH_MEASURE(1.E-07),#264,
  'distance_accuracy_value','confusion accuracy');
#268 = PRODUCT_RELATED_PRODUCT_CATEGORY('part',$,(#7));
#269 = SHAPE_DEFINITION_REPRESENTATION(#270,#276);
#270 = PRODUCT_DEFINITION_SHAPE('','',#271);
#271 = PRODUCT_DEFINITION('design','',#272,#275);
#272 = PRODUCT_DEFINITION_FORMATION('','',#273);
#273 = PRODUCT('pogo_pin','pogo_pin','',(#274));
#274 = PRODUCT_CONTEXT('',#2,'mechanical');
#275 = PRODUCT_DEFINITION_CONTEXT('part definition',#2,'design');
#276 = SHAPE_REPRESENTATION('',(#11,#277),#281);
#277 = AXIS2_PLACEMENT_3D('',#278,#279,#280);
#278 = CARTESIAN_POINT('',(0.,0.,0.));
#279 = DIRECTION('',(0.,0.,1.));
#280 = DIRECTION('',(1.,0.,-0.));
#281 = ( GEOMETRIC_REPRESENTATION_CONTEXT(3) 
GLOBAL_UNCERTAINTY_ASSIGNED_CONTEXT((#285)) GLOBAL_UNIT_ASSIGNED_CONTEXT
((#282,#283,#284)) REPRESENTATION_CONTEXT('Context #1',
  '3D Context with UNIT and UNCERTAINTY') );
#282 = ( LENGTH_UNIT() NAMED_UNIT(*) SI_UNIT(.MILLI.,.METRE.) );
#283 = ( NAMED_UNIT(*) PLANE_ANGLE_UNIT() SI_UNIT($,.RADIAN.) );
#284 = ( NAMED_UNIT(*) SI_UNIT($,.STERADIAN.) SOLID_ANGLE_UNIT() );
#285 = UNCERTAINTY_MEASURE_WITH_UNIT(LENGTH_MEASURE(1.E-07),#282,
  'distance_accuracy_value','confusion accuracy');
#286 = CONTEXT_DEPENDENT_SHAPE_REPRESENTATION(#287,#289);
#287 = ( REPRESENTATION_RELATIONSHIP('','',#276,#10) 
REPRESENTATION_RELATIONSHIP_WITH_TRANSFORMATION(#288) 
SHAPE_REPRESENTATION_RELATIONSHIP() );
#288 = ITEM_DEFINED_TRANSFORMATION('','',#11,#15);
#289 = PRODUCT_DEFINITION_SHAPE('Placement','Placement of an item',#290
  );
#290 = NEXT_ASSEMBLY_USAGE_OCCURRENCE('2','J24','',#5,#271,$);
#291 = PRODUCT_RELATED_PRODUCT_CATEGORY('part',$,(#273));
#292 = SHAPE_DEFINITION_REPRESENTATION(#293,#299);
#293 = PRODUCT_DEFINITION_SHAPE('','',#294);
#294 = PRODUCT_DEFINITION('design','',#295,#298);
#295 = PRODUCT_DEFINITION_FORMATION('','',#296);
#296 = PRODUCT('0F5164DB-4D1C-4AD1-86A6-38D0CAFF95BC',
  '0F5164DB-4D1C-4AD1-86A6-38D0CAFF95BC','',(#297));
#297 = PRODUCT_CONTEXT('',#2,'mechanical');
#298 = PRODUCT_DEFINITION_CONTEXT('part definition',#2,'design');
#299 = ADVANCED_BREP_SHAPE_REPRESENTATION('',(#11,#300),#778);
#300 = MANIFOLD_SOLID_BREP('',#301);
#301 = CLOSED_SHELL('',(#302,#344,#386,#428,#460,#492,#534,#566,#582,
    #600,#618,#638,#656,#674,#692,#712,#730,#750,#768));
#302 = ADVANCED_FACE('',(#303),#339,.T.);
#303 = FACE_BOUND('',#304,.T.);
#304 = EDGE_LOOP('',(#305,#316,#324,#333));
#305 = ORIENTED_EDGE('',*,*,#306,.T.);
#306 = EDGE_CURVE('',#307,#309,#311,.T.);
#307 = VERTEX_POINT('',#308);
#308 = CARTESIAN_POINT('',(0.4064,0.,0.9144));
#309 = VERTEX_POINT('',#310);
#310 = CARTESIAN_POINT('',(0.4064,1.11981703314E-16,-0.9144));
#311 = CIRCLE('',#312,0.9144);
#312 = AXIS2_PLACEMENT_3D('',#313,#314,#315);
#313 = CARTESIAN_POINT('',(0.4064,0.,0.));
#314 = DIRECTION('',(-1.,0.,-0.));
#315 = DIRECTION('',(-0.,0.,1.));
#316 = ORIENTED_EDGE('',*,*,#317,.T.);
#317 = EDGE_CURVE('',#309,#318,#320,.T.);
#318 = VERTEX_POINT('',#319);
#319 = CARTESIAN_POINT('',(0.,1.11981703314E-16,-0.9144));
#320 = LINE('',#321,#322);
#321 = CARTESIAN_POINT('',(0.,1.11981703314E-16,-0.9144));
#322 = VECTOR('',#323,1.);
#323 = DIRECTION('',(-1.,-0.,-0.));
#324 = ORIENTED_EDGE('',*,*,#325,.F.);
#325 = EDGE_CURVE('',#326,#318,#328,.T.);
#326 = VERTEX_POINT('',#327);
#327 = CARTESIAN_POINT('',(0.,0.,0.9144));
#328 = CIRCLE('',#329,0.9144);
#329 = AXIS2_PLACEMENT_3D('',#330,#331,#332);
#330 = CARTESIAN_POINT('',(0.,0.,0.));
#331 = DIRECTION('',(-1.,0.,-0.));
#332 = DIRECTION('',(-0.,0.,1.));
#333 = ORIENTED_EDGE('',*,*,#334,.F.);
#334 = EDGE_CURVE('',#307,#326,#335,.T.);
#335 = LINE('',#336,#337);
#336 = CARTESIAN_POINT('',(0.,0.,0.9144));
#337 = VECTOR('',#338,1.);
#338 = DIRECTION('',(-1.,-0.,-0.));
#339 = CYLINDRICAL_SURFACE('',#340,0.9144);
#340 = AXIS2_PLACEMENT_3D('',#341,#342,#343);
#341 = CARTESIAN_POINT('',(0.,0.,0.));
#342 = DIRECTION('',(-1.,-0.,-0.));
#343 = DIRECTION('',(-0.,0.,1.));
#344 = ADVANCED_FACE('',(#345),#381,.T.);
#345 = FACE_BOUND('',#346,.T.);
#346 = EDGE_LOOP('',(#347,#358,#366,#375));
#347 = ORIENTED_EDGE('',*,*,#348,.T.);
#348 = EDGE_CURVE('',#349,#351,#353,.T.);
#349 = VERTEX_POINT('',#350);
#350 = CARTESIAN_POINT('',(1.1176,0.,0.7747));
#351 = VERTEX_POINT('',#352);
#352 = CARTESIAN_POINT('',(1.1176,9.487338752995E-17,-0.7747));
#353 = CIRCLE('',#354,0.7747);
#354 = AXIS2_PLACEMENT_3D('',#355,#356,#357);
#355 = CARTESIAN_POINT('',(1.1176,0.,0.));
#356 = DIRECTION('',(-1.,0.,-0.));
#357 = DIRECTION('',(-0.,0.,1.));
#358 = ORIENTED_EDGE('',*,*,#359,.T.);
#359 = EDGE_CURVE('',#351,#360,#362,.T.);
#360 = VERTEX_POINT('',#361);
#361 = CARTESIAN_POINT('',(0.4064,9.487338752995E-17,-0.7747));
#362 = LINE('',#363,#364);
#363 = CARTESIAN_POINT('',(0.,9.487338752995E-17,-0.7747));
#364 = VECTOR('',#365,1.);
#365 = DIRECTION('',(-1.,-0.,-0.));
#366 = ORIENTED_EDGE('',*,*,#367,.F.);
#367 = EDGE_CURVE('',#368,#360,#370,.T.);
#368 = VERTEX_POINT('',#369);
#369 = CARTESIAN_POINT('',(0.4064,0.,0.7747));
#370 = CIRCLE('',#371,0.7747);
#371 = AXIS2_PLACEMENT_3D('',#372,#373,#374);
#372 = CARTESIAN_POINT('',(0.4064,0.,0.));
#373 = DIRECTION('',(-1.,0.,-0.));
#374 = DIRECTION('',(-0.,0.,1.));
#375 = ORIENTED_EDGE('',*,*,#376,.F.);
#376 = EDGE_CURVE('',#349,#368,#377,.T.);
#377 = LINE('',#378,#379);
#378 = CARTESIAN_POINT('',(0.,0.,0.7747));
#379 = VECTOR('',#380,1.);
#380 = DIRECTION('',(-1.,-0.,-0.));
#381 = CYLINDRICAL_SURFACE('',#382,0.7747);
#382 = AXIS2_PLACEMENT_3D('',#383,#384,#385);
#383 = CARTESIAN_POINT('',(0.,0.,0.));
#384 = DIRECTION('',(-1.,-0.,-0.));
#385 = DIRECTION('',(-0.,0.,1.));
#386 = ADVANCED_FACE('',(#387),#423,.T.);
#387 = FACE_BOUND('',#388,.T.);
#388 = EDGE_LOOP('',(#389,#400,#408,#417));
#389 = ORIENTED_EDGE('',*,*,#390,.T.);
#390 = EDGE_CURVE('',#391,#393,#395,.T.);
#391 = VERTEX_POINT('',#392);
#392 = CARTESIAN_POINT('',(1.354585226281,0.,0.7493));
#393 = VERTEX_POINT('',#394);
#394 = CARTESIAN_POINT('',(1.354585226281,9.176278466011E-17,-0.7493));
#395 = CIRCLE('',#396,0.7493);
#396 = AXIS2_PLACEMENT_3D('',#397,#398,#399);
#397 = CARTESIAN_POINT('',(1.354585226281,0.,0.));
#398 = DIRECTION('',(-1.,0.,-0.));
#399 = DIRECTION('',(-0.,0.,1.));
#400 = ORIENTED_EDGE('',*,*,#401,.T.);
#401 = EDGE_CURVE('',#393,#402,#404,.T.);
#402 = VERTEX_POINT('',#403);
#403 = CARTESIAN_POINT('',(1.1176,9.95392918347E-17,-0.8128));
#404 = LINE('',#405,#406);
#405 = CARTESIAN_POINT('',(1.354585226281,9.176278466011E-17,-0.7493));
#406 = VECTOR('',#407,1.);
#407 = DIRECTION('',(-0.965925826289,3.169619151432E-17,-0.258819045103)
  );
#408 = ORIENTED_EDGE('',*,*,#409,.F.);
#409 = EDGE_CURVE('',#410,#402,#412,.T.);
#410 = VERTEX_POINT('',#411);
#411 = CARTESIAN_POINT('',(1.1176,0.,0.8128));
#412 = CIRCLE('',#413,0.8128);
#413 = AXIS2_PLACEMENT_3D('',#414,#415,#416);
#414 = CARTESIAN_POINT('',(1.1176,0.,0.));
#415 = DIRECTION('',(-1.,0.,-0.));
#416 = DIRECTION('',(-0.,0.,1.));
#417 = ORIENTED_EDGE('',*,*,#418,.F.);
#418 = EDGE_CURVE('',#391,#410,#419,.T.);
#419 = LINE('',#420,#421);
#420 = CARTESIAN_POINT('',(1.354585226281,0.,0.7493));
#421 = VECTOR('',#422,1.);
#422 = DIRECTION('',(-0.965925826289,0.,0.258819045103));
#423 = CONICAL_SURFACE('',#424,0.7493,0.261799387799);
#424 = AXIS2_PLACEMENT_3D('',#425,#426,#427);
#425 = CARTESIAN_POINT('',(1.354585226281,0.,0.));
#426 = DIRECTION('',(-1.,-0.,-0.));
#427 = DIRECTION('',(-0.,0.,1.));
#428 = ADVANCED_FACE('',(#429),#455,.T.);
#429 = FACE_BOUND('',#430,.T.);
#430 = EDGE_LOOP('',(#431,#442,#448,#449));
#431 = ORIENTED_EDGE('',*,*,#432,.T.);
#432 = EDGE_CURVE('',#433,#435,#437,.T.);
#433 = VERTEX_POINT('',#434);
#434 = CARTESIAN_POINT('',(2.6162,0.,0.7493));
#435 = VERTEX_POINT('',#436);
#436 = CARTESIAN_POINT('',(2.6162,9.176278466011E-17,-0.7493));
#437 = CIRCLE('',#438,0.7493);
#438 = AXIS2_PLACEMENT_3D('',#439,#440,#441);
#439 = CARTESIAN_POINT('',(2.6162,0.,0.));
#440 = DIRECTION('',(-1.,0.,-0.));
#441 = DIRECTION('',(-0.,0.,1.));
#442 = ORIENTED_EDGE('',*,*,#443,.T.);
#443 = EDGE_CURVE('',#435,#393,#444,.T.);
#444 = LINE('',#445,#446);
#445 = CARTESIAN_POINT('',(0.,9.176278466011E-17,-0.7493));
#446 = VECTOR('',#447,1.);
#447 = DIRECTION('',(-1.,-0.,-0.));
#448 = ORIENTED_EDGE('',*,*,#390,.F.);
#449 = ORIENTED_EDGE('',*,*,#450,.F.);
#450 = EDGE_CURVE('',#433,#391,#451,.T.);
#451 = LINE('',#452,#453);
#452 = CARTESIAN_POINT('',(0.,0.,0.7493));
#453 = VECTOR('',#454,1.);
#454 = DIRECTION('',(-1.,-0.,-0.));
#455 = CYLINDRICAL_SURFACE('',#456,0.7493);
#456 = AXIS2_PLACEMENT_3D('',#457,#458,#459);
#457 = CARTESIAN_POINT('',(0.,0.,0.));
#458 = DIRECTION('',(-1.,-0.,-0.));
#459 = DIRECTION('',(-0.,0.,1.));
#460 = ADVANCED_FACE('',(#461),#487,.T.);
#461 = FACE_BOUND('',#462,.T.);
#462 = EDGE_LOOP('',(#463,#474,#480,#481));
#463 = ORIENTED_EDGE('',*,*,#464,.T.);
#464 = EDGE_CURVE('',#465,#467,#469,.T.);
#465 = VERTEX_POINT('',#466);
#466 = CARTESIAN_POINT('',(2.6924,0.,0.705305909488));
#467 = VERTEX_POINT('',#468);
#468 = CARTESIAN_POINT('',(2.6924,8.906892355375E-17,-0.705305909488));
#469 = CIRCLE('',#470,0.705305909488);
#470 = AXIS2_PLACEMENT_3D('',#471,#472,#473);
#471 = CARTESIAN_POINT('',(2.6924,0.,0.));
#472 = DIRECTION('',(-1.,0.,-0.));
#473 = DIRECTION('',(-0.,0.,1.));
#474 = ORIENTED_EDGE('',*,*,#475,.T.);
#475 = EDGE_CURVE('',#467,#435,#476,.T.);
#476 = LINE('',#477,#478);
#477 = CARTESIAN_POINT('',(2.6924,8.637506244739E-17,-0.705305909488));
#478 = VECTOR('',#479,1.);
#479 = DIRECTION('',(-0.866025403784,6.123233995737E-17,-0.5));
#480 = ORIENTED_EDGE('',*,*,#432,.F.);
#481 = ORIENTED_EDGE('',*,*,#482,.F.);
#482 = EDGE_CURVE('',#465,#433,#483,.T.);
#483 = LINE('',#484,#485);
#484 = CARTESIAN_POINT('',(2.6924,0.,0.705305909488));
#485 = VECTOR('',#486,1.);
#486 = DIRECTION('',(-0.866025403784,0.,0.5));
#487 = CONICAL_SURFACE('',#488,0.705305909488,0.523598775598);
#488 = AXIS2_PLACEMENT_3D('',#489,#490,#491);
#489 = CARTESIAN_POINT('',(2.6924,0.,0.));
#490 = DIRECTION('',(-1.,-0.,-0.));
#491 = DIRECTION('',(-0.,0.,1.));
#492 = ADVANCED_FACE('',(#493),#529,.T.);
#493 = FACE_BOUND('',#494,.T.);
#494 = EDGE_LOOP('',(#495,#506,#514,#523));
#495 = ORIENTED_EDGE('',*,*,#496,.T.);
#496 = EDGE_CURVE('',#497,#499,#501,.T.);
#497 = VERTEX_POINT('',#498);
#498 = CARTESIAN_POINT('',(4.6228,0.,0.53086));
#499 = VERTEX_POINT('',#500);
#500 = CARTESIAN_POINT('',(4.6228,6.501159997954E-17,-0.53086));
#501 = CIRCLE('',#502,0.53086);
#502 = AXIS2_PLACEMENT_3D('',#503,#504,#505);
#503 = CARTESIAN_POINT('',(4.6228,0.,0.));
#504 = DIRECTION('',(-1.,0.,-0.));
#505 = DIRECTION('',(-0.,0.,1.));
#506 = ORIENTED_EDGE('',*,*,#507,.T.);
#507 = EDGE_CURVE('',#499,#508,#510,.T.);
#508 = VERTEX_POINT('',#509);
#509 = CARTESIAN_POINT('',(2.6924,6.501159997954E-17,-0.53086));
#510 = LINE('',#511,#512);
#511 = CARTESIAN_POINT('',(0.,6.501159997954E-17,-0.53086));
#512 = VECTOR('',#513,1.);
#513 = DIRECTION('',(-1.,-0.,-0.));
#514 = ORIENTED_EDGE('',*,*,#515,.F.);
#515 = EDGE_CURVE('',#516,#508,#518,.T.);
#516 = VERTEX_POINT('',#517);
#517 = CARTESIAN_POINT('',(2.6924,0.,0.53086));
#518 = CIRCLE('',#519,0.53086);
#519 = AXIS2_PLACEMENT_3D('',#520,#521,#522);
#520 = CARTESIAN_POINT('',(2.6924,0.,0.));
#521 = DIRECTION('',(-1.,0.,-0.));
#522 = DIRECTION('',(-0.,0.,1.));
#523 = ORIENTED_EDGE('',*,*,#524,.F.);
#524 = EDGE_CURVE('',#497,#516,#525,.T.);
#525 = LINE('',#526,#527);
#526 = CARTESIAN_POINT('',(0.,0.,0.53086));
#527 = VECTOR('',#528,1.);
#528 = DIRECTION('',(-1.,-0.,-0.));
#529 = CYLINDRICAL_SURFACE('',#530,0.53086);
#530 = AXIS2_PLACEMENT_3D('',#531,#532,#533);
#531 = CARTESIAN_POINT('',(0.,0.,0.));
#532 = DIRECTION('',(-1.,-0.,-0.));
#533 = DIRECTION('',(-0.,0.,1.));
#534 = ADVANCED_FACE('',(#535),#561,.T.);
#535 = FACE_BOUND('',#536,.T.);
#536 = EDGE_LOOP('',(#537,#548,#554,#555));
#537 = ORIENTED_EDGE('',*,*,#538,.T.);
#538 = EDGE_CURVE('',#539,#541,#543,.T.);
#539 = VERTEX_POINT('',#540);
#540 = CARTESIAN_POINT('',(5.0038,0.,0.4572));
#541 = VERTEX_POINT('',#542);
#542 = CARTESIAN_POINT('',(5.0038,6.050122581828E-17,-0.4572));
#543 = CIRCLE('',#544,0.4572);
#544 = AXIS2_PLACEMENT_3D('',#545,#546,#547);
#545 = CARTESIAN_POINT('',(5.0038,0.,0.));
#546 = DIRECTION('',(-1.,0.,-0.));
#547 = DIRECTION('',(-0.,0.,1.));
#548 = ORIENTED_EDGE('',*,*,#549,.T.);
#549 = EDGE_CURVE('',#541,#499,#550,.T.);
#550 = LINE('',#551,#552);
#551 = CARTESIAN_POINT('',(5.0038,5.599085165702E-17,-0.4572));
#552 = VECTOR('',#553,1.);
#553 = DIRECTION('',(-0.981819220437,2.324604746923E-17,-0.189818382618)
  );
#554 = ORIENTED_EDGE('',*,*,#496,.F.);
#555 = ORIENTED_EDGE('',*,*,#556,.F.);
#556 = EDGE_CURVE('',#539,#497,#557,.T.);
#557 = LINE('',#558,#559);
#558 = CARTESIAN_POINT('',(5.0038,0.,0.4572));
#559 = VECTOR('',#560,1.);
#560 = DIRECTION('',(-0.981819220437,0.,0.189818382618));
#561 = CONICAL_SURFACE('',#562,0.4572,0.190977162751);
#562 = AXIS2_PLACEMENT_3D('',#563,#564,#565);
#563 = CARTESIAN_POINT('',(5.0038,0.,0.));
#564 = DIRECTION('',(-1.,-0.,-0.));
#565 = DIRECTION('',(-0.,0.,1.));
#566 = ADVANCED_FACE('',(#567),#577,.F.);
#567 = FACE_BOUND('',#568,.T.);
#568 = EDGE_LOOP('',(#569,#570));
#569 = ORIENTED_EDGE('',*,*,#538,.F.);
#570 = ORIENTED_EDGE('',*,*,#571,.F.);
#571 = EDGE_CURVE('',#541,#539,#572,.T.);
#572 = CIRCLE('',#573,0.4572);
#573 = AXIS2_PLACEMENT_3D('',#574,#575,#576);
#574 = CARTESIAN_POINT('',(5.0038,0.,0.));
#575 = DIRECTION('',(-1.,0.,-0.));
#576 = DIRECTION('',(-0.,0.,1.));
#577 = PLANE('',#578);
#578 = AXIS2_PLACEMENT_3D('',#579,#580,#581);
#579 = CARTESIAN_POINT('',(5.0038,0.,0.));
#580 = DIRECTION('',(-1.,0.,-0.));
#581 = DIRECTION('',(0.,0.,1.));
#582 = ADVANCED_FACE('',(#583),#595,.T.);
#583 = FACE_BOUND('',#584,.T.);
#584 = EDGE_LOOP('',(#585,#586,#587,#588));
#585 = ORIENTED_EDGE('',*,*,#549,.F.);
#586 = ORIENTED_EDGE('',*,*,#571,.T.);
#587 = ORIENTED_EDGE('',*,*,#556,.T.);
#588 = ORIENTED_EDGE('',*,*,#589,.F.);
#589 = EDGE_CURVE('',#499,#497,#590,.T.);
#590 = CIRCLE('',#591,0.53086);
#591 = AXIS2_PLACEMENT_3D('',#592,#593,#594);
#592 = CARTESIAN_POINT('',(4.6228,0.,0.));
#593 = DIRECTION('',(-1.,0.,-0.));
#594 = DIRECTION('',(-0.,0.,1.));
#595 = CONICAL_SURFACE('',#596,0.4572,0.190977162751);
#596 = AXIS2_PLACEMENT_3D('',#597,#598,#599);
#597 = CARTESIAN_POINT('',(5.0038,0.,0.));
#598 = DIRECTION('',(-1.,-0.,-0.));
#599 = DIRECTION('',(-0.,0.,1.));
#600 = ADVANCED_FACE('',(#601),#613,.T.);
#601 = FACE_BOUND('',#602,.T.);
#602 = EDGE_LOOP('',(#603,#604,#605,#606));
#603 = ORIENTED_EDGE('',*,*,#507,.F.);
#604 = ORIENTED_EDGE('',*,*,#589,.T.);
#605 = ORIENTED_EDGE('',*,*,#524,.T.);
#606 = ORIENTED_EDGE('',*,*,#607,.F.);
#607 = EDGE_CURVE('',#508,#516,#608,.T.);
#608 = CIRCLE('',#609,0.53086);
#609 = AXIS2_PLACEMENT_3D('',#610,#611,#612);
#610 = CARTESIAN_POINT('',(2.6924,0.,0.));
#611 = DIRECTION('',(-1.,0.,-0.));
#612 = DIRECTION('',(-0.,0.,1.));
#613 = CYLINDRICAL_SURFACE('',#614,0.53086);
#614 = AXIS2_PLACEMENT_3D('',#615,#616,#617);
#615 = CARTESIAN_POINT('',(0.,0.,0.));
#616 = DIRECTION('',(-1.,-0.,-0.));
#617 = DIRECTION('',(-0.,0.,1.));
#618 = ADVANCED_FACE('',(#619,#629),#633,.F.);
#619 = FACE_BOUND('',#620,.T.);
#620 = EDGE_LOOP('',(#621,#622));
#621 = ORIENTED_EDGE('',*,*,#464,.F.);
#622 = ORIENTED_EDGE('',*,*,#623,.F.);
#623 = EDGE_CURVE('',#467,#465,#624,.T.);
#624 = CIRCLE('',#625,0.705305909488);
#625 = AXIS2_PLACEMENT_3D('',#626,#627,#628);
#626 = CARTESIAN_POINT('',(2.6924,0.,0.));
#627 = DIRECTION('',(-1.,0.,-0.));
#628 = DIRECTION('',(-0.,0.,1.));
#629 = FACE_BOUND('',#630,.T.);
#630 = EDGE_LOOP('',(#631,#632));
#631 = ORIENTED_EDGE('',*,*,#515,.T.);
#632 = ORIENTED_EDGE('',*,*,#607,.T.);
#633 = PLANE('',#634);
#634 = AXIS2_PLACEMENT_3D('',#635,#636,#637);
#635 = CARTESIAN_POINT('',(2.6924,0.705305909488,0.));
#636 = DIRECTION('',(-1.,0.,-0.));
#637 = DIRECTION('',(0.,0.,1.));
#638 = ADVANCED_FACE('',(#639),#651,.T.);
#639 = FACE_BOUND('',#640,.T.);
#640 = EDGE_LOOP('',(#641,#642,#643,#644));
#641 = ORIENTED_EDGE('',*,*,#475,.F.);
#642 = ORIENTED_EDGE('',*,*,#623,.T.);
#643 = ORIENTED_EDGE('',*,*,#482,.T.);
#644 = ORIENTED_EDGE('',*,*,#645,.F.);
#645 = EDGE_CURVE('',#435,#433,#646,.T.);
#646 = CIRCLE('',#647,0.7493);
#647 = AXIS2_PLACEMENT_3D('',#648,#649,#650);
#648 = CARTESIAN_POINT('',(2.6162,0.,0.));
#649 = DIRECTION('',(-1.,0.,-0.));
#650 = DIRECTION('',(-0.,0.,1.));
#651 = CONICAL_SURFACE('',#652,0.705305909488,0.523598775598);
#652 = AXIS2_PLACEMENT_3D('',#653,#654,#655);
#653 = CARTESIAN_POINT('',(2.6924,0.,0.));
#654 = DIRECTION('',(-1.,-0.,-0.));
#655 = DIRECTION('',(-0.,0.,1.));
#656 = ADVANCED_FACE('',(#657),#669,.T.);
#657 = FACE_BOUND('',#658,.T.);
#658 = EDGE_LOOP('',(#659,#660,#661,#662));
#659 = ORIENTED_EDGE('',*,*,#443,.F.);
#660 = ORIENTED_EDGE('',*,*,#645,.T.);
#661 = ORIENTED_EDGE('',*,*,#450,.T.);
#662 = ORIENTED_EDGE('',*,*,#663,.F.);
#663 = EDGE_CURVE('',#393,#391,#664,.T.);
#664 = CIRCLE('',#665,0.7493);
#665 = AXIS2_PLACEMENT_3D('',#666,#667,#668);
#666 = CARTESIAN_POINT('',(1.354585226281,0.,0.));
#667 = DIRECTION('',(-1.,0.,-0.));
#668 = DIRECTION('',(-0.,0.,1.));
#669 = CYLINDRICAL_SURFACE('',#670,0.7493);
#670 = AXIS2_PLACEMENT_3D('',#671,#672,#673);
#671 = CARTESIAN_POINT('',(0.,0.,0.));
#672 = DIRECTION('',(-1.,-0.,-0.));
#673 = DIRECTION('',(-0.,0.,1.));
#674 = ADVANCED_FACE('',(#675),#687,.T.);
#675 = FACE_BOUND('',#676,.T.);
#676 = EDGE_LOOP('',(#677,#678,#679,#680));
#677 = ORIENTED_EDGE('',*,*,#401,.F.);
#678 = ORIENTED_EDGE('',*,*,#663,.T.);
#679 = ORIENTED_EDGE('',*,*,#418,.T.);
#680 = ORIENTED_EDGE('',*,*,#681,.F.);
#681 = EDGE_CURVE('',#402,#410,#682,.T.);
#682 = CIRCLE('',#683,0.8128);
#683 = AXIS2_PLACEMENT_3D('',#684,#685,#686);
#684 = CARTESIAN_POINT('',(1.1176,0.,0.));
#685 = DIRECTION('',(-1.,0.,-0.));
#686 = DIRECTION('',(-0.,0.,1.));
#687 = CONICAL_SURFACE('',#688,0.7493,0.261799387799);
#688 = AXIS2_PLACEMENT_3D('',#689,#690,#691);
#689 = CARTESIAN_POINT('',(1.354585226281,0.,0.));
#690 = DIRECTION('',(-1.,-0.,-0.));
#691 = DIRECTION('',(-0.,0.,1.));
#692 = ADVANCED_FACE('',(#693,#703),#707,.F.);
#693 = FACE_BOUND('',#694,.T.);
#694 = EDGE_LOOP('',(#695,#696));
#695 = ORIENTED_EDGE('',*,*,#348,.F.);
#696 = ORIENTED_EDGE('',*,*,#697,.F.);
#697 = EDGE_CURVE('',#351,#349,#698,.T.);
#698 = CIRCLE('',#699,0.7747);
#699 = AXIS2_PLACEMENT_3D('',#700,#701,#702);
#700 = CARTESIAN_POINT('',(1.1176,0.,0.));
#701 = DIRECTION('',(-1.,0.,-0.));
#702 = DIRECTION('',(-0.,0.,1.));
#703 = FACE_BOUND('',#704,.T.);
#704 = EDGE_LOOP('',(#705,#706));
#705 = ORIENTED_EDGE('',*,*,#409,.T.);
#706 = ORIENTED_EDGE('',*,*,#681,.T.);
#707 = PLANE('',#708);
#708 = AXIS2_PLACEMENT_3D('',#709,#710,#711);
#709 = CARTESIAN_POINT('',(1.1176,0.7747,0.));
#710 = DIRECTION('',(1.,0.,0.));
#711 = DIRECTION('',(0.,0.,-1.));
#712 = ADVANCED_FACE('',(#713),#725,.T.);
#713 = FACE_BOUND('',#714,.T.);
#714 = EDGE_LOOP('',(#715,#716,#717,#718));
#715 = ORIENTED_EDGE('',*,*,#359,.F.);
#716 = ORIENTED_EDGE('',*,*,#697,.T.);
#717 = ORIENTED_EDGE('',*,*,#376,.T.);
#718 = ORIENTED_EDGE('',*,*,#719,.F.);
#719 = EDGE_CURVE('',#360,#368,#720,.T.);
#720 = CIRCLE('',#721,0.7747);
#721 = AXIS2_PLACEMENT_3D('',#722,#723,#724);
#722 = CARTESIAN_POINT('',(0.4064,0.,0.));
#723 = DIRECTION('',(-1.,0.,-0.));
#724 = DIRECTION('',(-0.,0.,1.));
#725 = CYLINDRICAL_SURFACE('',#726,0.7747);
#726 = AXIS2_PLACEMENT_3D('',#727,#728,#729);
#727 = CARTESIAN_POINT('',(0.,0.,0.));
#728 = DIRECTION('',(-1.,-0.,-0.));
#729 = DIRECTION('',(-0.,0.,1.));
#730 = ADVANCED_FACE('',(#731,#741),#745,.F.);
#731 = FACE_BOUND('',#732,.T.);
#732 = EDGE_LOOP('',(#733,#734));
#733 = ORIENTED_EDGE('',*,*,#306,.F.);
#734 = ORIENTED_EDGE('',*,*,#735,.F.);
#735 = EDGE_CURVE('',#309,#307,#736,.T.);
#736 = CIRCLE('',#737,0.9144);
#737 = AXIS2_PLACEMENT_3D('',#738,#739,#740);
#738 = CARTESIAN_POINT('',(0.4064,0.,0.));
#739 = DIRECTION('',(-1.,0.,-0.));
#740 = DIRECTION('',(-0.,0.,1.));
#741 = FACE_BOUND('',#742,.T.);
#742 = EDGE_LOOP('',(#743,#744));
#743 = ORIENTED_EDGE('',*,*,#367,.T.);
#744 = ORIENTED_EDGE('',*,*,#719,.T.);
#745 = PLANE('',#746);
#746 = AXIS2_PLACEMENT_3D('',#747,#748,#749);
#747 = CARTESIAN_POINT('',(0.4064,0.9144,0.));
#748 = DIRECTION('',(-1.,0.,-0.));
#749 = DIRECTION('',(0.,0.,1.));
#750 = ADVANCED_FACE('',(#751),#763,.T.);
#751 = FACE_BOUND('',#752,.T.);
#752 = EDGE_LOOP('',(#753,#754,#755,#756));
#753 = ORIENTED_EDGE('',*,*,#317,.F.);
#754 = ORIENTED_EDGE('',*,*,#735,.T.);
#755 = ORIENTED_EDGE('',*,*,#334,.T.);
#756 = ORIENTED_EDGE('',*,*,#757,.F.);
#757 = EDGE_CURVE('',#318,#326,#758,.T.);
#758 = CIRCLE('',#759,0.9144);
#759 = AXIS2_PLACEMENT_3D('',#760,#761,#762);
#760 = CARTESIAN_POINT('',(0.,0.,0.));
#761 = DIRECTION('',(-1.,0.,-0.));
#762 = DIRECTION('',(-0.,0.,1.));
#763 = CYLINDRICAL_SURFACE('',#764,0.9144);
#764 = AXIS2_PLACEMENT_3D('',#765,#766,#767);
#765 = CARTESIAN_POINT('',(0.,0.,0.));
#766 = DIRECTION('',(-1.,-0.,-0.));
#767 = DIRECTION('',(-0.,0.,1.));
#768 = ADVANCED_FACE('',(#769),#773,.F.);
#769 = FACE_BOUND('',#770,.T.);
#770 = EDGE_LOOP('',(#771,#772));
#771 = ORIENTED_EDGE('',*,*,#325,.T.);
#772 = ORIENTED_EDGE('',*,*,#757,.T.);
#773 = PLANE('',#774);
#774 = AXIS2_PLACEMENT_3D('',#775,#776,#777);
#775 = CARTESIAN_POINT('',(0.,0.,0.));
#776 = DIRECTION('',(1.,0.,0.));
#777 = DIRECTION('',(0.,0.,-1.));
#778 = ( GEOMETRIC_REPRESENTATION_CONTEXT(3) 
GLOBAL_UNCERTAINTY_ASSIGNED_CONTEXT((#782)) GLOBAL_UNIT_ASSIGNED_CONTEXT
((#779,#780,#781)) REPRESENTATION_CONTEXT('Context #1',
  '3D Context with UNIT and UNCERTAINTY') );
#779 = ( LENGTH_UNIT() NAMED_UNIT(*) SI_UNIT(.MILLI.,.METRE.) );
#780 = ( NAMED_UNIT(*) PLANE_ANGLE_UNIT() SI_UNIT($,.RADIAN.) );
#781 = ( NAMED_UNIT(*) SI_UNIT($,.STERADIAN.) SOLID_ANGLE_UNIT() );
#782 = UNCERTAINTY_MEASURE_WITH_UNIT(LENGTH_MEASURE(1.E-07),#779,
  'distance_accuracy_value','confusion accuracy');
#783 = CONTEXT_DEPENDENT_SHAPE_REPRESENTATION(#784,#786);
#784 = ( REPRESENTATION_RELATIONSHIP('','',#299,#276) 
REPRESENTATION_RELATIONSHIP_WITH_TRANSFORMATION(#785) 
SHAPE_REPRESENTATION_RELATIONSHIP() );
#785 = ITEM_DEFINED_TRANSFORMATION('','',#11,#277);
#786 = PRODUCT_DEFINITION_SHAPE('Placement','Placement of an item',#787
  );
#787 = NEXT_ASSEMBLY_USAGE_OCCURRENCE('1','=>[0:1:1:3]','',#271,#294,$);
#788 = PRODUCT_RELATED_PRODUCT_CATEGORY('part',$,(#296));
#789 = CONTEXT_DEPENDENT_SHAPE_REPRESENTATION(#790,#792);
#790 = ( REPRESENTATION_RELATIONSHIP('','',#276,#10) 
REPRESENTATION_RELATIONSHIP_WITH_TRANSFORMATION(#791) 
SHAPE_REPRESENTATION_RELATIONSHIP() );
#791 = ITEM_DEFINED_TRANSFORMATION('','',#11,#19);
#792 = PRODUCT_DEFINITION_SHAPE('Placement','Placement of an item',#793
  );
#793 = NEXT_ASSEMBLY_USAGE_OCCURRENCE('3','J50','',#5,#271,$);
#794 = CONTEXT_DEPENDENT_SHAPE_REPRESENTATION(#795,#797);
#795 = ( REPRESENTATION_RELATIONSHIP('','',#276,#10) 
REPRESENTATION_RELATIONSHIP_WITH_TRANSFORMATION(#796) 
SHAPE_REPRESENTATION_RELATIONSHIP() );
#796 = ITEM_DEFINED_TRANSFORMATION('','',#11,#23);
#797 = PRODUCT_DEFINITION_SHAPE('Placement','Placement of an item',#798
  );
#798 = NEXT_ASSEMBLY_USAGE_OCCURRENCE('4','J57','',#5,#271,$);
#799 = CONTEXT_DEPENDENT_SHAPE_REPRESENTATION(#800,#802);
#800 = ( REPRESENTATION_RELATIONSHIP('','',#276,#10) 
REPRESENTATION_RELATIONSHIP_WITH_TRANSFORMATION(#801) 
SHAPE_REPRESENTATION_RELATIONSHIP() );
#801 = ITEM_DEFINED_TRANSFORMATION('','',#11,#27);
#802 = PRODUCT_DEFINITION_SHAPE('Placement','Placement of an item',#803
  );
#803 = NEXT_ASSEMBLY_USAGE_OCCURRENCE('5','J54','',#5,#271,$);
#804 = CONTEXT_DEPENDENT_SHAPE_REPRESENTATION(#805,#807);
#805 = ( REPRESENTATION_RELATIONSHIP('','',#276,#10) 
REPRESENTATION_RELATIONSHIP_WITH_TRANSFORMATION(#806) 
SHAPE_REPRESENTATION_RELATIONSHIP() );
#806 = ITEM_DEFINED_TRANSFORMATION('','',#11,#31);
#807 = PRODUCT_DEFINITION_SHAPE('Placement','Placement of an item',#808
  );
#808 = NEXT_ASSEMBLY_USAGE_OCCURRENCE('6','J9','',#5,#271,$);
#809 = CONTEXT_DEPENDENT_SHAPE_REPRESENTATION(#810,#812);
#810 = ( REPRESENTATION_RELATIONSHIP('','',#276,#10) 
REPRESENTATION_RELATIONSHIP_WITH_TRANSFORMATION(#811) 
SHAPE_REPRESENTATION_RELATIONSHIP() );
#811 = ITEM_DEFINED_TRANSFORMATION('','',#11,#35);
#812 = PRODUCT_DEFINITION_SHAPE('Placement','Placement of an item',#813
  );
#813 = NEXT_ASSEMBLY_USAGE_OCCURRENCE('7','J29','',#5,#271,$);
#814 = CONTEXT_DEPENDENT_SHAPE_REPRESENTATION(#815,#817);
#815 = ( REPRESENTATION_RELATIONSHIP('','',#276,#10) 
REPRESENTATION_RELATIONSHIP_WITH_TRANSFORMATION(#816) 
SHAPE_REPRESENTATION_RELATIONSHIP() );
#816 = ITEM_DEFINED_TRANSFORMATION('','',#11,#39);
#817 = PRODUCT_DEFINITION_SHAPE('Placement','Placement of an item',#818
  );
#818 = NEXT_ASSEMBLY_USAGE_OCCURRENCE('8','J22','',#5,#271,$);
#819 = CONTEXT_DEPENDENT_SHAPE_REPRESENTATION(#820,#822);
#820 = ( REPRESENTATION_RELATIONSHIP('','',#276,#10) 
REPRESENTATION_RELATIONSHIP_WITH_TRANSFORMATION(#821) 
SHAPE_REPRESENTATION_RELATIONSHIP() );
#821 = ITEM_DEFINED_TRANSFORMATION('','',#11,#43);
#822 = PRODUCT_DEFINITION_SHAPE('Placement','Placement of an item',#823
  );
#823 = NEXT_ASSEMBLY_USAGE_OCCURRENCE('9','J49','',#5,#271,$);
#824 = CONTEXT_DEPENDENT_SHAPE_REPRESENTATION(#825,#827);
#825 = ( REPRESENTATION_RELATIONSHIP('','',#276,#10) 
REPRESENTATION_RELATIONSHIP_WITH_TRANSFORMATION(#826) 
SHAPE_REPRESENTATION_RELATIONSHIP() );
#826 = ITEM_DEFINED_TRANSFORMATION('','',#11,#47);
#827 = PRODUCT_DEFINITION_SHAPE('Placement','Placement of an item',#828
  );
#828 = NEXT_ASSEMBLY_USAGE_OCCURRENCE('10','J52','',#5,#271,$);
#829 = CONTEXT_DEPENDENT_SHAPE_REPRESENTATION(#830,#832);
#830 = ( REPRESENTATION_RELATIONSHIP('','',#276,#10) 
REPRESENTATION_RELATIONSHIP_WITH_TRANSFORMATION(#831) 
SHAPE_REPRESENTATION_RELATIONSHIP() );
#831 = ITEM_DEFINED_TRANSFORMATION('','',#11,#51);
#832 = PRODUCT_DEFINITION_SHAPE('Placement','Placement of an item',#833
  );
#833 = NEXT_ASSEMBLY_USAGE_OCCURRENCE('11','J35','',#5,#271,$);
#834 = CONTEXT_DEPENDENT_SHAPE_REPRESENTATION(#835,#837);
#835 = ( REPRESENTATION_RELATIONSHIP('','',#276,#10) 
REPRESENTATION_RELATIONSHIP_WITH_TRANSFORMATION(#836) 
SHAPE_REPRESENTATION_RELATIONSHIP() );
#836 = ITEM_DEFINED_TRANSFORMATION('','',#11,#55);
#837 = PRODUCT_DEFINITION_SHAPE('Placement','Placement of an item',#838
  );
#838 = NEXT_ASSEMBLY_USAGE_OCCURRENCE('12','J15','',#5,#271,$);
#839 = CONTEXT_DEPENDENT_SHAPE_REPRESENTATION(#840,#842);
#840 = ( REPRESENTATION_RELATIONSHIP('','',#276,#10) 
REPRESENTATION_RELATIONSHIP_WITH_TRANSFORMATION(#841) 
SHAPE_REPRESENTATION_RELATIONSHIP() );
#841 = ITEM_DEFINED_TRANSFORMATION('','',#11,#59);
#842 = PRODUCT_DEFINITION_SHAPE('Placement','Placement of an item',#843
  );
#843 = NEXT_ASSEMBLY_USAGE_OCCURRENCE('13','J32','',#5,#271,$);
#844 = CONTEXT_DEPENDENT_SHAPE_REPRESENTATION(#845,#847);
#845 = ( REPRESENTATION_RELATIONSHIP('','',#276,#10) 
REPRESENTATION_RELATIONSHIP_WITH_TRANSFORMATION(#846) 
SHAPE_REPRESENTATION_RELATIONSHIP() );
#846 = ITEM_DEFINED_TRANSFORMATION('','',#11,#63);
#847 = PRODUCT_DEFINITION_SHAPE('Placement','Placement of an item',#848
  );
#848 = NEXT_ASSEMBLY_USAGE_OCCURRENCE('14','J42','',#5,#271,$);
#849 = CONTEXT_DEPENDENT_SHAPE_REPRESENTATION(#850,#852);
#850 = ( REPRESENTATION_RELATIONSHIP('','',#276,#10) 
REPRESENTATION_RELATIONSHIP_WITH_TRANSFORMATION(#851) 
SHAPE_REPRESENTATION_RELATIONSHIP() );
#851 = ITEM_DEFINED_TRANSFORMATION('','',#11,#67);
#852 = PRODUCT_DEFINITION_SHAPE('Placement','Placement of an item',#853
  );
#853 = NEXT_ASSEMBLY_USAGE_OCCURRENCE('15','J47','',#5,#271,$);
#854 = CONTEXT_DEPENDENT_SHAPE_REPRESENTATION(#855,#857);
#855 = ( REPRESENTATION_RELATIONSHIP('','',#276,#10) 
REPRESENTATION_RELATIONSHIP_WITH_TRANSFORMATION(#856) 
SHAPE_REPRESENTATION_RELATIONSHIP() );
#856 = ITEM_DEFINED_TRANSFORMATION('','',#11,#71);
#857 = PRODUCT_DEFINITION_SHAPE('Placement','Placement of an item',#858
  );
#858 = NEXT_ASSEMBLY_USAGE_OCCURRENCE('16','J16','',#5,#271,$);
#859 = CONTEXT_DEPENDENT_SHAPE_REPRESENTATION(#860,#862);
#860 = ( REPRESENTATION_RELATIONSHIP('','',#276,#10) 
REPRESENTATION_RELATIONSHIP_WITH_TRANSFORMATION(#861) 
SHAPE_REPRESENTATION_RELATIONSHIP() );
#861 = ITEM_DEFINED_TRANSFORMATION('','',#11,#75);
#862 = PRODUCT_DEFINITION_SHAPE('Placement','Placement of an item',#863
  );
#863 = NEXT_ASSEMBLY_USAGE_OCCURRENCE('17','J34','',#5,#271,$);
#864 = CONTEXT_DEPENDENT_SHAPE_REPRESENTATION(#865,#867);
#865 = ( REPRESENTATION_RELATIONSHIP('','',#276,#10) 
REPRESENTATION_RELATIONSHIP_WITH_TRANSFORMATION(#866) 
SHAPE_REPRESENTATION_RELATIONSHIP() );
#866 = ITEM_DEFINED_TRANSFORMATION('','',#11,#79);
#867 = PRODUCT_DEFINITION_SHAPE('Placement','Placement of an item',#868
  );
#868 = NEXT_ASSEMBLY_USAGE_OCCURRENCE('18','J13','',#5,#271,$);
#869 = CONTEXT_DEPENDENT_SHAPE_REPRESENTATION(#870,#872);
#870 = ( REPRESENTATION_RELATIONSHIP('','',#276,#10) 
REPRESENTATION_RELATIONSHIP_WITH_TRANSFORMATION(#871) 
SHAPE_REPRESENTATION_RELATIONSHIP() );
#871 = ITEM_DEFINED_TRANSFORMATION('','',#11,#83);
#872 = PRODUCT_DEFINITION_SHAPE('Placement','Placement of an item',#873
  );
#873 = NEXT_ASSEMBLY_USAGE_OCCURRENCE('19','J59','',#5,#271,$);
#874 = CONTEXT_DEPENDENT_SHAPE_REPRESENTATION(#875,#877);
#875 = ( REPRESENTATION_RELATIONSHIP('','',#276,#10) 
REPRESENTATION_RELATIONSHIP_WITH_TRANSFORMATION(#876) 
SHAPE_REPRESENTATION_RELATIONSHIP() );
#876 = ITEM_DEFINED_TRANSFORMATION('','',#11,#87);
#877 = PRODUCT_DEFINITION_SHAPE('Placement','Placement of an item',#878
  );
#878 = NEXT_ASSEMBLY_USAGE_OCCURRENCE('20','J11','',#5,#271,$);
#879 = CONTEXT_DEPENDENT_SHAPE_REPRESENTATION(#880,#882);
#880 = ( REPRESENTATION_RELATIONSHIP('','',#276,#10) 
REPRESENTATION_RELATIONSHIP_WITH_TRANSFORMATION(#881) 
SHAPE_REPRESENTATION_RELATIONSHIP() );
#881 = ITEM_DEFINED_TRANSFORMATION('','',#11,#91);
#882 = PRODUCT_DEFINITION_SHAPE('Placement','Placement of an item',#883
  );
#883 = NEXT_ASSEMBLY_USAGE_OCCURRENCE('21','J20','',#5,#271,$);
#884 = CONTEXT_DEPENDENT_SHAPE_REPRESENTATION(#885,#887);
#885 = ( REPRESENTATION_RELATIONSHIP('','',#276,#10) 
REPRESENTATION_RELATIONSHIP_WITH_TRANSFORMATION(#886) 
SHAPE_REPRESENTATION_RELATIONSHIP() );
#886 = ITEM_DEFINED_TRANSFORMATION('','',#11,#95);
#887 = PRODUCT_DEFINITION_SHAPE('Placement','Placement of an item',#888
  );
#888 = NEXT_ASSEMBLY_USAGE_OCCURRENCE('22','J39','',#5,#271,$);
#889 = CONTEXT_DEPENDENT_SHAPE_REPRESENTATION(#890,#892);
#890 = ( REPRESENTATION_RELATIONSHIP('','',#276,#10) 
REPRESENTATION_RELATIONSHIP_WITH_TRANSFORMATION(#891) 
SHAPE_REPRESENTATION_RELATIONSHIP() );
#891 = ITEM_DEFINED_TRANSFORMATION('','',#11,#99);
#892 = PRODUCT_DEFINITION_SHAPE('Placement','Placement of an item',#893
  );
#893 = NEXT_ASSEMBLY_USAGE_OCCURRENCE('23','J7','',#5,#271,$);
#894 = CONTEXT_DEPENDENT_SHAPE_REPRESENTATION(#895,#897);
#895 = ( REPRESENTATION_RELATIONSHIP('','',#276,#10) 
REPRESENTATION_RELATIONSHIP_WITH_TRANSFORMATION(#896) 
SHAPE_REPRESENTATION_RELATIONSHIP() );
#896 = ITEM_DEFINED_TRANSFORMATION('','',#11,#103);
#897 = PRODUCT_DEFINITION_SHAPE('Placement','Placement of an item',#898
  );
#898 = NEXT_ASSEMBLY_USAGE_OCCURRENCE('24','J46','',#5,#271,$);
#899 = CONTEXT_DEPENDENT_SHAPE_REPRESENTATION(#900,#902);
#900 = ( REPRESENTATION_RELATIONSHIP('','',#276,#10) 
REPRESENTATION_RELATIONSHIP_WITH_TRANSFORMATION(#901) 
SHAPE_REPRESENTATION_RELATIONSHIP() );
#901 = ITEM_DEFINED_TRANSFORMATION('','',#11,#107);
#902 = PRODUCT_DEFINITION_SHAPE('Placement','Placement of an item',#903
  );
#903 = NEXT_ASSEMBLY_USAGE_OCCURRENCE('25','J5','',#5,#271,$);
#904 = CONTEXT_DEPENDENT_SHAPE_REPRESENTATION(#905,#907);
#905 = ( REPRESENTATION_RELATIONSHIP('','',#276,#10) 
REPRESENTATION_RELATIONSHIP_WITH_TRANSFORMATION(#906) 
SHAPE_REPRESENTATION_RELATIONSHIP() );
#906 = ITEM_DEFINED_TRANSFORMATION('','',#11,#111);
#907 = PRODUCT_DEFINITION_SHAPE('Placement','Placement of an item',#908
  );
#908 = NEXT_ASSEMBLY_USAGE_OCCURRENCE('26','J41','',#5,#271,$);
#909 = CONTEXT_DEPENDENT_SHAPE_REPRESENTATION(#910,#912);
#910 = ( REPRESENTATION_RELATIONSHIP('','',#276,#10) 
REPRESENTATION_RELATIONSHIP_WITH_TRANSFORMATION(#911) 
SHAPE_REPRESENTATION_RELATIONSHIP() );
#911 = ITEM_DEFINED_TRANSFORMATION('','',#11,#115);
#912 = PRODUCT_DEFINITION_SHAPE('Placement','Placement of an item',#913
  );
#913 = NEXT_ASSEMBLY_USAGE_OCCURRENCE('27','J43','',#5,#271,$);
#914 = CONTEXT_DEPENDENT_SHAPE_REPRESENTATION(#915,#917);
#915 = ( REPRESENTATION_RELATIONSHIP('','',#276,#10) 
REPRESENTATION_RELATIONSHIP_WITH_TRANSFORMATION(#916) 
SHAPE_REPRESENTATION_RELATIONSHIP() );
#916 = ITEM_DEFINED_TRANSFORMATION('','',#11,#119);
#917 = PRODUCT_DEFINITION_SHAPE('Placement','Placement of an item',#918
  );
#918 = NEXT_ASSEMBLY_USAGE_OCCURRENCE('28','J37','',#5,#271,$);
#919 = CONTEXT_DEPENDENT_SHAPE_REPRESENTATION(#920,#922);
#920 = ( REPRESENTATION_RELATIONSHIP('','',#276,#10) 
REPRESENTATION_RELATIONSHIP_WITH_TRANSFORMATION(#921) 
SHAPE_REPRESENTATION_RELATIONSHIP() );
#921 = ITEM_DEFINED_TRANSFORMATION('','',#11,#123);
#922 = PRODUCT_DEFINITION_SHAPE('Placement','Placement of an item',#923
  );
#923 = NEXT_ASSEMBLY_USAGE_OCCURRENCE('29','J30','',#5,#271,$);
#924 = CONTEXT_DEPENDENT_SHAPE_REPRESENTATION(#925,#927);
#925 = ( REPRESENTATION_RELATIONSHIP('','',#276,#10) 
REPRESENTATION_RELATIONSHIP_WITH_TRANSFORMATION(#926) 
SHAPE_REPRESENTATION_RELATIONSHIP() );
#926 = ITEM_DEFINED_TRANSFORMATION('','',#11,#127);
#927 = PRODUCT_DEFINITION_SHAPE('Placement','Placement of an item',#928
  );
#928 = NEXT_ASSEMBLY_USAGE_OCCURRENCE('30','J1','',#5,#271,$);
#929 = CONTEXT_DEPENDENT_SHAPE_REPRESENTATION(#930,#932);
#930 = ( REPRESENTATION_RELATIONSHIP('','',#276,#10) 
REPRESENTATION_RELATIONSHIP_WITH_TRANSFORMATION(#931) 
SHAPE_REPRESENTATION_RELATIONSHIP() );
#931 = ITEM_DEFINED_TRANSFORMATION('','',#11,#131);
#932 = PRODUCT_DEFINITION_SHAPE('Placement','Placement of an item',#933
  );
#933 = NEXT_ASSEMBLY_USAGE_OCCURRENCE('31','J19','',#5,#271,$);
#934 = CONTEXT_DEPENDENT_SHAPE_REPRESENTATION(#935,#937);
#935 = ( REPRESENTATION_RELATIONSHIP('','',#276,#10) 
REPRESENTATION_RELATIONSHIP_WITH_TRANSFORMATION(#936) 
SHAPE_REPRESENTATION_RELATIONSHIP() );
#936 = ITEM_DEFINED_TRANSFORMATION('','',#11,#135);
#937 = PRODUCT_DEFINITION_SHAPE('Placement','Placement of an item',#938
  );
#938 = NEXT_ASSEMBLY_USAGE_OCCURRENCE('32','J21','',#5,#271,$);
#939 = CONTEXT_DEPENDENT_SHAPE_REPRESENTATION(#940,#942);
#940 = ( REPRESENTATION_RELATIONSHIP('','',#276,#10) 
REPRESENTATION_RELATIONSHIP_WITH_TRANSFORMATION(#941) 
SHAPE_REPRESENTATION_RELATIONSHIP() );
#941 = ITEM_DEFINED_TRANSFORMATION('','',#11,#139);
#942 = PRODUCT_DEFINITION_SHAPE('Placement','Placement of an item',#943
  );
#943 = NEXT_ASSEMBLY_USAGE_OCCURRENCE('33','J17','',#5,#271,$);
#944 = CONTEXT_DEPENDENT_SHAPE_REPRESENTATION(#945,#947);
#945 = ( REPRESENTATION_RELATIONSHIP('','',#276,#10) 
REPRESENTATION_RELATIONSHIP_WITH_TRANSFORMATION(#946) 
SHAPE_REPRESENTATION_RELATIONSHIP() );
#946 = ITEM_DEFINED_TRANSFORMATION('','',#11,#143);
#947 = PRODUCT_DEFINITION_SHAPE('Placement','Placement of an item',#948
  );
#948 = NEXT_ASSEMBLY_USAGE_OCCURRENCE('34','J26','',#5,#271,$);
#949 = CONTEXT_DEPENDENT_SHAPE_REPRESENTATION(#950,#952);
#950 = ( REPRESENTATION_RELATIONSHIP('','',#276,#10) 
REPRESENTATION_RELATIONSHIP_WITH_TRANSFORMATION(#951) 
SHAPE_REPRESENTATION_RELATIONSHIP() );
#951 = ITEM_DEFINED_TRANSFORMATION('','',#11,#147);
#952 = PRODUCT_DEFINITION_SHAPE('Placement','Placement of an item',#953
  );
#953 = NEXT_ASSEMBLY_USAGE_OCCURRENCE('35','J14','',#5,#271,$);
#954 = CONTEXT_DEPENDENT_SHAPE_REPRESENTATION(#955,#957);
#955 = ( REPRESENTATION_RELATIONSHIP('','',#276,#10) 
REPRESENTATION_RELATIONSHIP_WITH_TRANSFORMATION(#956) 
SHAPE_REPRESENTATION_RELATIONSHIP() );
#956 = ITEM_DEFINED_TRANSFORMATION('','',#11,#151);
#957 = PRODUCT_DEFINITION_SHAPE('Placement','Placement of an item',#958
  );
#958 = NEXT_ASSEMBLY_USAGE_OCCURRENCE('36','J10','',#5,#271,$);
#959 = CONTEXT_DEPENDENT_SHAPE_REPRESENTATION(#960,#962);
#960 = ( REPRESENTATION_RELATIONSHIP('','',#276,#10) 
REPRESENTATION_RELATIONSHIP_WITH_TRANSFORMATION(#961) 
SHAPE_REPRESENTATION_RELATIONSHIP() );
#961 = ITEM_DEFINED_TRANSFORMATION('','',#11,#155);
#962 = PRODUCT_DEFINITION_SHAPE('Placement','Placement of an item',#963
  );
#963 = NEXT_ASSEMBLY_USAGE_OCCURRENCE('37','J40','',#5,#271,$);
#964 = CONTEXT_DEPENDENT_SHAPE_REPRESENTATION(#965,#967);
#965 = ( REPRESENTATION_RELATIONSHIP('','',#276,#10) 
REPRESENTATION_RELATIONSHIP_WITH_TRANSFORMATION(#966) 
SHAPE_REPRESENTATION_RELATIONSHIP() );
#966 = ITEM_DEFINED_TRANSFORMATION('','',#11,#159);
#967 = PRODUCT_DEFINITION_SHAPE('Placement','Placement of an item',#968
  );
#968 = NEXT_ASSEMBLY_USAGE_OCCURRENCE('38','J48','',#5,#271,$);
#969 = CONTEXT_DEPENDENT_SHAPE_REPRESENTATION(#970,#972);
#970 = ( REPRESENTATION_RELATIONSHIP('','',#276,#10) 
REPRESENTATION_RELATIONSHIP_WITH_TRANSFORMATION(#971) 
SHAPE_REPRESENTATION_RELATIONSHIP() );
#971 = ITEM_DEFINED_TRANSFORMATION('','',#11,#163);
#972 = PRODUCT_DEFINITION_SHAPE('Placement','Placement of an item',#973
  );
#973 = NEXT_ASSEMBLY_USAGE_OCCURRENCE('39','J23','',#5,#271,$);
#974 = CONTEXT_DEPENDENT_SHAPE_REPRESENTATION(#975,#977);
#975 = ( REPRESENTATION_RELATIONSHIP('','',#276,#10) 
REPRESENTATION_RELATIONSHIP_WITH_TRANSFORMATION(#976) 
SHAPE_REPRESENTATION_RELATIONSHIP() );
#976 = ITEM_DEFINED_TRANSFORMATION('','',#11,#167);
#977 = PRODUCT_DEFINITION_SHAPE('Placement','Placement of an item',#978
  );
#978 = NEXT_ASSEMBLY_USAGE_OCCURRENCE('40','J33','',#5,#271,$);
#979 = CONTEXT_DEPENDENT_SHAPE_REPRESENTATION(#980,#982);
#980 = ( REPRESENTATION_RELATIONSHIP('','',#276,#10) 
REPRESENTATION_RELATIONSHIP_WITH_TRANSFORMATION(#981) 
SHAPE_REPRESENTATION_RELATIONSHIP() );
#981 = ITEM_DEFINED_TRANSFORMATION('','',#11,#171);
#982 = PRODUCT_DEFINITION_SHAPE('Placement','Placement of an item',#983
  );
#983 = NEXT_ASSEMBLY_USAGE_OCCURRENCE('41','J2','',#5,#271,$);
#984 = CONTEXT_DEPENDENT_SHAPE_REPRESENTATION(#985,#987);
#985 = ( REPRESENTATION_RELATIONSHIP('','',#276,#10) 
REPRESENTATION_RELATIONSHIP_WITH_TRANSFORMATION(#986) 
SHAPE_REPRESENTATION_RELATIONSHIP() );
#986 = ITEM_DEFINED_TRANSFORMATION('','',#11,#175);
#987 = PRODUCT_DEFINITION_SHAPE('Placement','Placement of an item',#988
  );
#988 = NEXT_ASSEMBLY_USAGE_OCCURRENCE('42','J55','',#5,#271,$);
#989 = CONTEXT_DEPENDENT_SHAPE_REPRESENTATION(#990,#992);
#990 = ( REPRESENTATION_RELATIONSHIP('','',#276,#10) 
REPRESENTATION_RELATIONSHIP_WITH_TRANSFORMATION(#991) 
SHAPE_REPRESENTATION_RELATIONSHIP() );
#991 = ITEM_DEFINED_TRANSFORMATION('','',#11,#179);
#992 = PRODUCT_DEFINITION_SHAPE('Placement','Placement of an item',#993
  );
#993 = NEXT_ASSEMBLY_USAGE_OCCURRENCE('43','J6','',#5,#271,$);
#994 = CONTEXT_DEPENDENT_SHAPE_REPRESENTATION(#995,#997);
#995 = ( REPRESENTATION_RELATIONSHIP('','',#276,#10) 
REPRESENTATION_RELATIONSHIP_WITH_TRANSFORMATION(#996) 
SHAPE_REPRESENTATION_RELATIONSHIP() );
#996 = ITEM_DEFINED_TRANSFORMATION('','',#11,#183);
#997 = PRODUCT_DEFINITION_SHAPE('Placement','Placement of an item',#998
  );
#998 = NEXT_ASSEMBLY_USAGE_OCCURRENCE('44','J12','',#5,#271,$);
#999 = CONTEXT_DEPENDENT_SHAPE_REPRESENTATION(#1000,#1002);
#1000 = ( REPRESENTATION_RELATIONSHIP('','',#276,#10) 
REPRESENTATION_RELATIONSHIP_WITH_TRANSFORMATION(#1001) 
SHAPE_REPRESENTATION_RELATIONSHIP() );
#1001 = ITEM_DEFINED_TRANSFORMATION('','',#11,#187);
#1002 = PRODUCT_DEFINITION_SHAPE('Placement','Placement of an item',
  #1003);
#1003 = NEXT_ASSEMBLY_USAGE_OCCURRENCE('45','J3','',#5,#271,$);
#1004 = CONTEXT_DEPENDENT_SHAPE_REPRESENTATION(#1005,#1007);
#1005 = ( REPRESENTATION_RELATIONSHIP('','',#276,#10) 
REPRESENTATION_RELATIONSHIP_WITH_TRANSFORMATION(#1006) 
SHAPE_REPRESENTATION_RELATIONSHIP() );
#1006 = ITEM_DEFINED_TRANSFORMATION('','',#11,#191);
#1007 = PRODUCT_DEFINITION_SHAPE('Placement','Placement of an item',
  #1008);
#1008 = NEXT_ASSEMBLY_USAGE_OCCURRENCE('46','J45','',#5,#271,$);
#1009 = CONTEXT_DEPENDENT_SHAPE_REPRESENTATION(#1010,#1012);
#1010 = ( REPRESENTATION_RELATIONSHIP('','',#276,#10) 
REPRESENTATION_RELATIONSHIP_WITH_TRANSFORMATION(#1011) 
SHAPE_REPRESENTATION_RELATIONSHIP() );
#1011 = ITEM_DEFINED_TRANSFORMATION('','',#11,#195);
#1012 = PRODUCT_DEFINITION_SHAPE('Placement','Placement of an item',
  #1013);
#1013 = NEXT_ASSEMBLY_USAGE_OCCURRENCE('47','J8','',#5,#271,$);
#1014 = CONTEXT_DEPENDENT_SHAPE_REPRESENTATION(#1015,#1017);
#1015 = ( REPRESENTATION_RELATIONSHIP('','',#276,#10) 
REPRESENTATION_RELATIONSHIP_WITH_TRANSFORMATION(#1016) 
SHAPE_REPRESENTATION_RELATIONSHIP() );
#1016 = ITEM_DEFINED_TRANSFORMATION('','',#11,#199);
#1017 = PRODUCT_DEFINITION_SHAPE('Placement','Placement of an item',
  #1018);
#1018 = NEXT_ASSEMBLY_USAGE_OCCURRENCE('48','J27','',#5,#271,$);
#1019 = CONTEXT_DEPENDENT_SHAPE_REPRESENTATION(#1020,#1022);
#1020 = ( REPRESENTATION_RELATIONSHIP('','',#276,#10) 
REPRESENTATION_RELATIONSHIP_WITH_TRANSFORMATION(#1021) 
SHAPE_REPRESENTATION_RELATIONSHIP() );
#1021 = ITEM_DEFINED_TRANSFORMATION('','',#11,#203);
#1022 = PRODUCT_DEFINITION_SHAPE('Placement','Placement of an item',
  #1023);
#1023 = NEXT_ASSEMBLY_USAGE_OCCURRENCE('49','J36','',#5,#271,$);
#1024 = CONTEXT_DEPENDENT_SHAPE_REPRESENTATION(#1025,#1027);
#1025 = ( REPRESENTATION_RELATIONSHIP('','',#276,#10) 
REPRESENTATION_RELATIONSHIP_WITH_TRANSFORMATION(#1026) 
SHAPE_REPRESENTATION_RELATIONSHIP() );
#1026 = ITEM_DEFINED_TRANSFORMATION('','',#11,#207);
#1027 = PRODUCT_DEFINITION_SHAPE('Placement','Placement of an item',
  #1028);
#1028 = NEXT_ASSEMBLY_USAGE_OCCURRENCE('50','J31','',#5,#271,$);
#1029 = CONTEXT_DEPENDENT_SHAPE_REPRESENTATION(#1030,#1032);
#1030 = ( REPRESENTATION_RELATIONSHIP('','',#276,#10) 
REPRESENTATION_RELATIONSHIP_WITH_TRANSFORMATION(#1031) 
SHAPE_REPRESENTATION_RELATIONSHIP() );
#1031 = ITEM_DEFINED_TRANSFORMATION('','',#11,#211);
#1032 = PRODUCT_DEFINITION_SHAPE('Placement','Placement of an item',
  #1033);
#1033 = NEXT_ASSEMBLY_USAGE_OCCURRENCE('51','J25','',#5,#271,$);
#1034 = CONTEXT_DEPENDENT_SHAPE_REPRESENTATION(#1035,#1037);
#1035 = ( REPRESENTATION_RELATIONSHIP('','',#276,#10) 
REPRESENTATION_RELATIONSHIP_WITH_TRANSFORMATION(#1036) 
SHAPE_REPRESENTATION_RELATIONSHIP() );
#1036 = ITEM_DEFINED_TRANSFORMATION('','',#11,#215);
#1037 = PRODUCT_DEFINITION_SHAPE('Placement','Placement of an item',
  #1038);
#1038 = NEXT_ASSEMBLY_USAGE_OCCURRENCE('52','J58','',#5,#271,$);
#1039 = CONTEXT_DEPENDENT_SHAPE_REPRESENTATION(#1040,#1042);
#1040 = ( REPRESENTATION_RELATIONSHIP('','',#276,#10) 
REPRESENTATION_RELATIONSHIP_WITH_TRANSFORMATION(#1041) 
SHAPE_REPRESENTATION_RELATIONSHIP() );
#1041 = ITEM_DEFINED_TRANSFORMATION('','',#11,#219);
#1042 = PRODUCT_DEFINITION_SHAPE('Placement','Placement of an item',
  #1043);
#1043 = NEXT_ASSEMBLY_USAGE_OCCURRENCE('53','J4','',#5,#271,$);
#1044 = CONTEXT_DEPENDENT_SHAPE_REPRESENTATION(#1045,#1047);
#1045 = ( REPRESENTATION_RELATIONSHIP('','',#276,#10) 
REPRESENTATION_RELATIONSHIP_WITH_TRANSFORMATION(#1046) 
SHAPE_REPRESENTATION_RELATIONSHIP() );
#1046 = ITEM_DEFINED_TRANSFORMATION('','',#11,#223);
#1047 = PRODUCT_DEFINITION_SHAPE('Placement','Placement of an item',
  #1048);
#1048 = NEXT_ASSEMBLY_USAGE_OCCURRENCE('54','J60','',#5,#271,$);
#1049 = CONTEXT_DEPENDENT_SHAPE_REPRESENTATION(#1050,#1052);
#1050 = ( REPRESENTATION_RELATIONSHIP('','',#276,#10) 
REPRESENTATION_RELATIONSHIP_WITH_TRANSFORMATION(#1051) 
SHAPE_REPRESENTATION_RELATIONSHIP() );
#1051 = ITEM_DEFINED_TRANSFORMATION('','',#11,#227);
#1052 = PRODUCT_DEFINITION_SHAPE('Placement','Placement of an item',
  #1053);
#1053 = NEXT_ASSEMBLY_USAGE_OCCURRENCE('55','J44','',#5,#271,$);
#1054 = CONTEXT_DEPENDENT_SHAPE_REPRESENTATION(#1055,#1057);
#1055 = ( REPRESENTATION_RELATIONSHIP('','',#276,#10) 
REPRESENTATION_RELATIONSHIP_WITH_TRANSFORMATION(#1056) 
SHAPE_REPRESENTATION_RELATIONSHIP() );
#1056 = ITEM_DEFINED_TRANSFORMATION('','',#11,#231);
#1057 = PRODUCT_DEFINITION_SHAPE('Placement','Placement of an item',
  #1058);
#1058 = NEXT_ASSEMBLY_USAGE_OCCURRENCE('56','J53','',#5,#271,$);
#1059 = CONTEXT_DEPENDENT_SHAPE_REPRESENTATION(#1060,#1062);
#1060 = ( REPRESENTATION_RELATIONSHIP('','',#276,#10) 
REPRESENTATION_RELATIONSHIP_WITH_TRANSFORMATION(#1061) 
SHAPE_REPRESENTATION_RELATIONSHIP() );
#1061 = ITEM_DEFINED_TRANSFORMATION('','',#11,#235);
#1062 = PRODUCT_DEFINITION_SHAPE('Placement','Placement of an item',
  #1063);
#1063 = NEXT_ASSEMBLY_USAGE_OCCURRENCE('57','J28','',#5,#271,$);
#1064 = CONTEXT_DEPENDENT_SHAPE_REPRESENTATION(#1065,#1067);
#1065 = ( REPRESENTATION_RELATIONSHIP('','',#276,#10) 
REPRESENTATION_RELATIONSHIP_WITH_TRANSFORMATION(#1066) 
SHAPE_REPRESENTATION_RELATIONSHIP() );
#1066 = ITEM_DEFINED_TRANSFORMATION('','',#11,#239);
#1067 = PRODUCT_DEFINITION_SHAPE('Placement','Placement of an item',
  #1068);
#1068 = NEXT_ASSEMBLY_USAGE_OCCURRENCE('58','J38','',#5,#271,$);
#1069 = CONTEXT_DEPENDENT_SHAPE_REPRESENTATION(#1070,#1072);
#1070 = ( REPRESENTATION_RELATIONSHIP('','',#276,#10) 
REPRESENTATION_RELATIONSHIP_WITH_TRANSFORMATION(#1071) 
SHAPE_REPRESENTATION_RELATIONSHIP() );
#1071 = ITEM_DEFINED_TRANSFORMATION('','',#11,#243);
#1072 = PRODUCT_DEFINITION_SHAPE('Placement','Placement of an item',
  #1073);
#1073 = NEXT_ASSEMBLY_USAGE_OCCURRENCE('59','J18','',#5,#271,$);
#1074 = CONTEXT_DEPENDENT_SHAPE_REPRESENTATION(#1075,#1077);
#1075 = ( REPRESENTATION_RELATIONSHIP('','',#276,#10) 
REPRESENTATION_RELATIONSHIP_WITH_TRANSFORMATION(#1076) 
SHAPE_REPRESENTATION_RELATIONSHIP() );
#1076 = ITEM_DEFINED_TRANSFORMATION('','',#11,#247);
#1077 = PRODUCT_DEFINITION_SHAPE('Placement','Placement of an item',
  #1078);
#1078 = NEXT_ASSEMBLY_USAGE_OCCURRENCE('60','J56','',#5,#271,$);
#1079 = CONTEXT_DEPENDENT_SHAPE_REPRESENTATION(#1080,#1082);
#1080 = ( REPRESENTATION_RELATIONSHIP('','',#276,#10) 
REPRESENTATION_RELATIONSHIP_WITH_TRANSFORMATION(#1081) 
SHAPE_REPRESENTATION_RELATIONSHIP() );
#1081 = ITEM_DEFINED_TRANSFORMATION('','',#11,#251);
#1082 = PRODUCT_DEFINITION_SHAPE('Placement','Placement of an item',
  #1083);
#1083 = NEXT_ASSEMBLY_USAGE_OCCURRENCE('61','J51','',#5,#271,$);
#1084 = SHAPE_DEFINITION_REPRESENTATION(#1085,#1091);
#1085 = PRODUCT_DEFINITION_SHAPE('','',#1086);
#1086 = PRODUCT_DEFINITION('design','',#1087,#1090);
#1087 = PRODUCT_DEFINITION_FORMATION('','',#1088);
#1088 = PRODUCT('pog7F03_pad','pog7F03_pad','',(#1089));
#1089 = PRODUCT_CONTEXT('',#2,'mechanical');
#1090 = PRODUCT_DEFINITION_CONTEXT('part definition',#2,'design');
#1091 = SHAPE_REPRESENTATION('',(#11,#1092,#1145,#1237,#1329,#1421,#1513
    ,#1605,#1658,#1711,#1764,#1817,#1870,#1923,#1976,#2029,#2082,#2135,
    #2188,#2241,#2294,#2347,#2400,#2453,#2506,#2559,#2612,#2665,#2718,
    #2771,#2824,#2877,#2930,#2983,#3036,#3089,#3142,#3195,#3248,#3301,
    #3354,#3407,#3460,#3513,#3566,#3619,#3672,#3725,#3778,#3831,#3923,
    #4015,#4107,#4199,#4291,#4344,#4397,#4450,#4503,#4556,#4609,#4662,
    #4715,#4768,#4821,#4874,#4927,#4980,#5033,#5086,#5139),#5192);
#1092 = MANIFOLD_SOLID_BREP('',#1093);
#1093 = CLOSED_SHELL('',(#1094,#1127,#1136));
#1094 = ADVANCED_FACE('',(#1095),#1122,.T.);
#1095 = FACE_BOUND('',#1096,.F.);
#1096 = EDGE_LOOP('',(#1097,#1107,#1114,#1115));
#1097 = ORIENTED_EDGE('',*,*,#1098,.T.);
#1098 = EDGE_CURVE('',#1099,#1101,#1103,.T.);
#1099 = VERTEX_POINT('',#1100);
#1100 = CARTESIAN_POINT('',(-9.585001,2.,1.51));
#1101 = VERTEX_POINT('',#1102);
#1102 = CARTESIAN_POINT('',(-9.585001,2.,1.55));
#1103 = LINE('',#1104,#1105);
#1104 = CARTESIAN_POINT('',(-9.585001,2.,1.51));
#1105 = VECTOR('',#1106,1.);
#1106 = DIRECTION('',(0.,0.,1.));
#1107 = ORIENTED_EDGE('',*,*,#1108,.T.);
#1108 = EDGE_CURVE('',#1101,#1101,#1109,.T.);
#1109 = CIRCLE('',#1110,0.914999);
#1110 = AXIS2_PLACEMENT_3D('',#1111,#1112,#1113);
#1111 = CARTESIAN_POINT('',(-10.5,2.,1.55));
#1112 = DIRECTION('',(0.,0.,1.));
#1113 = DIRECTION('',(1.,0.,-0.));
#1114 = ORIENTED_EDGE('',*,*,#1098,.F.);
#1115 = ORIENTED_EDGE('',*,*,#1116,.F.);
#1116 = EDGE_CURVE('',#1099,#1099,#1117,.T.);
#1117 = CIRCLE('',#1118,0.914999);
#1118 = AXIS2_PLACEMENT_3D('',#1119,#1120,#1121);
#1119 = CARTESIAN_POINT('',(-10.5,2.,1.51));
#1120 = DIRECTION('',(0.,0.,1.));
#1121 = DIRECTION('',(1.,0.,-0.));
#1122 = CYLINDRICAL_SURFACE('',#1123,0.914999);
#1123 = AXIS2_PLACEMENT_3D('',#1124,#1125,#1126);
#1124 = CARTESIAN_POINT('',(-10.5,2.,1.51));
#1125 = DIRECTION('',(-0.,-0.,-1.));
#1126 = DIRECTION('',(1.,0.,-0.));
#1127 = ADVANCED_FACE('',(#1128),#1131,.F.);
#1128 = FACE_BOUND('',#1129,.F.);
#1129 = EDGE_LOOP('',(#1130));
#1130 = ORIENTED_EDGE('',*,*,#1116,.T.);
#1131 = PLANE('',#1132);
#1132 = AXIS2_PLACEMENT_3D('',#1133,#1134,#1135);
#1133 = CARTESIAN_POINT('',(0.,0.,1.51));
#1134 = DIRECTION('',(0.,0.,1.));
#1135 = DIRECTION('',(1.,0.,-0.));
#1136 = ADVANCED_FACE('',(#1137),#1140,.T.);
#1137 = FACE_BOUND('',#1138,.T.);
#1138 = EDGE_LOOP('',(#1139));
#1139 = ORIENTED_EDGE('',*,*,#1108,.T.);
#1140 = PLANE('',#1141);
#1141 = AXIS2_PLACEMENT_3D('',#1142,#1143,#1144);
#1142 = CARTESIAN_POINT('',(0.,0.,1.55));
#1143 = DIRECTION('',(0.,0.,1.));
#1144 = DIRECTION('',(1.,0.,-0.));
#1145 = MANIFOLD_SOLID_BREP('',#1146);
#1146 = CLOSED_SHELL('',(#1147,#1180,#1200,#1220));
#1147 = ADVANCED_FACE('',(#1148),#1175,.T.);
#1148 = FACE_BOUND('',#1149,.F.);
#1149 = EDGE_LOOP('',(#1150,#1160,#1167,#1168));
#1150 = ORIENTED_EDGE('',*,*,#1151,.T.);
#1151 = EDGE_CURVE('',#1152,#1154,#1156,.T.);
#1152 = VERTEX_POINT('',#1153);
#1153 = CARTESIAN_POINT('',(-98.2,15.,1.51));
#1154 = VERTEX_POINT('',#1155);
#1155 = CARTESIAN_POINT('',(-98.2,15.,1.55));
#1156 = LINE('',#1157,#1158);
#1157 = CARTESIAN_POINT('',(-98.2,15.,1.51));
#1158 = VECTOR('',#1159,1.);
#1159 = DIRECTION('',(0.,0.,1.));
#1160 = ORIENTED_EDGE('',*,*,#1161,.T.);
#1161 = EDGE_CURVE('',#1154,#1154,#1162,.T.);
#1162 = CIRCLE('',#1163,1.8);
#1163 = AXIS2_PLACEMENT_3D('',#1164,#1165,#1166);
#1164 = CARTESIAN_POINT('',(-100.,15.,1.55));
#1165 = DIRECTION('',(0.,0.,1.));
#1166 = DIRECTION('',(1.,0.,-0.));
#1167 = ORIENTED_EDGE('',*,*,#1151,.F.);
#1168 = ORIENTED_EDGE('',*,*,#1169,.F.);
#1169 = EDGE_CURVE('',#1152,#1152,#1170,.T.);
#1170 = CIRCLE('',#1171,1.8);
#1171 = AXIS2_PLACEMENT_3D('',#1172,#1173,#1174);
#1172 = CARTESIAN_POINT('',(-100.,15.,1.51));
#1173 = DIRECTION('',(0.,0.,1.));
#1174 = DIRECTION('',(1.,0.,-0.));
#1175 = CYLINDRICAL_SURFACE('',#1176,1.8);
#1176 = AXIS2_PLACEMENT_3D('',#1177,#1178,#1179);
#1177 = CARTESIAN_POINT('',(-100.,15.,1.51));
#1178 = DIRECTION('',(-0.,-0.,-1.));
#1179 = DIRECTION('',(1.,0.,-0.));
#1180 = ADVANCED_FACE('',(#1181,#1184),#1195,.F.);
#1181 = FACE_BOUND('',#1182,.F.);
#1182 = EDGE_LOOP('',(#1183));
#1183 = ORIENTED_EDGE('',*,*,#1169,.T.);
#1184 = FACE_BOUND('',#1185,.F.);
#1185 = EDGE_LOOP('',(#1186));
#1186 = ORIENTED_EDGE('',*,*,#1187,.T.);
#1187 = EDGE_CURVE('',#1188,#1188,#1190,.T.);
#1188 = VERTEX_POINT('',#1189);
#1189 = CARTESIAN_POINT('',(-100.,13.425,1.51));
#1190 = CIRCLE('',#1191,1.575);
#1191 = AXIS2_PLACEMENT_3D('',#1192,#1193,#1194);
#1192 = CARTESIAN_POINT('',(-100.,15.,1.51));
#1193 = DIRECTION('',(-0.,0.,-1.));
#1194 = DIRECTION('',(-0.,-1.,0.));
#1195 = PLANE('',#1196);
#1196 = AXIS2_PLACEMENT_3D('',#1197,#1198,#1199);
#1197 = CARTESIAN_POINT('',(0.,0.,1.51));
#1198 = DIRECTION('',(0.,0.,1.));
#1199 = DIRECTION('',(1.,0.,-0.));
#1200 = ADVANCED_FACE('',(#1201,#1204),#1215,.T.);
#1201 = FACE_BOUND('',#1202,.T.);
#1202 = EDGE_LOOP('',(#1203));
#1203 = ORIENTED_EDGE('',*,*,#1161,.T.);
#1204 = FACE_BOUND('',#1205,.T.);
#1205 = EDGE_LOOP('',(#1206));
#1206 = ORIENTED_EDGE('',*,*,#1207,.T.);
#1207 = EDGE_CURVE('',#1208,#1208,#1210,.T.);
#1208 = VERTEX_POINT('',#1209);
#1209 = CARTESIAN_POINT('',(-100.,13.425,1.55));
#1210 = CIRCLE('',#1211,1.575);
#1211 = AXIS2_PLACEMENT_3D('',#1212,#1213,#1214);
#1212 = CARTESIAN_POINT('',(-100.,15.,1.55));
#1213 = DIRECTION('',(-0.,0.,-1.));
#1214 = DIRECTION('',(-0.,-1.,0.));
#1215 = PLANE('',#1216);
#1216 = AXIS2_PLACEMENT_3D('',#1217,#1218,#1219);
#1217 = CARTESIAN_POINT('',(0.,0.,1.55));
#1218 = DIRECTION('',(0.,0.,1.));
#1219 = DIRECTION('',(1.,0.,-0.));
#1220 = ADVANCED_FACE('',(#1221),#1232,.F.);
#1221 = FACE_BOUND('',#1222,.T.);
#1222 = EDGE_LOOP('',(#1223,#1224,#1230,#1231));
#1223 = ORIENTED_EDGE('',*,*,#1187,.T.);
#1224 = ORIENTED_EDGE('',*,*,#1225,.T.);
#1225 = EDGE_CURVE('',#1188,#1208,#1226,.T.);
#1226 = LINE('',#1227,#1228);
#1227 = CARTESIAN_POINT('',(-100.,13.425,-4.6E-02));
#1228 = VECTOR('',#1229,1.);
#1229 = DIRECTION('',(0.,0.,1.));
#1230 = ORIENTED_EDGE('',*,*,#1207,.F.);
#1231 = ORIENTED_EDGE('',*,*,#1225,.F.);
#1232 = CYLINDRICAL_SURFACE('',#1233,1.575);
#1233 = AXIS2_PLACEMENT_3D('',#1234,#1235,#1236);
#1234 = CARTESIAN_POINT('',(-100.,15.,-4.6E-02));
#1235 = DIRECTION('',(-0.,-0.,-1.));
#1236 = DIRECTION('',(-0.,-1.,0.));
#1237 = MANIFOLD_SOLID_BREP('',#1238);
#1238 = CLOSED_SHELL('',(#1239,#1272,#1292,#1312));
#1239 = ADVANCED_FACE('',(#1240),#1267,.T.);
#1240 = FACE_BOUND('',#1241,.T.);
#1241 = EDGE_LOOP('',(#1242,#1252,#1259,#1260));
#1242 = ORIENTED_EDGE('',*,*,#1243,.T.);
#1243 = EDGE_CURVE('',#1244,#1246,#1248,.T.);
#1244 = VERTEX_POINT('',#1245);
#1245 = CARTESIAN_POINT('',(-98.2,15.,0.));
#1246 = VERTEX_POINT('',#1247);
#1247 = CARTESIAN_POINT('',(-98.2,15.,-4.E-02));
#1248 = LINE('',#1249,#1250);
#1249 = CARTESIAN_POINT('',(-98.2,15.,0.));
#1250 = VECTOR('',#1251,1.);
#1251 = DIRECTION('',(0.,0.,-1.));
#1252 = ORIENTED_EDGE('',*,*,#1253,.T.);
#1253 = EDGE_CURVE('',#1246,#1246,#1254,.T.);
#1254 = CIRCLE('',#1255,1.8);
#1255 = AXIS2_PLACEMENT_3D('',#1256,#1257,#1258);
#1256 = CARTESIAN_POINT('',(-100.,15.,-4.E-02));
#1257 = DIRECTION('',(0.,0.,1.));
#1258 = DIRECTION('',(1.,0.,-0.));
#1259 = ORIENTED_EDGE('',*,*,#1243,.F.);
#1260 = ORIENTED_EDGE('',*,*,#1261,.F.);
#1261 = EDGE_CURVE('',#1244,#1244,#1262,.T.);
#1262 = CIRCLE('',#1263,1.8);
#1263 = AXIS2_PLACEMENT_3D('',#1264,#1265,#1266);
#1264 = CARTESIAN_POINT('',(-100.,15.,0.));
#1265 = DIRECTION('',(0.,0.,1.));
#1266 = DIRECTION('',(1.,0.,-0.));
#1267 = CYLINDRICAL_SURFACE('',#1268,1.8);
#1268 = AXIS2_PLACEMENT_3D('',#1269,#1270,#1271);
#1269 = CARTESIAN_POINT('',(-100.,15.,0.));
#1270 = DIRECTION('',(0.,0.,1.));
#1271 = DIRECTION('',(1.,0.,-0.));
#1272 = ADVANCED_FACE('',(#1273,#1276),#1287,.F.);
#1273 = FACE_BOUND('',#1274,.F.);
#1274 = EDGE_LOOP('',(#1275));
#1275 = ORIENTED_EDGE('',*,*,#1261,.F.);
#1276 = FACE_BOUND('',#1277,.F.);
#1277 = EDGE_LOOP('',(#1278));
#1278 = ORIENTED_EDGE('',*,*,#1279,.F.);
#1279 = EDGE_CURVE('',#1280,#1280,#1282,.T.);
#1280 = VERTEX_POINT('',#1281);
#1281 = CARTESIAN_POINT('',(-100.,13.425,0.));
#1282 = CIRCLE('',#1283,1.575);
#1283 = AXIS2_PLACEMENT_3D('',#1284,#1285,#1286);
#1284 = CARTESIAN_POINT('',(-100.,15.,0.));
#1285 = DIRECTION('',(-0.,0.,-1.));
#1286 = DIRECTION('',(-0.,-1.,0.));
#1287 = PLANE('',#1288);
#1288 = AXIS2_PLACEMENT_3D('',#1289,#1290,#1291);
#1289 = CARTESIAN_POINT('',(0.,0.,0.));
#1290 = DIRECTION('',(-0.,-0.,-1.));
#1291 = DIRECTION('',(-1.,0.,0.));
#1292 = ADVANCED_FACE('',(#1293,#1296),#1307,.T.);
#1293 = FACE_BOUND('',#1294,.T.);
#1294 = EDGE_LOOP('',(#1295));
#1295 = ORIENTED_EDGE('',*,*,#1253,.F.);
#1296 = FACE_BOUND('',#1297,.T.);
#1297 = EDGE_LOOP('',(#1298));
#1298 = ORIENTED_EDGE('',*,*,#1299,.F.);
#1299 = EDGE_CURVE('',#1300,#1300,#1302,.T.);
#1300 = VERTEX_POINT('',#1301);
#1301 = CARTESIAN_POINT('',(-100.,13.425,-4.E-02));
#1302 = CIRCLE('',#1303,1.575);
#1303 = AXIS2_PLACEMENT_3D('',#1304,#1305,#1306);
#1304 = CARTESIAN_POINT('',(-100.,15.,-4.E-02));
#1305 = DIRECTION('',(-0.,0.,-1.));
#1306 = DIRECTION('',(-0.,-1.,0.));
#1307 = PLANE('',#1308);
#1308 = AXIS2_PLACEMENT_3D('',#1309,#1310,#1311);
#1309 = CARTESIAN_POINT('',(0.,0.,-4.E-02));
#1310 = DIRECTION('',(-0.,-0.,-1.));
#1311 = DIRECTION('',(-1.,0.,0.));
#1312 = ADVANCED_FACE('',(#1313),#1324,.F.);
#1313 = FACE_BOUND('',#1314,.T.);
#1314 = EDGE_LOOP('',(#1315,#1316,#1322,#1323));
#1315 = ORIENTED_EDGE('',*,*,#1299,.T.);
#1316 = ORIENTED_EDGE('',*,*,#1317,.T.);
#1317 = EDGE_CURVE('',#1300,#1280,#1318,.T.);
#1318 = LINE('',#1319,#1320);
#1319 = CARTESIAN_POINT('',(-100.,13.425,-4.6E-02));
#1320 = VECTOR('',#1321,1.);
#1321 = DIRECTION('',(0.,0.,1.));
#1322 = ORIENTED_EDGE('',*,*,#1279,.F.);
#1323 = ORIENTED_EDGE('',*,*,#1317,.F.);
#1324 = CYLINDRICAL_SURFACE('',#1325,1.575);
#1325 = AXIS2_PLACEMENT_3D('',#1326,#1327,#1328);
#1326 = CARTESIAN_POINT('',(-100.,15.,-4.6E-02));
#1327 = DIRECTION('',(-0.,-0.,-1.));
#1328 = DIRECTION('',(-0.,-1.,0.));
#1329 = MANIFOLD_SOLID_BREP('',#1330);
#1330 = CLOSED_SHELL('',(#1331,#1364,#1384,#1404));
#1331 = ADVANCED_FACE('',(#1332),#1359,.T.);
#1332 = FACE_BOUND('',#1333,.F.);
#1333 = EDGE_LOOP('',(#1334,#1344,#1351,#1352));
#1334 = ORIENTED_EDGE('',*,*,#1335,.T.);
#1335 = EDGE_CURVE('',#1336,#1338,#1340,.T.);
#1336 = VERTEX_POINT('',#1337);
#1337 = CARTESIAN_POINT('',(-100.,13.4,-4.E-02));
#1338 = VERTEX_POINT('',#1339);
#1339 = CARTESIAN_POINT('',(-100.,13.4,1.55));
#1340 = LINE('',#1341,#1342);
#1341 = CARTESIAN_POINT('',(-100.,13.4,-4.E-02));
#1342 = VECTOR('',#1343,1.);
#1343 = DIRECTION('',(0.,0.,1.));
#1344 = ORIENTED_EDGE('',*,*,#1345,.T.);
#1345 = EDGE_CURVE('',#1338,#1338,#1346,.T.);
#1346 = CIRCLE('',#1347,1.6);
#1347 = AXIS2_PLACEMENT_3D('',#1348,#1349,#1350);
#1348 = CARTESIAN_POINT('',(-100.,15.,1.55));
#1349 = DIRECTION('',(0.,0.,1.));
#1350 = DIRECTION('',(-0.,-1.,0.));
#1351 = ORIENTED_EDGE('',*,*,#1335,.F.);
#1352 = ORIENTED_EDGE('',*,*,#1353,.F.);
#1353 = EDGE_CURVE('',#1336,#1336,#1354,.T.);
#1354 = CIRCLE('',#1355,1.6);
#1355 = AXIS2_PLACEMENT_3D('',#1356,#1357,#1358);
#1356 = CARTESIAN_POINT('',(-100.,15.,-4.E-02));
#1357 = DIRECTION('',(0.,0.,1.));
#1358 = DIRECTION('',(-0.,-1.,0.));
#1359 = CYLINDRICAL_SURFACE('',#1360,1.6);
#1360 = AXIS2_PLACEMENT_3D('',#1361,#1362,#1363);
#1361 = CARTESIAN_POINT('',(-100.,15.,-4.E-02));
#1362 = DIRECTION('',(-0.,-0.,-1.));
#1363 = DIRECTION('',(-0.,-1.,0.));
#1364 = ADVANCED_FACE('',(#1365,#1368),#1379,.F.);
#1365 = FACE_BOUND('',#1366,.F.);
#1366 = EDGE_LOOP('',(#1367));
#1367 = ORIENTED_EDGE('',*,*,#1353,.T.);
#1368 = FACE_BOUND('',#1369,.F.);
#1369 = EDGE_LOOP('',(#1370));
#1370 = ORIENTED_EDGE('',*,*,#1371,.T.);
#1371 = EDGE_CURVE('',#1372,#1372,#1374,.T.);
#1372 = VERTEX_POINT('',#1373);
#1373 = CARTESIAN_POINT('',(-100.,13.425,-4.E-02));
#1374 = CIRCLE('',#1375,1.575);
#1375 = AXIS2_PLACEMENT_3D('',#1376,#1377,#1378);
#1376 = CARTESIAN_POINT('',(-100.,15.,-4.E-02));
#1377 = DIRECTION('',(-0.,0.,-1.));
#1378 = DIRECTION('',(-0.,-1.,0.));
#1379 = PLANE('',#1380);
#1380 = AXIS2_PLACEMENT_3D('',#1381,#1382,#1383);
#1381 = CARTESIAN_POINT('',(-100.,13.4,-4.E-02));
#1382 = DIRECTION('',(0.,0.,1.));
#1383 = DIRECTION('',(1.,0.,-0.));
#1384 = ADVANCED_FACE('',(#1385,#1388),#1399,.T.);
#1385 = FACE_BOUND('',#1386,.T.);
#1386 = EDGE_LOOP('',(#1387));
#1387 = ORIENTED_EDGE('',*,*,#1345,.T.);
#1388 = FACE_BOUND('',#1389,.T.);
#1389 = EDGE_LOOP('',(#1390));
#1390 = ORIENTED_EDGE('',*,*,#1391,.T.);
#1391 = EDGE_CURVE('',#1392,#1392,#1394,.T.);
#1392 = VERTEX_POINT('',#1393);
#1393 = CARTESIAN_POINT('',(-100.,13.425,1.55));
#1394 = CIRCLE('',#1395,1.575);
#1395 = AXIS2_PLACEMENT_3D('',#1396,#1397,#1398);
#1396 = CARTESIAN_POINT('',(-100.,15.,1.55));
#1397 = DIRECTION('',(-0.,0.,-1.));
#1398 = DIRECTION('',(-0.,-1.,0.));
#1399 = PLANE('',#1400);
#1400 = AXIS2_PLACEMENT_3D('',#1401,#1402,#1403);
#1401 = CARTESIAN_POINT('',(-100.,13.4,1.55));
#1402 = DIRECTION('',(0.,0.,1.));
#1403 = DIRECTION('',(1.,0.,-0.));
#1404 = ADVANCED_FACE('',(#1405),#1416,.F.);
#1405 = FACE_BOUND('',#1406,.T.);
#1406 = EDGE_LOOP('',(#1407,#1408,#1414,#1415));
#1407 = ORIENTED_EDGE('',*,*,#1371,.T.);
#1408 = ORIENTED_EDGE('',*,*,#1409,.T.);
#1409 = EDGE_CURVE('',#1372,#1392,#1410,.T.);
#1410 = LINE('',#1411,#1412);
#1411 = CARTESIAN_POINT('',(-100.,13.425,-4.6E-02));
#1412 = VECTOR('',#1413,1.);
#1413 = DIRECTION('',(0.,0.,1.));
#1414 = ORIENTED_EDGE('',*,*,#1391,.F.);
#1415 = ORIENTED_EDGE('',*,*,#1409,.F.);
#1416 = CYLINDRICAL_SURFACE('',#1417,1.575);
#1417 = AXIS2_PLACEMENT_3D('',#1418,#1419,#1420);
#1418 = CARTESIAN_POINT('',(-100.,15.,-4.6E-02));
#1419 = DIRECTION('',(-0.,-0.,-1.));
#1420 = DIRECTION('',(-0.,-1.,0.));
#1421 = MANIFOLD_SOLID_BREP('',#1422);
#1422 = CLOSED_SHELL('',(#1423,#1456,#1476,#1496));
#1423 = ADVANCED_FACE('',(#1424),#1451,.T.);
#1424 = FACE_BOUND('',#1425,.F.);
#1425 = EDGE_LOOP('',(#1426,#1436,#1443,#1444));
#1426 = ORIENTED_EDGE('',*,*,#1427,.T.);
#1427 = EDGE_CURVE('',#1428,#1430,#1432,.T.);
#1428 = VERTEX_POINT('',#1429);
#1429 = CARTESIAN_POINT('',(-97.150001,15.,1.51));
#1430 = VERTEX_POINT('',#1431);
#1431 = CARTESIAN_POINT('',(-97.150001,15.,1.55));
#1432 = LINE('',#1433,#1434);
#1433 = CARTESIAN_POINT('',(-97.150001,15.,1.51));
#1434 = VECTOR('',#1435,1.);
#1435 = DIRECTION('',(0.,0.,1.));
#1436 = ORIENTED_EDGE('',*,*,#1437,.T.);
#1437 = EDGE_CURVE('',#1430,#1430,#1438,.T.);
#1438 = CIRCLE('',#1439,2.849999);
#1439 = AXIS2_PLACEMENT_3D('',#1440,#1441,#1442);
#1440 = CARTESIAN_POINT('',(-100.,15.,1.55));
#1441 = DIRECTION('',(0.,0.,1.));
#1442 = DIRECTION('',(1.,0.,-0.));
#1443 = ORIENTED_EDGE('',*,*,#1427,.F.);
#1444 = ORIENTED_EDGE('',*,*,#1445,.F.);
#1445 = EDGE_CURVE('',#1428,#1428,#1446,.T.);
#1446 = CIRCLE('',#1447,2.849999);
#1447 = AXIS2_PLACEMENT_3D('',#1448,#1449,#1450);
#1448 = CARTESIAN_POINT('',(-100.,15.,1.51));
#1449 = DIRECTION('',(0.,0.,1.));
#1450 = DIRECTION('',(1.,0.,-0.));
#1451 = CYLINDRICAL_SURFACE('',#1452,2.849999);
#1452 = AXIS2_PLACEMENT_3D('',#1453,#1454,#1455);
#1453 = CARTESIAN_POINT('',(-100.,15.,1.51));
#1454 = DIRECTION('',(-0.,-0.,-1.));
#1455 = DIRECTION('',(1.,0.,-0.));
#1456 = ADVANCED_FACE('',(#1457,#1460),#1471,.F.);
#1457 = FACE_BOUND('',#1458,.F.);
#1458 = EDGE_LOOP('',(#1459));
#1459 = ORIENTED_EDGE('',*,*,#1445,.T.);
#1460 = FACE_BOUND('',#1461,.F.);
#1461 = EDGE_LOOP('',(#1462));
#1462 = ORIENTED_EDGE('',*,*,#1463,.T.);
#1463 = EDGE_CURVE('',#1464,#1464,#1466,.T.);
#1464 = VERTEX_POINT('',#1465);
#1465 = CARTESIAN_POINT('',(-100.,13.425,1.51));
#1466 = CIRCLE('',#1467,1.575);
#1467 = AXIS2_PLACEMENT_3D('',#1468,#1469,#1470);
#1468 = CARTESIAN_POINT('',(-100.,15.,1.51));
#1469 = DIRECTION('',(-0.,0.,-1.));
#1470 = DIRECTION('',(-0.,-1.,0.));
#1471 = PLANE('',#1472);
#1472 = AXIS2_PLACEMENT_3D('',#1473,#1474,#1475);
#1473 = CARTESIAN_POINT('',(0.,0.,1.51));
#1474 = DIRECTION('',(0.,0.,1.));
#1475 = DIRECTION('',(1.,0.,-0.));
#1476 = ADVANCED_FACE('',(#1477,#1480),#1491,.T.);
#1477 = FACE_BOUND('',#1478,.T.);
#1478 = EDGE_LOOP('',(#1479));
#1479 = ORIENTED_EDGE('',*,*,#1437,.T.);
#1480 = FACE_BOUND('',#1481,.T.);
#1481 = EDGE_LOOP('',(#1482));
#1482 = ORIENTED_EDGE('',*,*,#1483,.T.);
#1483 = EDGE_CURVE('',#1484,#1484,#1486,.T.);
#1484 = VERTEX_POINT('',#1485);
#1485 = CARTESIAN_POINT('',(-100.,13.425,1.55));
#1486 = CIRCLE('',#1487,1.575);
#1487 = AXIS2_PLACEMENT_3D('',#1488,#1489,#1490);
#1488 = CARTESIAN_POINT('',(-100.,15.,1.55));
#1489 = DIRECTION('',(-0.,0.,-1.));
#1490 = DIRECTION('',(-0.,-1.,0.));
#1491 = PLANE('',#1492);
#1492 = AXIS2_PLACEMENT_3D('',#1493,#1494,#1495);
#1493 = CARTESIAN_POINT('',(0.,0.,1.55));
#1494 = DIRECTION('',(0.,0.,1.));
#1495 = DIRECTION('',(1.,0.,-0.));
#1496 = ADVANCED_FACE('',(#1497),#1508,.F.);
#1497 = FACE_BOUND('',#1498,.T.);
#1498 = EDGE_LOOP('',(#1499,#1500,#1506,#1507));
#1499 = ORIENTED_EDGE('',*,*,#1463,.T.);
#1500 = ORIENTED_EDGE('',*,*,#1501,.T.);
#1501 = EDGE_CURVE('',#1464,#1484,#1502,.T.);
#1502 = LINE('',#1503,#1504);
#1503 = CARTESIAN_POINT('',(-100.,13.425,-4.6E-02));
#1504 = VECTOR('',#1505,1.);
#1505 = DIRECTION('',(0.,0.,1.));
#1506 = ORIENTED_EDGE('',*,*,#1483,.F.);
#1507 = ORIENTED_EDGE('',*,*,#1501,.F.);
#1508 = CYLINDRICAL_SURFACE('',#1509,1.575);
#1509 = AXIS2_PLACEMENT_3D('',#1510,#1511,#1512);
#1510 = CARTESIAN_POINT('',(-100.,15.,-4.6E-02));
#1511 = DIRECTION('',(-0.,-0.,-1.));
#1512 = DIRECTION('',(-0.,-1.,0.));
#1513 = MANIFOLD_SOLID_BREP('',#1514);
#1514 = CLOSED_SHELL('',(#1515,#1548,#1568,#1588));
#1515 = ADVANCED_FACE('',(#1516),#1543,.T.);
#1516 = FACE_BOUND('',#1517,.T.);
#1517 = EDGE_LOOP('',(#1518,#1528,#1535,#1536));
#1518 = ORIENTED_EDGE('',*,*,#1519,.T.);
#1519 = EDGE_CURVE('',#1520,#1522,#1524,.T.);
#1520 = VERTEX_POINT('',#1521);
#1521 = CARTESIAN_POINT('',(-97.150001,15.,0.));
#1522 = VERTEX_POINT('',#1523);
#1523 = CARTESIAN_POINT('',(-97.150001,15.,-4.E-02));
#1524 = LINE('',#1525,#1526);
#1525 = CARTESIAN_POINT('',(-97.150001,15.,0.));
#1526 = VECTOR('',#1527,1.);
#1527 = DIRECTION('',(0.,0.,-1.));
#1528 = ORIENTED_EDGE('',*,*,#1529,.T.);
#1529 = EDGE_CURVE('',#1522,#1522,#1530,.T.);
#1530 = CIRCLE('',#1531,2.849999);
#1531 = AXIS2_PLACEMENT_3D('',#1532,#1533,#1534);
#1532 = CARTESIAN_POINT('',(-100.,15.,-4.E-02));
#1533 = DIRECTION('',(0.,0.,1.));
#1534 = DIRECTION('',(1.,0.,-0.));
#1535 = ORIENTED_EDGE('',*,*,#1519,.F.);
#1536 = ORIENTED_EDGE('',*,*,#1537,.F.);
#1537 = EDGE_CURVE('',#1520,#1520,#1538,.T.);
#1538 = CIRCLE('',#1539,2.849999);
#1539 = AXIS2_PLACEMENT_3D('',#1540,#1541,#1542);
#1540 = CARTESIAN_POINT('',(-100.,15.,0.));
#1541 = DIRECTION('',(0.,0.,1.));
#1542 = DIRECTION('',(1.,0.,-0.));
#1543 = CYLINDRICAL_SURFACE('',#1544,2.849999);
#1544 = AXIS2_PLACEMENT_3D('',#1545,#1546,#1547);
#1545 = CARTESIAN_POINT('',(-100.,15.,0.));
#1546 = DIRECTION('',(0.,0.,1.));
#1547 = DIRECTION('',(1.,0.,-0.));
#1548 = ADVANCED_FACE('',(#1549,#1552),#1563,.F.);
#1549 = FACE_BOUND('',#1550,.F.);
#1550 = EDGE_LOOP('',(#1551));
#1551 = ORIENTED_EDGE('',*,*,#1537,.F.);
#1552 = FACE_BOUND('',#1553,.F.);
#1553 = EDGE_LOOP('',(#1554));
#1554 = ORIENTED_EDGE('',*,*,#1555,.F.);
#1555 = EDGE_CURVE('',#1556,#1556,#1558,.T.);
#1556 = VERTEX_POINT('',#1557);
#1557 = CARTESIAN_POINT('',(-100.,13.425,0.));
#1558 = CIRCLE('',#1559,1.575);
#1559 = AXIS2_PLACEMENT_3D('',#1560,#1561,#1562);
#1560 = CARTESIAN_POINT('',(-100.,15.,0.));
#1561 = DIRECTION('',(-0.,0.,-1.));
#1562 = DIRECTION('',(-0.,-1.,0.));
#1563 = PLANE('',#1564);
#1564 = AXIS2_PLACEMENT_3D('',#1565,#1566,#1567);
#1565 = CARTESIAN_POINT('',(0.,0.,0.));
#1566 = DIRECTION('',(-0.,-0.,-1.));
#1567 = DIRECTION('',(-1.,0.,0.));
#1568 = ADVANCED_FACE('',(#1569,#1572),#1583,.T.);
#1569 = FACE_BOUND('',#1570,.T.);
#1570 = EDGE_LOOP('',(#1571));
#1571 = ORIENTED_EDGE('',*,*,#1529,.F.);
#1572 = FACE_BOUND('',#1573,.T.);
#1573 = EDGE_LOOP('',(#1574));
#1574 = ORIENTED_EDGE('',*,*,#1575,.F.);
#1575 = EDGE_CURVE('',#1576,#1576,#1578,.T.);
#1576 = VERTEX_POINT('',#1577);
#1577 = CARTESIAN_POINT('',(-100.,13.425,-4.E-02));
#1578 = CIRCLE('',#1579,1.575);
#1579 = AXIS2_PLACEMENT_3D('',#1580,#1581,#1582);
#1580 = CARTESIAN_POINT('',(-100.,15.,-4.E-02));
#1581 = DIRECTION('',(-0.,0.,-1.));
#1582 = DIRECTION('',(-0.,-1.,0.));
#1583 = PLANE('',#1584);
#1584 = AXIS2_PLACEMENT_3D('',#1585,#1586,#1587);
#1585 = CARTESIAN_POINT('',(0.,0.,-4.E-02));
#1586 = DIRECTION('',(-0.,-0.,-1.));
#1587 = DIRECTION('',(-1.,0.,0.));
#1588 = ADVANCED_FACE('',(#1589),#1600,.F.);
#1589 = FACE_BOUND('',#1590,.T.);
#1590 = EDGE_LOOP('',(#1591,#1592,#1598,#1599));
#1591 = ORIENTED_EDGE('',*,*,#1575,.T.);
#1592 = ORIENTED_EDGE('',*,*,#1593,.T.);
#1593 = EDGE_CURVE('',#1576,#1556,#1594,.T.);
#1594 = LINE('',#1595,#1596);
#1595 = CARTESIAN_POINT('',(-100.,13.425,-4.6E-02));
#1596 = VECTOR('',#1597,1.);
#1597 = DIRECTION('',(0.,0.,1.));
#1598 = ORIENTED_EDGE('',*,*,#1555,.F.);
#1599 = ORIENTED_EDGE('',*,*,#1593,.F.);
#1600 = CYLINDRICAL_SURFACE('',#1601,1.575);
#1601 = AXIS2_PLACEMENT_3D('',#1602,#1603,#1604);
#1602 = CARTESIAN_POINT('',(-100.,15.,-4.6E-02));
#1603 = DIRECTION('',(-0.,-0.,-1.));
#1604 = DIRECTION('',(-0.,-1.,0.));
#1605 = MANIFOLD_SOLID_BREP('',#1606);
#1606 = CLOSED_SHELL('',(#1607,#1640,#1649));
#1607 = ADVANCED_FACE('',(#1608),#1635,.T.);
#1608 = FACE_BOUND('',#1609,.F.);
#1609 = EDGE_LOOP('',(#1610,#1620,#1627,#1628));
#1610 = ORIENTED_EDGE('',*,*,#1611,.T.);
#1611 = EDGE_CURVE('',#1612,#1614,#1616,.T.);
#1612 = VERTEX_POINT('',#1613);
#1613 = CARTESIAN_POINT('',(86.414999,2.,1.51));
#1614 = VERTEX_POINT('',#1615);
#1615 = CARTESIAN_POINT('',(86.414999,2.,1.55));
#1616 = LINE('',#1617,#1618);
#1617 = CARTESIAN_POINT('',(86.414999,2.,1.51));
#1618 = VECTOR('',#1619,1.);
#1619 = DIRECTION('',(0.,0.,1.));
#1620 = ORIENTED_EDGE('',*,*,#1621,.T.);
#1621 = EDGE_CURVE('',#1614,#1614,#1622,.T.);
#1622 = CIRCLE('',#1623,0.914999);
#1623 = AXIS2_PLACEMENT_3D('',#1624,#1625,#1626);
#1624 = CARTESIAN_POINT('',(85.5,2.,1.55));
#1625 = DIRECTION('',(0.,0.,1.));
#1626 = DIRECTION('',(1.,0.,-0.));
#1627 = ORIENTED_EDGE('',*,*,#1611,.F.);
#1628 = ORIENTED_EDGE('',*,*,#1629,.F.);
#1629 = EDGE_CURVE('',#1612,#1612,#1630,.T.);
#1630 = CIRCLE('',#1631,0.914999);
#1631 = AXIS2_PLACEMENT_3D('',#1632,#1633,#1634);
#1632 = CARTESIAN_POINT('',(85.5,2.,1.51));
#1633 = DIRECTION('',(0.,0.,1.));
#1634 = DIRECTION('',(1.,0.,-0.));
#1635 = CYLINDRICAL_SURFACE('',#1636,0.914999);
#1636 = AXIS2_PLACEMENT_3D('',#1637,#1638,#1639);
#1637 = CARTESIAN_POINT('',(85.5,2.,1.51));
#1638 = DIRECTION('',(-0.,-0.,-1.));
#1639 = DIRECTION('',(1.,0.,-0.));
#1640 = ADVANCED_FACE('',(#1641),#1644,.F.);
#1641 = FACE_BOUND('',#1642,.F.);
#1642 = EDGE_LOOP('',(#1643));
#1643 = ORIENTED_EDGE('',*,*,#1629,.T.);
#1644 = PLANE('',#1645);
#1645 = AXIS2_PLACEMENT_3D('',#1646,#1647,#1648);
#1646 = CARTESIAN_POINT('',(0.,0.,1.51));
#1647 = DIRECTION('',(0.,0.,1.));
#1648 = DIRECTION('',(1.,0.,-0.));
#1649 = ADVANCED_FACE('',(#1650),#1653,.T.);
#1650 = FACE_BOUND('',#1651,.T.);
#1651 = EDGE_LOOP('',(#1652));
#1652 = ORIENTED_EDGE('',*,*,#1621,.T.);
#1653 = PLANE('',#1654);
#1654 = AXIS2_PLACEMENT_3D('',#1655,#1656,#1657);
#1655 = CARTESIAN_POINT('',(0.,0.,1.55));
#1656 = DIRECTION('',(0.,0.,1.));
#1657 = DIRECTION('',(1.,0.,-0.));
#1658 = MANIFOLD_SOLID_BREP('',#1659);
#1659 = CLOSED_SHELL('',(#1660,#1693,#1702));
#1660 = ADVANCED_FACE('',(#1661),#1688,.T.);
#1661 = FACE_BOUND('',#1662,.F.);
#1662 = EDGE_LOOP('',(#1663,#1673,#1680,#1681));
#1663 = ORIENTED_EDGE('',*,*,#1664,.T.);
#1664 = EDGE_CURVE('',#1665,#1667,#1669,.T.);
#1665 = VERTEX_POINT('',#1666);
#1666 = CARTESIAN_POINT('',(71.414999,2.,1.51));
#1667 = VERTEX_POINT('',#1668);
#1668 = CARTESIAN_POINT('',(71.414999,2.,1.55));
#1669 = LINE('',#1670,#1671);
#1670 = CARTESIAN_POINT('',(71.414999,2.,1.51));
#1671 = VECTOR('',#1672,1.);
#1672 = DIRECTION('',(0.,0.,1.));
#1673 = ORIENTED_EDGE('',*,*,#1674,.T.);
#1674 = EDGE_CURVE('',#1667,#1667,#1675,.T.);
#1675 = CIRCLE('',#1676,0.914999);
#1676 = AXIS2_PLACEMENT_3D('',#1677,#1678,#1679);
#1677 = CARTESIAN_POINT('',(70.5,2.,1.55));
#1678 = DIRECTION('',(0.,0.,1.));
#1679 = DIRECTION('',(1.,0.,-0.));
#1680 = ORIENTED_EDGE('',*,*,#1664,.F.);
#1681 = ORIENTED_EDGE('',*,*,#1682,.F.);
#1682 = EDGE_CURVE('',#1665,#1665,#1683,.T.);
#1683 = CIRCLE('',#1684,0.914999);
#1684 = AXIS2_PLACEMENT_3D('',#1685,#1686,#1687);
#1685 = CARTESIAN_POINT('',(70.5,2.,1.51));
#1686 = DIRECTION('',(0.,0.,1.));
#1687 = DIRECTION('',(1.,0.,-0.));
#1688 = CYLINDRICAL_SURFACE('',#1689,0.914999);
#1689 = AXIS2_PLACEMENT_3D('',#1690,#1691,#1692);
#1690 = CARTESIAN_POINT('',(70.5,2.,1.51));
#1691 = DIRECTION('',(-0.,-0.,-1.));
#1692 = DIRECTION('',(1.,0.,-0.));
#1693 = ADVANCED_FACE('',(#1694),#1697,.F.);
#1694 = FACE_BOUND('',#1695,.F.);
#1695 = EDGE_LOOP('',(#1696));
#1696 = ORIENTED_EDGE('',*,*,#1682,.T.);
#1697 = PLANE('',#1698);
#1698 = AXIS2_PLACEMENT_3D('',#1699,#1700,#1701);
#1699 = CARTESIAN_POINT('',(0.,0.,1.51));
#1700 = DIRECTION('',(0.,0.,1.));
#1701 = DIRECTION('',(1.,0.,-0.));
#1702 = ADVANCED_FACE('',(#1703),#1706,.T.);
#1703 = FACE_BOUND('',#1704,.T.);
#1704 = EDGE_LOOP('',(#1705));
#1705 = ORIENTED_EDGE('',*,*,#1674,.T.);
#1706 = PLANE('',#1707);
#1707 = AXIS2_PLACEMENT_3D('',#1708,#1709,#1710);
#1708 = CARTESIAN_POINT('',(0.,0.,1.55));
#1709 = DIRECTION('',(0.,0.,1.));
#1710 = DIRECTION('',(1.,0.,-0.));
#1711 = MANIFOLD_SOLID_BREP('',#1712);
#1712 = CLOSED_SHELL('',(#1713,#1746,#1755));
#1713 = ADVANCED_FACE('',(#1714),#1741,.T.);
#1714 = FACE_BOUND('',#1715,.F.);
#1715 = EDGE_LOOP('',(#1716,#1726,#1733,#1734));
#1716 = ORIENTED_EDGE('',*,*,#1717,.T.);
#1717 = EDGE_CURVE('',#1718,#1720,#1722,.T.);
#1718 = VERTEX_POINT('',#1719);
#1719 = CARTESIAN_POINT('',(53.414999,2.,1.51));
#1720 = VERTEX_POINT('',#1721);
#1721 = CARTESIAN_POINT('',(53.414999,2.,1.55));
#1722 = LINE('',#1723,#1724);
#1723 = CARTESIAN_POINT('',(53.414999,2.,1.51));
#1724 = VECTOR('',#1725,1.);
#1725 = DIRECTION('',(0.,0.,1.));
#1726 = ORIENTED_EDGE('',*,*,#1727,.T.);
#1727 = EDGE_CURVE('',#1720,#1720,#1728,.T.);
#1728 = CIRCLE('',#1729,0.914999);
#1729 = AXIS2_PLACEMENT_3D('',#1730,#1731,#1732);
#1730 = CARTESIAN_POINT('',(52.5,2.,1.55));
#1731 = DIRECTION('',(0.,0.,1.));
#1732 = DIRECTION('',(1.,0.,-0.));
#1733 = ORIENTED_EDGE('',*,*,#1717,.F.);
#1734 = ORIENTED_EDGE('',*,*,#1735,.F.);
#1735 = EDGE_CURVE('',#1718,#1718,#1736,.T.);
#1736 = CIRCLE('',#1737,0.914999);
#1737 = AXIS2_PLACEMENT_3D('',#1738,#1739,#1740);
#1738 = CARTESIAN_POINT('',(52.5,2.,1.51));
#1739 = DIRECTION('',(0.,0.,1.));
#1740 = DIRECTION('',(1.,0.,-0.));
#1741 = CYLINDRICAL_SURFACE('',#1742,0.914999);
#1742 = AXIS2_PLACEMENT_3D('',#1743,#1744,#1745);
#1743 = CARTESIAN_POINT('',(52.5,2.,1.51));
#1744 = DIRECTION('',(-0.,-0.,-1.));
#1745 = DIRECTION('',(1.,0.,-0.));
#1746 = ADVANCED_FACE('',(#1747),#1750,.F.);
#1747 = FACE_BOUND('',#1748,.F.);
#1748 = EDGE_LOOP('',(#1749));
#1749 = ORIENTED_EDGE('',*,*,#1735,.T.);
#1750 = PLANE('',#1751);
#1751 = AXIS2_PLACEMENT_3D('',#1752,#1753,#1754);
#1752 = CARTESIAN_POINT('',(0.,0.,1.51));
#1753 = DIRECTION('',(0.,0.,1.));
#1754 = DIRECTION('',(1.,0.,-0.));
#1755 = ADVANCED_FACE('',(#1756),#1759,.T.);
#1756 = FACE_BOUND('',#1757,.T.);
#1757 = EDGE_LOOP('',(#1758));
#1758 = ORIENTED_EDGE('',*,*,#1727,.T.);
#1759 = PLANE('',#1760);
#1760 = AXIS2_PLACEMENT_3D('',#1761,#1762,#1763);
#1761 = CARTESIAN_POINT('',(0.,0.,1.55));
#1762 = DIRECTION('',(0.,0.,1.));
#1763 = DIRECTION('',(1.,0.,-0.));
#1764 = MANIFOLD_SOLID_BREP('',#1765);
#1765 = CLOSED_SHELL('',(#1766,#1799,#1808));
#1766 = ADVANCED_FACE('',(#1767),#1794,.T.);
#1767 = FACE_BOUND('',#1768,.F.);
#1768 = EDGE_LOOP('',(#1769,#1779,#1786,#1787));
#1769 = ORIENTED_EDGE('',*,*,#1770,.T.);
#1770 = EDGE_CURVE('',#1771,#1773,#1775,.T.);
#1771 = VERTEX_POINT('',#1772);
#1772 = CARTESIAN_POINT('',(-63.585001,2.,1.51));
#1773 = VERTEX_POINT('',#1774);
#1774 = CARTESIAN_POINT('',(-63.585001,2.,1.55));
#1775 = LINE('',#1776,#1777);
#1776 = CARTESIAN_POINT('',(-63.585001,2.,1.51));
#1777 = VECTOR('',#1778,1.);
#1778 = DIRECTION('',(0.,0.,1.));
#1779 = ORIENTED_EDGE('',*,*,#1780,.T.);
#1780 = EDGE_CURVE('',#1773,#1773,#1781,.T.);
#1781 = CIRCLE('',#1782,0.914999);
#1782 = AXIS2_PLACEMENT_3D('',#1783,#1784,#1785);
#1783 = CARTESIAN_POINT('',(-64.5,2.,1.55));
#1784 = DIRECTION('',(0.,0.,1.));
#1785 = DIRECTION('',(1.,0.,-0.));
#1786 = ORIENTED_EDGE('',*,*,#1770,.F.);
#1787 = ORIENTED_EDGE('',*,*,#1788,.F.);
#1788 = EDGE_CURVE('',#1771,#1771,#1789,.T.);
#1789 = CIRCLE('',#1790,0.914999);
#1790 = AXIS2_PLACEMENT_3D('',#1791,#1792,#1793);
#1791 = CARTESIAN_POINT('',(-64.5,2.,1.51));
#1792 = DIRECTION('',(0.,0.,1.));
#1793 = DIRECTION('',(1.,0.,-0.));
#1794 = CYLINDRICAL_SURFACE('',#1795,0.914999);
#1795 = AXIS2_PLACEMENT_3D('',#1796,#1797,#1798);
#1796 = CARTESIAN_POINT('',(-64.5,2.,1.51));
#1797 = DIRECTION('',(-0.,-0.,-1.));
#1798 = DIRECTION('',(1.,0.,-0.));
#1799 = ADVANCED_FACE('',(#1800),#1803,.F.);
#1800 = FACE_BOUND('',#1801,.F.);
#1801 = EDGE_LOOP('',(#1802));
#1802 = ORIENTED_EDGE('',*,*,#1788,.T.);
#1803 = PLANE('',#1804);
#1804 = AXIS2_PLACEMENT_3D('',#1805,#1806,#1807);
#1805 = CARTESIAN_POINT('',(0.,0.,1.51));
#1806 = DIRECTION('',(0.,0.,1.));
#1807 = DIRECTION('',(1.,0.,-0.));
#1808 = ADVANCED_FACE('',(#1809),#1812,.T.);
#1809 = FACE_BOUND('',#1810,.T.);
#1810 = EDGE_LOOP('',(#1811));
#1811 = ORIENTED_EDGE('',*,*,#1780,.T.);
#1812 = PLANE('',#1813);
#1813 = AXIS2_PLACEMENT_3D('',#1814,#1815,#1816);
#1814 = CARTESIAN_POINT('',(0.,0.,1.55));
#1815 = DIRECTION('',(0.,0.,1.));
#1816 = DIRECTION('',(1.,0.,-0.));
#1817 = MANIFOLD_SOLID_BREP('',#1818);
#1818 = CLOSED_SHELL('',(#1819,#1852,#1861));
#1819 = ADVANCED_FACE('',(#1820),#1847,.T.);
#1820 = FACE_BOUND('',#1821,.F.);
#1821 = EDGE_LOOP('',(#1822,#1832,#1839,#1840));
#1822 = ORIENTED_EDGE('',*,*,#1823,.T.);
#1823 = EDGE_CURVE('',#1824,#1826,#1828,.T.);
#1824 = VERTEX_POINT('',#1825);
#1825 = CARTESIAN_POINT('',(20.414999,2.,1.51));
#1826 = VERTEX_POINT('',#1827);
#1827 = CARTESIAN_POINT('',(20.414999,2.,1.55));
#1828 = LINE('',#1829,#1830);
#1829 = CARTESIAN_POINT('',(20.414999,2.,1.51));
#1830 = VECTOR('',#1831,1.);
#1831 = DIRECTION('',(0.,0.,1.));
#1832 = ORIENTED_EDGE('',*,*,#1833,.T.);
#1833 = EDGE_CURVE('',#1826,#1826,#1834,.T.);
#1834 = CIRCLE('',#1835,0.914999);
#1835 = AXIS2_PLACEMENT_3D('',#1836,#1837,#1838);
#1836 = CARTESIAN_POINT('',(19.5,2.,1.55));
#1837 = DIRECTION('',(0.,0.,1.));
#1838 = DIRECTION('',(1.,0.,-0.));
#1839 = ORIENTED_EDGE('',*,*,#1823,.F.);
#1840 = ORIENTED_EDGE('',*,*,#1841,.F.);
#1841 = EDGE_CURVE('',#1824,#1824,#1842,.T.);
#1842 = CIRCLE('',#1843,0.914999);
#1843 = AXIS2_PLACEMENT_3D('',#1844,#1845,#1846);
#1844 = CARTESIAN_POINT('',(19.5,2.,1.51));
#1845 = DIRECTION('',(0.,0.,1.));
#1846 = DIRECTION('',(1.,0.,-0.));
#1847 = CYLINDRICAL_SURFACE('',#1848,0.914999);
#1848 = AXIS2_PLACEMENT_3D('',#1849,#1850,#1851);
#1849 = CARTESIAN_POINT('',(19.5,2.,1.51));
#1850 = DIRECTION('',(-0.,-0.,-1.));
#1851 = DIRECTION('',(1.,0.,-0.));
#1852 = ADVANCED_FACE('',(#1853),#1856,.F.);
#1853 = FACE_BOUND('',#1854,.F.);
#1854 = EDGE_LOOP('',(#1855));
#1855 = ORIENTED_EDGE('',*,*,#1841,.T.);
#1856 = PLANE('',#1857);
#1857 = AXIS2_PLACEMENT_3D('',#1858,#1859,#1860);
#1858 = CARTESIAN_POINT('',(0.,0.,1.51));
#1859 = DIRECTION('',(0.,0.,1.));
#1860 = DIRECTION('',(1.,0.,-0.));
#1861 = ADVANCED_FACE('',(#1862),#1865,.T.);
#1862 = FACE_BOUND('',#1863,.T.);
#1863 = EDGE_LOOP('',(#1864));
#1864 = ORIENTED_EDGE('',*,*,#1833,.T.);
#1865 = PLANE('',#1866);
#1866 = AXIS2_PLACEMENT_3D('',#1867,#1868,#1869);
#1867 = CARTESIAN_POINT('',(0.,0.,1.55));
#1868 = DIRECTION('',(0.,0.,1.));
#1869 = DIRECTION('',(1.,0.,-0.));
#1870 = MANIFOLD_SOLID_BREP('',#1871);
#1871 = CLOSED_SHELL('',(#1872,#1905,#1914));
#1872 = ADVANCED_FACE('',(#1873),#1900,.T.);
#1873 = FACE_BOUND('',#1874,.F.);
#1874 = EDGE_LOOP('',(#1875,#1885,#1892,#1893));
#1875 = ORIENTED_EDGE('',*,*,#1876,.T.);
#1876 = EDGE_CURVE('',#1877,#1879,#1881,.T.);
#1877 = VERTEX_POINT('',#1878);
#1878 = CARTESIAN_POINT('',(-21.585001,2.,1.51));
#1879 = VERTEX_POINT('',#1880);
#1880 = CARTESIAN_POINT('',(-21.585001,2.,1.55));
#1881 = LINE('',#1882,#1883);
#1882 = CARTESIAN_POINT('',(-21.585001,2.,1.51));
#1883 = VECTOR('',#1884,1.);
#1884 = DIRECTION('',(0.,0.,1.));
#1885 = ORIENTED_EDGE('',*,*,#1886,.T.);
#1886 = EDGE_CURVE('',#1879,#1879,#1887,.T.);
#1887 = CIRCLE('',#1888,0.914999);
#1888 = AXIS2_PLACEMENT_3D('',#1889,#1890,#1891);
#1889 = CARTESIAN_POINT('',(-22.5,2.,1.55));
#1890 = DIRECTION('',(0.,0.,1.));
#1891 = DIRECTION('',(1.,0.,-0.));
#1892 = ORIENTED_EDGE('',*,*,#1876,.F.);
#1893 = ORIENTED_EDGE('',*,*,#1894,.F.);
#1894 = EDGE_CURVE('',#1877,#1877,#1895,.T.);
#1895 = CIRCLE('',#1896,0.914999);
#1896 = AXIS2_PLACEMENT_3D('',#1897,#1898,#1899);
#1897 = CARTESIAN_POINT('',(-22.5,2.,1.51));
#1898 = DIRECTION('',(0.,0.,1.));
#1899 = DIRECTION('',(1.,0.,-0.));
#1900 = CYLINDRICAL_SURFACE('',#1901,0.914999);
#1901 = AXIS2_PLACEMENT_3D('',#1902,#1903,#1904);
#1902 = CARTESIAN_POINT('',(-22.5,2.,1.51));
#1903 = DIRECTION('',(-0.,-0.,-1.));
#1904 = DIRECTION('',(1.,0.,-0.));
#1905 = ADVANCED_FACE('',(#1906),#1909,.F.);
#1906 = FACE_BOUND('',#1907,.F.);
#1907 = EDGE_LOOP('',(#1908));
#1908 = ORIENTED_EDGE('',*,*,#1894,.T.);
#1909 = PLANE('',#1910);
#1910 = AXIS2_PLACEMENT_3D('',#1911,#1912,#1913);
#1911 = CARTESIAN_POINT('',(0.,0.,1.51));
#1912 = DIRECTION('',(0.,0.,1.));
#1913 = DIRECTION('',(1.,0.,-0.));
#1914 = ADVANCED_FACE('',(#1915),#1918,.T.);
#1915 = FACE_BOUND('',#1916,.T.);
#1916 = EDGE_LOOP('',(#1917));
#1917 = ORIENTED_EDGE('',*,*,#1886,.T.);
#1918 = PLANE('',#1919);
#1919 = AXIS2_PLACEMENT_3D('',#1920,#1921,#1922);
#1920 = CARTESIAN_POINT('',(0.,0.,1.55));
#1921 = DIRECTION('',(0.,0.,1.));
#1922 = DIRECTION('',(1.,0.,-0.));
#1923 = MANIFOLD_SOLID_BREP('',#1924);
#1924 = CLOSED_SHELL('',(#1925,#1958,#1967));
#1925 = ADVANCED_FACE('',(#1926),#1953,.T.);
#1926 = FACE_BOUND('',#1927,.F.);
#1927 = EDGE_LOOP('',(#1928,#1938,#1945,#1946));
#1928 = ORIENTED_EDGE('',*,*,#1929,.T.);
#1929 = EDGE_CURVE('',#1930,#1932,#1934,.T.);
#1930 = VERTEX_POINT('',#1931);
#1931 = CARTESIAN_POINT('',(80.414999,2.,1.51));
#1932 = VERTEX_POINT('',#1933);
#1933 = CARTESIAN_POINT('',(80.414999,2.,1.55));
#1934 = LINE('',#1935,#1936);
#1935 = CARTESIAN_POINT('',(80.414999,2.,1.51));
#1936 = VECTOR('',#1937,1.);
#1937 = DIRECTION('',(0.,0.,1.));
#1938 = ORIENTED_EDGE('',*,*,#1939,.T.);
#1939 = EDGE_CURVE('',#1932,#1932,#1940,.T.);
#1940 = CIRCLE('',#1941,0.914999);
#1941 = AXIS2_PLACEMENT_3D('',#1942,#1943,#1944);
#1942 = CARTESIAN_POINT('',(79.5,2.,1.55));
#1943 = DIRECTION('',(0.,0.,1.));
#1944 = DIRECTION('',(1.,0.,-0.));
#1945 = ORIENTED_EDGE('',*,*,#1929,.F.);
#1946 = ORIENTED_EDGE('',*,*,#1947,.F.);
#1947 = EDGE_CURVE('',#1930,#1930,#1948,.T.);
#1948 = CIRCLE('',#1949,0.914999);
#1949 = AXIS2_PLACEMENT_3D('',#1950,#1951,#1952);
#1950 = CARTESIAN_POINT('',(79.5,2.,1.51));
#1951 = DIRECTION('',(0.,0.,1.));
#1952 = DIRECTION('',(1.,0.,-0.));
#1953 = CYLINDRICAL_SURFACE('',#1954,0.914999);
#1954 = AXIS2_PLACEMENT_3D('',#1955,#1956,#1957);
#1955 = CARTESIAN_POINT('',(79.5,2.,1.51));
#1956 = DIRECTION('',(-0.,-0.,-1.));
#1957 = DIRECTION('',(1.,0.,-0.));
#1958 = ADVANCED_FACE('',(#1959),#1962,.F.);
#1959 = FACE_BOUND('',#1960,.F.);
#1960 = EDGE_LOOP('',(#1961));
#1961 = ORIENTED_EDGE('',*,*,#1947,.T.);
#1962 = PLANE('',#1963);
#1963 = AXIS2_PLACEMENT_3D('',#1964,#1965,#1966);
#1964 = CARTESIAN_POINT('',(0.,0.,1.51));
#1965 = DIRECTION('',(0.,0.,1.));
#1966 = DIRECTION('',(1.,0.,-0.));
#1967 = ADVANCED_FACE('',(#1968),#1971,.T.);
#1968 = FACE_BOUND('',#1969,.T.);
#1969 = EDGE_LOOP('',(#1970));
#1970 = ORIENTED_EDGE('',*,*,#1939,.T.);
#1971 = PLANE('',#1972);
#1972 = AXIS2_PLACEMENT_3D('',#1973,#1974,#1975);
#1973 = CARTESIAN_POINT('',(0.,0.,1.55));
#1974 = DIRECTION('',(0.,0.,1.));
#1975 = DIRECTION('',(1.,0.,-0.));
#1976 = MANIFOLD_SOLID_BREP('',#1977);
#1977 = CLOSED_SHELL('',(#1978,#2011,#2020));
#1978 = ADVANCED_FACE('',(#1979),#2006,.T.);
#1979 = FACE_BOUND('',#1980,.F.);
#1980 = EDGE_LOOP('',(#1981,#1991,#1998,#1999));
#1981 = ORIENTED_EDGE('',*,*,#1982,.T.);
#1982 = EDGE_CURVE('',#1983,#1985,#1987,.T.);
#1983 = VERTEX_POINT('',#1984);
#1984 = CARTESIAN_POINT('',(41.414999,2.,1.51));
#1985 = VERTEX_POINT('',#1986);
#1986 = CARTESIAN_POINT('',(41.414999,2.,1.55));
#1987 = LINE('',#1988,#1989);
#1988 = CARTESIAN_POINT('',(41.414999,2.,1.51));
#1989 = VECTOR('',#1990,1.);
#1990 = DIRECTION('',(0.,0.,1.));
#1991 = ORIENTED_EDGE('',*,*,#1992,.T.);
#1992 = EDGE_CURVE('',#1985,#1985,#1993,.T.);
#1993 = CIRCLE('',#1994,0.914999);
#1994 = AXIS2_PLACEMENT_3D('',#1995,#1996,#1997);
#1995 = CARTESIAN_POINT('',(40.5,2.,1.55));
#1996 = DIRECTION('',(0.,0.,1.));
#1997 = DIRECTION('',(1.,0.,-0.));
#1998 = ORIENTED_EDGE('',*,*,#1982,.F.);
#1999 = ORIENTED_EDGE('',*,*,#2000,.F.);
#2000 = EDGE_CURVE('',#1983,#1983,#2001,.T.);
#2001 = CIRCLE('',#2002,0.914999);
#2002 = AXIS2_PLACEMENT_3D('',#2003,#2004,#2005);
#2003 = CARTESIAN_POINT('',(40.5,2.,1.51));
#2004 = DIRECTION('',(0.,0.,1.));
#2005 = DIRECTION('',(1.,0.,-0.));
#2006 = CYLINDRICAL_SURFACE('',#2007,0.914999);
#2007 = AXIS2_PLACEMENT_3D('',#2008,#2009,#2010);
#2008 = CARTESIAN_POINT('',(40.5,2.,1.51));
#2009 = DIRECTION('',(-0.,-0.,-1.));
#2010 = DIRECTION('',(1.,0.,-0.));
#2011 = ADVANCED_FACE('',(#2012),#2015,.F.);
#2012 = FACE_BOUND('',#2013,.F.);
#2013 = EDGE_LOOP('',(#2014));
#2014 = ORIENTED_EDGE('',*,*,#2000,.T.);
#2015 = PLANE('',#2016);
#2016 = AXIS2_PLACEMENT_3D('',#2017,#2018,#2019);
#2017 = CARTESIAN_POINT('',(0.,0.,1.51));
#2018 = DIRECTION('',(0.,0.,1.));
#2019 = DIRECTION('',(1.,0.,-0.));
#2020 = ADVANCED_FACE('',(#2021),#2024,.T.);
#2021 = FACE_BOUND('',#2022,.T.);
#2022 = EDGE_LOOP('',(#2023));
#2023 = ORIENTED_EDGE('',*,*,#1992,.T.);
#2024 = PLANE('',#2025);
#2025 = AXIS2_PLACEMENT_3D('',#2026,#2027,#2028);
#2026 = CARTESIAN_POINT('',(0.,0.,1.55));
#2027 = DIRECTION('',(0.,0.,1.));
#2028 = DIRECTION('',(1.,0.,-0.));
#2029 = MANIFOLD_SOLID_BREP('',#2030);
#2030 = CLOSED_SHELL('',(#2031,#2064,#2073));
#2031 = ADVANCED_FACE('',(#2032),#2059,.T.);
#2032 = FACE_BOUND('',#2033,.F.);
#2033 = EDGE_LOOP('',(#2034,#2044,#2051,#2052));
#2034 = ORIENTED_EDGE('',*,*,#2035,.T.);
#2035 = EDGE_CURVE('',#2036,#2038,#2040,.T.);
#2036 = VERTEX_POINT('',#2037);
#2037 = CARTESIAN_POINT('',(-0.585001,2.,1.51));
#2038 = VERTEX_POINT('',#2039);
#2039 = CARTESIAN_POINT('',(-0.585001,2.,1.55));
#2040 = LINE('',#2041,#2042);
#2041 = CARTESIAN_POINT('',(-0.585001,2.,1.51));
#2042 = VECTOR('',#2043,1.);
#2043 = DIRECTION('',(0.,0.,1.));
#2044 = ORIENTED_EDGE('',*,*,#2045,.T.);
#2045 = EDGE_CURVE('',#2038,#2038,#2046,.T.);
#2046 = CIRCLE('',#2047,0.914999);
#2047 = AXIS2_PLACEMENT_3D('',#2048,#2049,#2050);
#2048 = CARTESIAN_POINT('',(-1.5,2.,1.55));
#2049 = DIRECTION('',(0.,0.,1.));
#2050 = DIRECTION('',(1.,0.,-0.));
#2051 = ORIENTED_EDGE('',*,*,#2035,.F.);
#2052 = ORIENTED_EDGE('',*,*,#2053,.F.);
#2053 = EDGE_CURVE('',#2036,#2036,#2054,.T.);
#2054 = CIRCLE('',#2055,0.914999);
#2055 = AXIS2_PLACEMENT_3D('',#2056,#2057,#2058);
#2056 = CARTESIAN_POINT('',(-1.5,2.,1.51));
#2057 = DIRECTION('',(0.,0.,1.));
#2058 = DIRECTION('',(1.,0.,-0.));
#2059 = CYLINDRICAL_SURFACE('',#2060,0.914999);
#2060 = AXIS2_PLACEMENT_3D('',#2061,#2062,#2063);
#2061 = CARTESIAN_POINT('',(-1.5,2.,1.51));
#2062 = DIRECTION('',(-0.,-0.,-1.));
#2063 = DIRECTION('',(1.,0.,-0.));
#2064 = ADVANCED_FACE('',(#2065),#2068,.F.);
#2065 = FACE_BOUND('',#2066,.F.);
#2066 = EDGE_LOOP('',(#2067));
#2067 = ORIENTED_EDGE('',*,*,#2053,.T.);
#2068 = PLANE('',#2069);
#2069 = AXIS2_PLACEMENT_3D('',#2070,#2071,#2072);
#2070 = CARTESIAN_POINT('',(0.,0.,1.51));
#2071 = DIRECTION('',(0.,0.,1.));
#2072 = DIRECTION('',(1.,0.,-0.));
#2073 = ADVANCED_FACE('',(#2074),#2077,.T.);
#2074 = FACE_BOUND('',#2075,.T.);
#2075 = EDGE_LOOP('',(#2076));
#2076 = ORIENTED_EDGE('',*,*,#2045,.T.);
#2077 = PLANE('',#2078);
#2078 = AXIS2_PLACEMENT_3D('',#2079,#2080,#2081);
#2079 = CARTESIAN_POINT('',(0.,0.,1.55));
#2080 = DIRECTION('',(0.,0.,1.));
#2081 = DIRECTION('',(1.,0.,-0.));
#2082 = MANIFOLD_SOLID_BREP('',#2083);
#2083 = CLOSED_SHELL('',(#2084,#2117,#2126));
#2084 = ADVANCED_FACE('',(#2085),#2112,.T.);
#2085 = FACE_BOUND('',#2086,.F.);
#2086 = EDGE_LOOP('',(#2087,#2097,#2104,#2105));
#2087 = ORIENTED_EDGE('',*,*,#2088,.T.);
#2088 = EDGE_CURVE('',#2089,#2091,#2093,.T.);
#2089 = VERTEX_POINT('',#2090);
#2090 = CARTESIAN_POINT('',(-45.585001,2.,1.51));
#2091 = VERTEX_POINT('',#2092);
#2092 = CARTESIAN_POINT('',(-45.585001,2.,1.55));
#2093 = LINE('',#2094,#2095);
#2094 = CARTESIAN_POINT('',(-45.585001,2.,1.51));
#2095 = VECTOR('',#2096,1.);
#2096 = DIRECTION('',(0.,0.,1.));
#2097 = ORIENTED_EDGE('',*,*,#2098,.T.);
#2098 = EDGE_CURVE('',#2091,#2091,#2099,.T.);
#2099 = CIRCLE('',#2100,0.914999);
#2100 = AXIS2_PLACEMENT_3D('',#2101,#2102,#2103);
#2101 = CARTESIAN_POINT('',(-46.5,2.,1.55));
#2102 = DIRECTION('',(0.,0.,1.));
#2103 = DIRECTION('',(1.,0.,-0.));
#2104 = ORIENTED_EDGE('',*,*,#2088,.F.);
#2105 = ORIENTED_EDGE('',*,*,#2106,.F.);
#2106 = EDGE_CURVE('',#2089,#2089,#2107,.T.);
#2107 = CIRCLE('',#2108,0.914999);
#2108 = AXIS2_PLACEMENT_3D('',#2109,#2110,#2111);
#2109 = CARTESIAN_POINT('',(-46.5,2.,1.51));
#2110 = DIRECTION('',(0.,0.,1.));
#2111 = DIRECTION('',(1.,0.,-0.));
#2112 = CYLINDRICAL_SURFACE('',#2113,0.914999);
#2113 = AXIS2_PLACEMENT_3D('',#2114,#2115,#2116);
#2114 = CARTESIAN_POINT('',(-46.5,2.,1.51));
#2115 = DIRECTION('',(-0.,-0.,-1.));
#2116 = DIRECTION('',(1.,0.,-0.));
#2117 = ADVANCED_FACE('',(#2118),#2121,.F.);
#2118 = FACE_BOUND('',#2119,.F.);
#2119 = EDGE_LOOP('',(#2120));
#2120 = ORIENTED_EDGE('',*,*,#2106,.T.);
#2121 = PLANE('',#2122);
#2122 = AXIS2_PLACEMENT_3D('',#2123,#2124,#2125);
#2123 = CARTESIAN_POINT('',(0.,0.,1.51));
#2124 = DIRECTION('',(0.,0.,1.));
#2125 = DIRECTION('',(1.,0.,-0.));
#2126 = ADVANCED_FACE('',(#2127),#2130,.T.);
#2127 = FACE_BOUND('',#2128,.T.);
#2128 = EDGE_LOOP('',(#2129));
#2129 = ORIENTED_EDGE('',*,*,#2098,.T.);
#2130 = PLANE('',#2131);
#2131 = AXIS2_PLACEMENT_3D('',#2132,#2133,#2134);
#2132 = CARTESIAN_POINT('',(0.,0.,1.55));
#2133 = DIRECTION('',(0.,0.,1.));
#2134 = DIRECTION('',(1.,0.,-0.));
#2135 = MANIFOLD_SOLID_BREP('',#2136);
#2136 = CLOSED_SHELL('',(#2137,#2170,#2179));
#2137 = ADVANCED_FACE('',(#2138),#2165,.T.);
#2138 = FACE_BOUND('',#2139,.F.);
#2139 = EDGE_LOOP('',(#2140,#2150,#2157,#2158));
#2140 = ORIENTED_EDGE('',*,*,#2141,.T.);
#2141 = EDGE_CURVE('',#2142,#2144,#2146,.T.);
#2142 = VERTEX_POINT('',#2143);
#2143 = CARTESIAN_POINT('',(-18.460001,2.,1.51));
#2144 = VERTEX_POINT('',#2145);
#2145 = CARTESIAN_POINT('',(-18.460001,2.,1.55));
#2146 = LINE('',#2147,#2148);
#2147 = CARTESIAN_POINT('',(-18.460001,2.,1.51));
#2148 = VECTOR('',#2149,1.);
#2149 = DIRECTION('',(0.,0.,1.));
#2150 = ORIENTED_EDGE('',*,*,#2151,.T.);
#2151 = EDGE_CURVE('',#2144,#2144,#2152,.T.);
#2152 = CIRCLE('',#2153,0.914999);
#2153 = AXIS2_PLACEMENT_3D('',#2154,#2155,#2156);
#2154 = CARTESIAN_POINT('',(-19.375,2.,1.55));
#2155 = DIRECTION('',(0.,0.,1.));
#2156 = DIRECTION('',(1.,0.,-0.));
#2157 = ORIENTED_EDGE('',*,*,#2141,.F.);
#2158 = ORIENTED_EDGE('',*,*,#2159,.F.);
#2159 = EDGE_CURVE('',#2142,#2142,#2160,.T.);
#2160 = CIRCLE('',#2161,0.914999);
#2161 = AXIS2_PLACEMENT_3D('',#2162,#2163,#2164);
#2162 = CARTESIAN_POINT('',(-19.375,2.,1.51));
#2163 = DIRECTION('',(0.,0.,1.));
#2164 = DIRECTION('',(1.,0.,-0.));
#2165 = CYLINDRICAL_SURFACE('',#2166,0.914999);
#2166 = AXIS2_PLACEMENT_3D('',#2167,#2168,#2169);
#2167 = CARTESIAN_POINT('',(-19.375,2.,1.51));
#2168 = DIRECTION('',(-0.,-0.,-1.));
#2169 = DIRECTION('',(1.,0.,-0.));
#2170 = ADVANCED_FACE('',(#2171),#2174,.F.);
#2171 = FACE_BOUND('',#2172,.F.);
#2172 = EDGE_LOOP('',(#2173));
#2173 = ORIENTED_EDGE('',*,*,#2159,.T.);
#2174 = PLANE('',#2175);
#2175 = AXIS2_PLACEMENT_3D('',#2176,#2177,#2178);
#2176 = CARTESIAN_POINT('',(0.,0.,1.51));
#2177 = DIRECTION('',(0.,0.,1.));
#2178 = DIRECTION('',(1.,0.,-0.));
#2179 = ADVANCED_FACE('',(#2180),#2183,.T.);
#2180 = FACE_BOUND('',#2181,.T.);
#2181 = EDGE_LOOP('',(#2182));
#2182 = ORIENTED_EDGE('',*,*,#2151,.T.);
#2183 = PLANE('',#2184);
#2184 = AXIS2_PLACEMENT_3D('',#2185,#2186,#2187);
#2185 = CARTESIAN_POINT('',(0.,0.,1.55));
#2186 = DIRECTION('',(0.,0.,1.));
#2187 = DIRECTION('',(1.,0.,-0.));
#2188 = MANIFOLD_SOLID_BREP('',#2189);
#2189 = CLOSED_SHELL('',(#2190,#2223,#2232));
#2190 = ADVANCED_FACE('',(#2191),#2218,.T.);
#2191 = FACE_BOUND('',#2192,.F.);
#2192 = EDGE_LOOP('',(#2193,#2203,#2210,#2211));
#2193 = ORIENTED_EDGE('',*,*,#2194,.T.);
#2194 = EDGE_CURVE('',#2195,#2197,#2199,.T.);
#2195 = VERTEX_POINT('',#2196);
#2196 = CARTESIAN_POINT('',(38.414999,2.,1.51));
#2197 = VERTEX_POINT('',#2198);
#2198 = CARTESIAN_POINT('',(38.414999,2.,1.55));
#2199 = LINE('',#2200,#2201);
#2200 = CARTESIAN_POINT('',(38.414999,2.,1.51));
#2201 = VECTOR('',#2202,1.);
#2202 = DIRECTION('',(0.,0.,1.));
#2203 = ORIENTED_EDGE('',*,*,#2204,.T.);
#2204 = EDGE_CURVE('',#2197,#2197,#2205,.T.);
#2205 = CIRCLE('',#2206,0.914999);
#2206 = AXIS2_PLACEMENT_3D('',#2207,#2208,#2209);
#2207 = CARTESIAN_POINT('',(37.5,2.,1.55));
#2208 = DIRECTION('',(0.,0.,1.));
#2209 = DIRECTION('',(1.,0.,-0.));
#2210 = ORIENTED_EDGE('',*,*,#2194,.F.);
#2211 = ORIENTED_EDGE('',*,*,#2212,.F.);
#2212 = EDGE_CURVE('',#2195,#2195,#2213,.T.);
#2213 = CIRCLE('',#2214,0.914999);
#2214 = AXIS2_PLACEMENT_3D('',#2215,#2216,#2217);
#2215 = CARTESIAN_POINT('',(37.5,2.,1.51));
#2216 = DIRECTION('',(0.,0.,1.));
#2217 = DIRECTION('',(1.,0.,-0.));
#2218 = CYLINDRICAL_SURFACE('',#2219,0.914999);
#2219 = AXIS2_PLACEMENT_3D('',#2220,#2221,#2222);
#2220 = CARTESIAN_POINT('',(37.5,2.,1.51));
#2221 = DIRECTION('',(-0.,-0.,-1.));
#2222 = DIRECTION('',(1.,0.,-0.));
#2223 = ADVANCED_FACE('',(#2224),#2227,.F.);
#2224 = FACE_BOUND('',#2225,.F.);
#2225 = EDGE_LOOP('',(#2226));
#2226 = ORIENTED_EDGE('',*,*,#2212,.T.);
#2227 = PLANE('',#2228);
#2228 = AXIS2_PLACEMENT_3D('',#2229,#2230,#2231);
#2229 = CARTESIAN_POINT('',(0.,0.,1.51));
#2230 = DIRECTION('',(0.,0.,1.));
#2231 = DIRECTION('',(1.,0.,-0.));
#2232 = ADVANCED_FACE('',(#2233),#2236,.T.);
#2233 = FACE_BOUND('',#2234,.T.);
#2234 = EDGE_LOOP('',(#2235));
#2235 = ORIENTED_EDGE('',*,*,#2204,.T.);
#2236 = PLANE('',#2237);
#2237 = AXIS2_PLACEMENT_3D('',#2238,#2239,#2240);
#2238 = CARTESIAN_POINT('',(0.,0.,1.55));
#2239 = DIRECTION('',(0.,0.,1.));
#2240 = DIRECTION('',(1.,0.,-0.));
#2241 = MANIFOLD_SOLID_BREP('',#2242);
#2242 = CLOSED_SHELL('',(#2243,#2276,#2285));
#2243 = ADVANCED_FACE('',(#2244),#2271,.T.);
#2244 = FACE_BOUND('',#2245,.F.);
#2245 = EDGE_LOOP('',(#2246,#2256,#2263,#2264));
#2246 = ORIENTED_EDGE('',*,*,#2247,.T.);
#2247 = EDGE_CURVE('',#2248,#2250,#2252,.T.);
#2248 = VERTEX_POINT('',#2249);
#2249 = CARTESIAN_POINT('',(68.414999,2.,1.51));
#2250 = VERTEX_POINT('',#2251);
#2251 = CARTESIAN_POINT('',(68.414999,2.,1.55));
#2252 = LINE('',#2253,#2254);
#2253 = CARTESIAN_POINT('',(68.414999,2.,1.51));
#2254 = VECTOR('',#2255,1.);
#2255 = DIRECTION('',(0.,0.,1.));
#2256 = ORIENTED_EDGE('',*,*,#2257,.T.);
#2257 = EDGE_CURVE('',#2250,#2250,#2258,.T.);
#2258 = CIRCLE('',#2259,0.914999);
#2259 = AXIS2_PLACEMENT_3D('',#2260,#2261,#2262);
#2260 = CARTESIAN_POINT('',(67.5,2.,1.55));
#2261 = DIRECTION('',(0.,0.,1.));
#2262 = DIRECTION('',(1.,0.,-0.));
#2263 = ORIENTED_EDGE('',*,*,#2247,.F.);
#2264 = ORIENTED_EDGE('',*,*,#2265,.F.);
#2265 = EDGE_CURVE('',#2248,#2248,#2266,.T.);
#2266 = CIRCLE('',#2267,0.914999);
#2267 = AXIS2_PLACEMENT_3D('',#2268,#2269,#2270);
#2268 = CARTESIAN_POINT('',(67.5,2.,1.51));
#2269 = DIRECTION('',(0.,0.,1.));
#2270 = DIRECTION('',(1.,0.,-0.));
#2271 = CYLINDRICAL_SURFACE('',#2272,0.914999);
#2272 = AXIS2_PLACEMENT_3D('',#2273,#2274,#2275);
#2273 = CARTESIAN_POINT('',(67.5,2.,1.51));
#2274 = DIRECTION('',(-0.,-0.,-1.));
#2275 = DIRECTION('',(1.,0.,-0.));
#2276 = ADVANCED_FACE('',(#2277),#2280,.F.);
#2277 = FACE_BOUND('',#2278,.F.);
#2278 = EDGE_LOOP('',(#2279));
#2279 = ORIENTED_EDGE('',*,*,#2265,.T.);
#2280 = PLANE('',#2281);
#2281 = AXIS2_PLACEMENT_3D('',#2282,#2283,#2284);
#2282 = CARTESIAN_POINT('',(0.,0.,1.51));
#2283 = DIRECTION('',(0.,0.,1.));
#2284 = DIRECTION('',(1.,0.,-0.));
#2285 = ADVANCED_FACE('',(#2286),#2289,.T.);
#2286 = FACE_BOUND('',#2287,.T.);
#2287 = EDGE_LOOP('',(#2288));
#2288 = ORIENTED_EDGE('',*,*,#2257,.T.);
#2289 = PLANE('',#2290);
#2290 = AXIS2_PLACEMENT_3D('',#2291,#2292,#2293);
#2291 = CARTESIAN_POINT('',(0.,0.,1.55));
#2292 = DIRECTION('',(0.,0.,1.));
#2293 = DIRECTION('',(1.,0.,-0.));
#2294 = MANIFOLD_SOLID_BREP('',#2295);
#2295 = CLOSED_SHELL('',(#2296,#2329,#2338));
#2296 = ADVANCED_FACE('',(#2297),#2324,.T.);
#2297 = FACE_BOUND('',#2298,.F.);
#2298 = EDGE_LOOP('',(#2299,#2309,#2316,#2317));
#2299 = ORIENTED_EDGE('',*,*,#2300,.T.);
#2300 = EDGE_CURVE('',#2301,#2303,#2305,.T.);
#2301 = VERTEX_POINT('',#2302);
#2302 = CARTESIAN_POINT('',(-42.585001,2.,1.51));
#2303 = VERTEX_POINT('',#2304);
#2304 = CARTESIAN_POINT('',(-42.585001,2.,1.55));
#2305 = LINE('',#2306,#2307);
#2306 = CARTESIAN_POINT('',(-42.585001,2.,1.51));
#2307 = VECTOR('',#2308,1.);
#2308 = DIRECTION('',(0.,0.,1.));
#2309 = ORIENTED_EDGE('',*,*,#2310,.T.);
#2310 = EDGE_CURVE('',#2303,#2303,#2311,.T.);
#2311 = CIRCLE('',#2312,0.914999);
#2312 = AXIS2_PLACEMENT_3D('',#2313,#2314,#2315);
#2313 = CARTESIAN_POINT('',(-43.5,2.,1.55));
#2314 = DIRECTION('',(0.,0.,1.));
#2315 = DIRECTION('',(1.,0.,-0.));
#2316 = ORIENTED_EDGE('',*,*,#2300,.F.);
#2317 = ORIENTED_EDGE('',*,*,#2318,.F.);
#2318 = EDGE_CURVE('',#2301,#2301,#2319,.T.);
#2319 = CIRCLE('',#2320,0.914999);
#2320 = AXIS2_PLACEMENT_3D('',#2321,#2322,#2323);
#2321 = CARTESIAN_POINT('',(-43.5,2.,1.51));
#2322 = DIRECTION('',(0.,0.,1.));
#2323 = DIRECTION('',(1.,0.,-0.));
#2324 = CYLINDRICAL_SURFACE('',#2325,0.914999);
#2325 = AXIS2_PLACEMENT_3D('',#2326,#2327,#2328);
#2326 = CARTESIAN_POINT('',(-43.5,2.,1.51));
#2327 = DIRECTION('',(-0.,-0.,-1.));
#2328 = DIRECTION('',(1.,0.,-0.));
#2329 = ADVANCED_FACE('',(#2330),#2333,.F.);
#2330 = FACE_BOUND('',#2331,.F.);
#2331 = EDGE_LOOP('',(#2332));
#2332 = ORIENTED_EDGE('',*,*,#2318,.T.);
#2333 = PLANE('',#2334);
#2334 = AXIS2_PLACEMENT_3D('',#2335,#2336,#2337);
#2335 = CARTESIAN_POINT('',(0.,0.,1.51));
#2336 = DIRECTION('',(0.,0.,1.));
#2337 = DIRECTION('',(1.,0.,-0.));
#2338 = ADVANCED_FACE('',(#2339),#2342,.T.);
#2339 = FACE_BOUND('',#2340,.T.);
#2340 = EDGE_LOOP('',(#2341));
#2341 = ORIENTED_EDGE('',*,*,#2310,.T.);
#2342 = PLANE('',#2343);
#2343 = AXIS2_PLACEMENT_3D('',#2344,#2345,#2346);
#2344 = CARTESIAN_POINT('',(0.,0.,1.55));
#2345 = DIRECTION('',(0.,0.,1.));
#2346 = DIRECTION('',(1.,0.,-0.));
#2347 = MANIFOLD_SOLID_BREP('',#2348);
#2348 = CLOSED_SHELL('',(#2349,#2382,#2391));
#2349 = ADVANCED_FACE('',(#2350),#2377,.T.);
#2350 = FACE_BOUND('',#2351,.F.);
#2351 = EDGE_LOOP('',(#2352,#2362,#2369,#2370));
#2352 = ORIENTED_EDGE('',*,*,#2353,.T.);
#2353 = EDGE_CURVE('',#2354,#2356,#2358,.T.);
#2354 = VERTEX_POINT('',#2355);
#2355 = CARTESIAN_POINT('',(-6.585001,2.,1.51));
#2356 = VERTEX_POINT('',#2357);
#2357 = CARTESIAN_POINT('',(-6.585001,2.,1.55));
#2358 = LINE('',#2359,#2360);
#2359 = CARTESIAN_POINT('',(-6.585001,2.,1.51));
#2360 = VECTOR('',#2361,1.);
#2361 = DIRECTION('',(0.,0.,1.));
#2362 = ORIENTED_EDGE('',*,*,#2363,.T.);
#2363 = EDGE_CURVE('',#2356,#2356,#2364,.T.);
#2364 = CIRCLE('',#2365,0.914999);
#2365 = AXIS2_PLACEMENT_3D('',#2366,#2367,#2368);
#2366 = CARTESIAN_POINT('',(-7.5,2.,1.55));
#2367 = DIRECTION('',(0.,0.,1.));
#2368 = DIRECTION('',(1.,0.,-0.));
#2369 = ORIENTED_EDGE('',*,*,#2353,.F.);
#2370 = ORIENTED_EDGE('',*,*,#2371,.F.);
#2371 = EDGE_CURVE('',#2354,#2354,#2372,.T.);
#2372 = CIRCLE('',#2373,0.914999);
#2373 = AXIS2_PLACEMENT_3D('',#2374,#2375,#2376);
#2374 = CARTESIAN_POINT('',(-7.5,2.,1.51));
#2375 = DIRECTION('',(0.,0.,1.));
#2376 = DIRECTION('',(1.,0.,-0.));
#2377 = CYLINDRICAL_SURFACE('',#2378,0.914999);
#2378 = AXIS2_PLACEMENT_3D('',#2379,#2380,#2381);
#2379 = CARTESIAN_POINT('',(-7.5,2.,1.51));
#2380 = DIRECTION('',(-0.,-0.,-1.));
#2381 = DIRECTION('',(1.,0.,-0.));
#2382 = ADVANCED_FACE('',(#2383),#2386,.F.);
#2383 = FACE_BOUND('',#2384,.F.);
#2384 = EDGE_LOOP('',(#2385));
#2385 = ORIENTED_EDGE('',*,*,#2371,.T.);
#2386 = PLANE('',#2387);
#2387 = AXIS2_PLACEMENT_3D('',#2388,#2389,#2390);
#2388 = CARTESIAN_POINT('',(0.,0.,1.51));
#2389 = DIRECTION('',(0.,0.,1.));
#2390 = DIRECTION('',(1.,0.,-0.));
#2391 = ADVANCED_FACE('',(#2392),#2395,.T.);
#2392 = FACE_BOUND('',#2393,.T.);
#2393 = EDGE_LOOP('',(#2394));
#2394 = ORIENTED_EDGE('',*,*,#2363,.T.);
#2395 = PLANE('',#2396);
#2396 = AXIS2_PLACEMENT_3D('',#2397,#2398,#2399);
#2397 = CARTESIAN_POINT('',(0.,0.,1.55));
#2398 = DIRECTION('',(0.,0.,1.));
#2399 = DIRECTION('',(1.,0.,-0.));
#2400 = MANIFOLD_SOLID_BREP('',#2401);
#2401 = CLOSED_SHELL('',(#2402,#2435,#2444));
#2402 = ADVANCED_FACE('',(#2403),#2430,.T.);
#2403 = FACE_BOUND('',#2404,.F.);
#2404 = EDGE_LOOP('',(#2405,#2415,#2422,#2423));
#2405 = ORIENTED_EDGE('',*,*,#2406,.T.);
#2406 = EDGE_CURVE('',#2407,#2409,#2411,.T.);
#2407 = VERTEX_POINT('',#2408);
#2408 = CARTESIAN_POINT('',(-51.585001,2.,1.51));
#2409 = VERTEX_POINT('',#2410);
#2410 = CARTESIAN_POINT('',(-51.585001,2.,1.55));
#2411 = LINE('',#2412,#2413);
#2412 = CARTESIAN_POINT('',(-51.585001,2.,1.51));
#2413 = VECTOR('',#2414,1.);
#2414 = DIRECTION('',(0.,0.,1.));
#2415 = ORIENTED_EDGE('',*,*,#2416,.T.);
#2416 = EDGE_CURVE('',#2409,#2409,#2417,.T.);
#2417 = CIRCLE('',#2418,0.914999);
#2418 = AXIS2_PLACEMENT_3D('',#2419,#2420,#2421);
#2419 = CARTESIAN_POINT('',(-52.5,2.,1.55));
#2420 = DIRECTION('',(0.,0.,1.));
#2421 = DIRECTION('',(1.,0.,-0.));
#2422 = ORIENTED_EDGE('',*,*,#2406,.F.);
#2423 = ORIENTED_EDGE('',*,*,#2424,.F.);
#2424 = EDGE_CURVE('',#2407,#2407,#2425,.T.);
#2425 = CIRCLE('',#2426,0.914999);
#2426 = AXIS2_PLACEMENT_3D('',#2427,#2428,#2429);
#2427 = CARTESIAN_POINT('',(-52.5,2.,1.51));
#2428 = DIRECTION('',(0.,0.,1.));
#2429 = DIRECTION('',(1.,0.,-0.));
#2430 = CYLINDRICAL_SURFACE('',#2431,0.914999);
#2431 = AXIS2_PLACEMENT_3D('',#2432,#2433,#2434);
#2432 = CARTESIAN_POINT('',(-52.5,2.,1.51));
#2433 = DIRECTION('',(-0.,-0.,-1.));
#2434 = DIRECTION('',(1.,0.,-0.));
#2435 = ADVANCED_FACE('',(#2436),#2439,.F.);
#2436 = FACE_BOUND('',#2437,.F.);
#2437 = EDGE_LOOP('',(#2438));
#2438 = ORIENTED_EDGE('',*,*,#2424,.T.);
#2439 = PLANE('',#2440);
#2440 = AXIS2_PLACEMENT_3D('',#2441,#2442,#2443);
#2441 = CARTESIAN_POINT('',(0.,0.,1.51));
#2442 = DIRECTION('',(0.,0.,1.));
#2443 = DIRECTION('',(1.,0.,-0.));
#2444 = ADVANCED_FACE('',(#2445),#2448,.T.);
#2445 = FACE_BOUND('',#2446,.T.);
#2446 = EDGE_LOOP('',(#2447));
#2447 = ORIENTED_EDGE('',*,*,#2416,.T.);
#2448 = PLANE('',#2449);
#2449 = AXIS2_PLACEMENT_3D('',#2450,#2451,#2452);
#2450 = CARTESIAN_POINT('',(0.,0.,1.55));
#2451 = DIRECTION('',(0.,0.,1.));
#2452 = DIRECTION('',(1.,0.,-0.));
#2453 = MANIFOLD_SOLID_BREP('',#2454);
#2454 = CLOSED_SHELL('',(#2455,#2488,#2497));
#2455 = ADVANCED_FACE('',(#2456),#2483,.T.);
#2456 = FACE_BOUND('',#2457,.F.);
#2457 = EDGE_LOOP('',(#2458,#2468,#2475,#2476));
#2458 = ORIENTED_EDGE('',*,*,#2459,.T.);
#2459 = EDGE_CURVE('',#2460,#2462,#2464,.T.);
#2460 = VERTEX_POINT('',#2461);
#2461 = CARTESIAN_POINT('',(83.414999,2.,1.51));
#2462 = VERTEX_POINT('',#2463);
#2463 = CARTESIAN_POINT('',(83.414999,2.,1.55));
#2464 = LINE('',#2465,#2466);
#2465 = CARTESIAN_POINT('',(83.414999,2.,1.51));
#2466 = VECTOR('',#2467,1.);
#2467 = DIRECTION('',(0.,0.,1.));
#2468 = ORIENTED_EDGE('',*,*,#2469,.T.);
#2469 = EDGE_CURVE('',#2462,#2462,#2470,.T.);
#2470 = CIRCLE('',#2471,0.914999);
#2471 = AXIS2_PLACEMENT_3D('',#2472,#2473,#2474);
#2472 = CARTESIAN_POINT('',(82.5,2.,1.55));
#2473 = DIRECTION('',(0.,0.,1.));
#2474 = DIRECTION('',(1.,0.,-0.));
#2475 = ORIENTED_EDGE('',*,*,#2459,.F.);
#2476 = ORIENTED_EDGE('',*,*,#2477,.F.);
#2477 = EDGE_CURVE('',#2460,#2460,#2478,.T.);
#2478 = CIRCLE('',#2479,0.914999);
#2479 = AXIS2_PLACEMENT_3D('',#2480,#2481,#2482);
#2480 = CARTESIAN_POINT('',(82.5,2.,1.51));
#2481 = DIRECTION('',(0.,0.,1.));
#2482 = DIRECTION('',(1.,0.,-0.));
#2483 = CYLINDRICAL_SURFACE('',#2484,0.914999);
#2484 = AXIS2_PLACEMENT_3D('',#2485,#2486,#2487);
#2485 = CARTESIAN_POINT('',(82.5,2.,1.51));
#2486 = DIRECTION('',(-0.,-0.,-1.));
#2487 = DIRECTION('',(1.,0.,-0.));
#2488 = ADVANCED_FACE('',(#2489),#2492,.F.);
#2489 = FACE_BOUND('',#2490,.F.);
#2490 = EDGE_LOOP('',(#2491));
#2491 = ORIENTED_EDGE('',*,*,#2477,.T.);
#2492 = PLANE('',#2493);
#2493 = AXIS2_PLACEMENT_3D('',#2494,#2495,#2496);
#2494 = CARTESIAN_POINT('',(0.,0.,1.51));
#2495 = DIRECTION('',(0.,0.,1.));
#2496 = DIRECTION('',(1.,0.,-0.));
#2497 = ADVANCED_FACE('',(#2498),#2501,.T.);
#2498 = FACE_BOUND('',#2499,.T.);
#2499 = EDGE_LOOP('',(#2500));
#2500 = ORIENTED_EDGE('',*,*,#2469,.T.);
#2501 = PLANE('',#2502);
#2502 = AXIS2_PLACEMENT_3D('',#2503,#2504,#2505);
#2503 = CARTESIAN_POINT('',(0.,0.,1.55));
#2504 = DIRECTION('',(0.,0.,1.));
#2505 = DIRECTION('',(1.,0.,-0.));
#2506 = MANIFOLD_SOLID_BREP('',#2507);
#2507 = CLOSED_SHELL('',(#2508,#2541,#2550));
#2508 = ADVANCED_FACE('',(#2509),#2536,.T.);
#2509 = FACE_BOUND('',#2510,.F.);
#2510 = EDGE_LOOP('',(#2511,#2521,#2528,#2529));
#2511 = ORIENTED_EDGE('',*,*,#2512,.T.);
#2512 = EDGE_CURVE('',#2513,#2515,#2517,.T.);
#2513 = VERTEX_POINT('',#2514);
#2514 = CARTESIAN_POINT('',(-57.585001,2.,1.51));
#2515 = VERTEX_POINT('',#2516);
#2516 = CARTESIAN_POINT('',(-57.585001,2.,1.55));
#2517 = LINE('',#2518,#2519);
#2518 = CARTESIAN_POINT('',(-57.585001,2.,1.51));
#2519 = VECTOR('',#2520,1.);
#2520 = DIRECTION('',(0.,0.,1.));
#2521 = ORIENTED_EDGE('',*,*,#2522,.T.);
#2522 = EDGE_CURVE('',#2515,#2515,#2523,.T.);
#2523 = CIRCLE('',#2524,0.914999);
#2524 = AXIS2_PLACEMENT_3D('',#2525,#2526,#2527);
#2525 = CARTESIAN_POINT('',(-58.5,2.,1.55));
#2526 = DIRECTION('',(0.,0.,1.));
#2527 = DIRECTION('',(1.,0.,-0.));
#2528 = ORIENTED_EDGE('',*,*,#2512,.F.);
#2529 = ORIENTED_EDGE('',*,*,#2530,.F.);
#2530 = EDGE_CURVE('',#2513,#2513,#2531,.T.);
#2531 = CIRCLE('',#2532,0.914999);
#2532 = AXIS2_PLACEMENT_3D('',#2533,#2534,#2535);
#2533 = CARTESIAN_POINT('',(-58.5,2.,1.51));
#2534 = DIRECTION('',(0.,0.,1.));
#2535 = DIRECTION('',(1.,0.,-0.));
#2536 = CYLINDRICAL_SURFACE('',#2537,0.914999);
#2537 = AXIS2_PLACEMENT_3D('',#2538,#2539,#2540);
#2538 = CARTESIAN_POINT('',(-58.5,2.,1.51));
#2539 = DIRECTION('',(-0.,-0.,-1.));
#2540 = DIRECTION('',(1.,0.,-0.));
#2541 = ADVANCED_FACE('',(#2542),#2545,.F.);
#2542 = FACE_BOUND('',#2543,.F.);
#2543 = EDGE_LOOP('',(#2544));
#2544 = ORIENTED_EDGE('',*,*,#2530,.T.);
#2545 = PLANE('',#2546);
#2546 = AXIS2_PLACEMENT_3D('',#2547,#2548,#2549);
#2547 = CARTESIAN_POINT('',(0.,0.,1.51));
#2548 = DIRECTION('',(0.,0.,1.));
#2549 = DIRECTION('',(1.,0.,-0.));
#2550 = ADVANCED_FACE('',(#2551),#2554,.T.);
#2551 = FACE_BOUND('',#2552,.T.);
#2552 = EDGE_LOOP('',(#2553));
#2553 = ORIENTED_EDGE('',*,*,#2522,.T.);
#2554 = PLANE('',#2555);
#2555 = AXIS2_PLACEMENT_3D('',#2556,#2557,#2558);
#2556 = CARTESIAN_POINT('',(0.,0.,1.55));
#2557 = DIRECTION('',(0.,0.,1.));
#2558 = DIRECTION('',(1.,0.,-0.));
#2559 = MANIFOLD_SOLID_BREP('',#2560);
#2560 = CLOSED_SHELL('',(#2561,#2594,#2603));
#2561 = ADVANCED_FACE('',(#2562),#2589,.T.);
#2562 = FACE_BOUND('',#2563,.F.);
#2563 = EDGE_LOOP('',(#2564,#2574,#2581,#2582));
#2564 = ORIENTED_EDGE('',*,*,#2565,.T.);
#2565 = EDGE_CURVE('',#2566,#2568,#2570,.T.);
#2566 = VERTEX_POINT('',#2567);
#2567 = CARTESIAN_POINT('',(-30.585001,2.,1.51));
#2568 = VERTEX_POINT('',#2569);
#2569 = CARTESIAN_POINT('',(-30.585001,2.,1.55));
#2570 = LINE('',#2571,#2572);
#2571 = CARTESIAN_POINT('',(-30.585001,2.,1.51));
#2572 = VECTOR('',#2573,1.);
#2573 = DIRECTION('',(0.,0.,1.));
#2574 = ORIENTED_EDGE('',*,*,#2575,.T.);
#2575 = EDGE_CURVE('',#2568,#2568,#2576,.T.);
#2576 = CIRCLE('',#2577,0.914999);
#2577 = AXIS2_PLACEMENT_3D('',#2578,#2579,#2580);
#2578 = CARTESIAN_POINT('',(-31.5,2.,1.55));
#2579 = DIRECTION('',(0.,0.,1.));
#2580 = DIRECTION('',(1.,0.,-0.));
#2581 = ORIENTED_EDGE('',*,*,#2565,.F.);
#2582 = ORIENTED_EDGE('',*,*,#2583,.F.);
#2583 = EDGE_CURVE('',#2566,#2566,#2584,.T.);
#2584 = CIRCLE('',#2585,0.914999);
#2585 = AXIS2_PLACEMENT_3D('',#2586,#2587,#2588);
#2586 = CARTESIAN_POINT('',(-31.5,2.,1.51));
#2587 = DIRECTION('',(0.,0.,1.));
#2588 = DIRECTION('',(1.,0.,-0.));
#2589 = CYLINDRICAL_SURFACE('',#2590,0.914999);
#2590 = AXIS2_PLACEMENT_3D('',#2591,#2592,#2593);
#2591 = CARTESIAN_POINT('',(-31.5,2.,1.51));
#2592 = DIRECTION('',(-0.,-0.,-1.));
#2593 = DIRECTION('',(1.,0.,-0.));
#2594 = ADVANCED_FACE('',(#2595),#2598,.F.);
#2595 = FACE_BOUND('',#2596,.F.);
#2596 = EDGE_LOOP('',(#2597));
#2597 = ORIENTED_EDGE('',*,*,#2583,.T.);
#2598 = PLANE('',#2599);
#2599 = AXIS2_PLACEMENT_3D('',#2600,#2601,#2602);
#2600 = CARTESIAN_POINT('',(0.,0.,1.51));
#2601 = DIRECTION('',(0.,0.,1.));
#2602 = DIRECTION('',(1.,0.,-0.));
#2603 = ADVANCED_FACE('',(#2604),#2607,.T.);
#2604 = FACE_BOUND('',#2605,.T.);
#2605 = EDGE_LOOP('',(#2606));
#2606 = ORIENTED_EDGE('',*,*,#2575,.T.);
#2607 = PLANE('',#2608);
#2608 = AXIS2_PLACEMENT_3D('',#2609,#2610,#2611);
#2609 = CARTESIAN_POINT('',(0.,0.,1.55));
#2610 = DIRECTION('',(0.,0.,1.));
#2611 = DIRECTION('',(1.,0.,-0.));
#2612 = MANIFOLD_SOLID_BREP('',#2613);
#2613 = CLOSED_SHELL('',(#2614,#2647,#2656));
#2614 = ADVANCED_FACE('',(#2615),#2642,.T.);
#2615 = FACE_BOUND('',#2616,.F.);
#2616 = EDGE_LOOP('',(#2617,#2627,#2634,#2635));
#2617 = ORIENTED_EDGE('',*,*,#2618,.T.);
#2618 = EDGE_CURVE('',#2619,#2621,#2623,.T.);
#2619 = VERTEX_POINT('',#2620);
#2620 = CARTESIAN_POINT('',(23.414999,2.,1.51));
#2621 = VERTEX_POINT('',#2622);
#2622 = CARTESIAN_POINT('',(23.414999,2.,1.55));
#2623 = LINE('',#2624,#2625);
#2624 = CARTESIAN_POINT('',(23.414999,2.,1.51));
#2625 = VECTOR('',#2626,1.);
#2626 = DIRECTION('',(0.,0.,1.));
#2627 = ORIENTED_EDGE('',*,*,#2628,.T.);
#2628 = EDGE_CURVE('',#2621,#2621,#2629,.T.);
#2629 = CIRCLE('',#2630,0.914999);
#2630 = AXIS2_PLACEMENT_3D('',#2631,#2632,#2633);
#2631 = CARTESIAN_POINT('',(22.5,2.,1.55));
#2632 = DIRECTION('',(0.,0.,1.));
#2633 = DIRECTION('',(1.,0.,-0.));
#2634 = ORIENTED_EDGE('',*,*,#2618,.F.);
#2635 = ORIENTED_EDGE('',*,*,#2636,.F.);
#2636 = EDGE_CURVE('',#2619,#2619,#2637,.T.);
#2637 = CIRCLE('',#2638,0.914999);
#2638 = AXIS2_PLACEMENT_3D('',#2639,#2640,#2641);
#2639 = CARTESIAN_POINT('',(22.5,2.,1.51));
#2640 = DIRECTION('',(0.,0.,1.));
#2641 = DIRECTION('',(1.,0.,-0.));
#2642 = CYLINDRICAL_SURFACE('',#2643,0.914999);
#2643 = AXIS2_PLACEMENT_3D('',#2644,#2645,#2646);
#2644 = CARTESIAN_POINT('',(22.5,2.,1.51));
#2645 = DIRECTION('',(-0.,-0.,-1.));
#2646 = DIRECTION('',(1.,0.,-0.));
#2647 = ADVANCED_FACE('',(#2648),#2651,.F.);
#2648 = FACE_BOUND('',#2649,.F.);
#2649 = EDGE_LOOP('',(#2650));
#2650 = ORIENTED_EDGE('',*,*,#2636,.T.);
#2651 = PLANE('',#2652);
#2652 = AXIS2_PLACEMENT_3D('',#2653,#2654,#2655);
#2653 = CARTESIAN_POINT('',(0.,0.,1.51));
#2654 = DIRECTION('',(0.,0.,1.));
#2655 = DIRECTION('',(1.,0.,-0.));
#2656 = ADVANCED_FACE('',(#2657),#2660,.T.);
#2657 = FACE_BOUND('',#2658,.T.);
#2658 = EDGE_LOOP('',(#2659));
#2659 = ORIENTED_EDGE('',*,*,#2628,.T.);
#2660 = PLANE('',#2661);
#2661 = AXIS2_PLACEMENT_3D('',#2662,#2663,#2664);
#2662 = CARTESIAN_POINT('',(0.,0.,1.55));
#2663 = DIRECTION('',(0.,0.,1.));
#2664 = DIRECTION('',(1.,0.,-0.));
#2665 = MANIFOLD_SOLID_BREP('',#2666);
#2666 = CLOSED_SHELL('',(#2667,#2700,#2709));
#2667 = ADVANCED_FACE('',(#2668),#2695,.T.);
#2668 = FACE_BOUND('',#2669,.F.);
#2669 = EDGE_LOOP('',(#2670,#2680,#2687,#2688));
#2670 = ORIENTED_EDGE('',*,*,#2671,.T.);
#2671 = EDGE_CURVE('',#2672,#2674,#2676,.T.);
#2672 = VERTEX_POINT('',#2673);
#2673 = CARTESIAN_POINT('',(-69.585001,2.,1.51));
#2674 = VERTEX_POINT('',#2675);
#2675 = CARTESIAN_POINT('',(-69.585001,2.,1.55));
#2676 = LINE('',#2677,#2678);
#2677 = CARTESIAN_POINT('',(-69.585001,2.,1.51));
#2678 = VECTOR('',#2679,1.);
#2679 = DIRECTION('',(0.,0.,1.));
#2680 = ORIENTED_EDGE('',*,*,#2681,.T.);
#2681 = EDGE_CURVE('',#2674,#2674,#2682,.T.);
#2682 = CIRCLE('',#2683,0.914999);
#2683 = AXIS2_PLACEMENT_3D('',#2684,#2685,#2686);
#2684 = CARTESIAN_POINT('',(-70.5,2.,1.55));
#2685 = DIRECTION('',(0.,0.,1.));
#2686 = DIRECTION('',(1.,0.,-0.));
#2687 = ORIENTED_EDGE('',*,*,#2671,.F.);
#2688 = ORIENTED_EDGE('',*,*,#2689,.F.);
#2689 = EDGE_CURVE('',#2672,#2672,#2690,.T.);
#2690 = CIRCLE('',#2691,0.914999);
#2691 = AXIS2_PLACEMENT_3D('',#2692,#2693,#2694);
#2692 = CARTESIAN_POINT('',(-70.5,2.,1.51));
#2693 = DIRECTION('',(0.,0.,1.));
#2694 = DIRECTION('',(1.,0.,-0.));
#2695 = CYLINDRICAL_SURFACE('',#2696,0.914999);
#2696 = AXIS2_PLACEMENT_3D('',#2697,#2698,#2699);
#2697 = CARTESIAN_POINT('',(-70.5,2.,1.51));
#2698 = DIRECTION('',(-0.,-0.,-1.));
#2699 = DIRECTION('',(1.,0.,-0.));
#2700 = ADVANCED_FACE('',(#2701),#2704,.F.);
#2701 = FACE_BOUND('',#2702,.F.);
#2702 = EDGE_LOOP('',(#2703));
#2703 = ORIENTED_EDGE('',*,*,#2689,.T.);
#2704 = PLANE('',#2705);
#2705 = AXIS2_PLACEMENT_3D('',#2706,#2707,#2708);
#2706 = CARTESIAN_POINT('',(0.,0.,1.51));
#2707 = DIRECTION('',(0.,0.,1.));
#2708 = DIRECTION('',(1.,0.,-0.));
#2709 = ADVANCED_FACE('',(#2710),#2713,.T.);
#2710 = FACE_BOUND('',#2711,.T.);
#2711 = EDGE_LOOP('',(#2712));
#2712 = ORIENTED_EDGE('',*,*,#2681,.T.);
#2713 = PLANE('',#2714);
#2714 = AXIS2_PLACEMENT_3D('',#2715,#2716,#2717);
#2715 = CARTESIAN_POINT('',(0.,0.,1.55));
#2716 = DIRECTION('',(0.,0.,1.));
#2717 = DIRECTION('',(1.,0.,-0.));
#2718 = MANIFOLD_SOLID_BREP('',#2719);
#2719 = CLOSED_SHELL('',(#2720,#2753,#2762));
#2720 = ADVANCED_FACE('',(#2721),#2748,.T.);
#2721 = FACE_BOUND('',#2722,.F.);
#2722 = EDGE_LOOP('',(#2723,#2733,#2740,#2741));
#2723 = ORIENTED_EDGE('',*,*,#2724,.T.);
#2724 = EDGE_CURVE('',#2725,#2727,#2729,.T.);
#2725 = VERTEX_POINT('',#2726);
#2726 = CARTESIAN_POINT('',(62.414999,2.,1.51));
#2727 = VERTEX_POINT('',#2728);
#2728 = CARTESIAN_POINT('',(62.414999,2.,1.55));
#2729 = LINE('',#2730,#2731);
#2730 = CARTESIAN_POINT('',(62.414999,2.,1.51));
#2731 = VECTOR('',#2732,1.);
#2732 = DIRECTION('',(0.,0.,1.));
#2733 = ORIENTED_EDGE('',*,*,#2734,.T.);
#2734 = EDGE_CURVE('',#2727,#2727,#2735,.T.);
#2735 = CIRCLE('',#2736,0.914999);
#2736 = AXIS2_PLACEMENT_3D('',#2737,#2738,#2739);
#2737 = CARTESIAN_POINT('',(61.5,2.,1.55));
#2738 = DIRECTION('',(0.,0.,1.));
#2739 = DIRECTION('',(1.,0.,-0.));
#2740 = ORIENTED_EDGE('',*,*,#2724,.F.);
#2741 = ORIENTED_EDGE('',*,*,#2742,.F.);
#2742 = EDGE_CURVE('',#2725,#2725,#2743,.T.);
#2743 = CIRCLE('',#2744,0.914999);
#2744 = AXIS2_PLACEMENT_3D('',#2745,#2746,#2747);
#2745 = CARTESIAN_POINT('',(61.5,2.,1.51));
#2746 = DIRECTION('',(0.,0.,1.));
#2747 = DIRECTION('',(1.,0.,-0.));
#2748 = CYLINDRICAL_SURFACE('',#2749,0.914999);
#2749 = AXIS2_PLACEMENT_3D('',#2750,#2751,#2752);
#2750 = CARTESIAN_POINT('',(61.5,2.,1.51));
#2751 = DIRECTION('',(-0.,-0.,-1.));
#2752 = DIRECTION('',(1.,0.,-0.));
#2753 = ADVANCED_FACE('',(#2754),#2757,.F.);
#2754 = FACE_BOUND('',#2755,.F.);
#2755 = EDGE_LOOP('',(#2756));
#2756 = ORIENTED_EDGE('',*,*,#2742,.T.);
#2757 = PLANE('',#2758);
#2758 = AXIS2_PLACEMENT_3D('',#2759,#2760,#2761);
#2759 = CARTESIAN_POINT('',(0.,0.,1.51));
#2760 = DIRECTION('',(0.,0.,1.));
#2761 = DIRECTION('',(1.,0.,-0.));
#2762 = ADVANCED_FACE('',(#2763),#2766,.T.);
#2763 = FACE_BOUND('',#2764,.T.);
#2764 = EDGE_LOOP('',(#2765));
#2765 = ORIENTED_EDGE('',*,*,#2734,.T.);
#2766 = PLANE('',#2767);
#2767 = AXIS2_PLACEMENT_3D('',#2768,#2769,#2770);
#2768 = CARTESIAN_POINT('',(0.,0.,1.55));
#2769 = DIRECTION('',(0.,0.,1.));
#2770 = DIRECTION('',(1.,0.,-0.));
#2771 = MANIFOLD_SOLID_BREP('',#2772);
#2772 = CLOSED_SHELL('',(#2773,#2806,#2815));
#2773 = ADVANCED_FACE('',(#2774),#2801,.T.);
#2774 = FACE_BOUND('',#2775,.F.);
#2775 = EDGE_LOOP('',(#2776,#2786,#2793,#2794));
#2776 = ORIENTED_EDGE('',*,*,#2777,.T.);
#2777 = EDGE_CURVE('',#2778,#2780,#2782,.T.);
#2778 = VERTEX_POINT('',#2779);
#2779 = CARTESIAN_POINT('',(-75.585001,2.,1.51));
#2780 = VERTEX_POINT('',#2781);
#2781 = CARTESIAN_POINT('',(-75.585001,2.,1.55));
#2782 = LINE('',#2783,#2784);
#2783 = CARTESIAN_POINT('',(-75.585001,2.,1.51));
#2784 = VECTOR('',#2785,1.);
#2785 = DIRECTION('',(0.,0.,1.));
#2786 = ORIENTED_EDGE('',*,*,#2787,.T.);
#2787 = EDGE_CURVE('',#2780,#2780,#2788,.T.);
#2788 = CIRCLE('',#2789,0.914999);
#2789 = AXIS2_PLACEMENT_3D('',#2790,#2791,#2792);
#2790 = CARTESIAN_POINT('',(-76.5,2.,1.55));
#2791 = DIRECTION('',(0.,0.,1.));
#2792 = DIRECTION('',(1.,0.,-0.));
#2793 = ORIENTED_EDGE('',*,*,#2777,.F.);
#2794 = ORIENTED_EDGE('',*,*,#2795,.F.);
#2795 = EDGE_CURVE('',#2778,#2778,#2796,.T.);
#2796 = CIRCLE('',#2797,0.914999);
#2797 = AXIS2_PLACEMENT_3D('',#2798,#2799,#2800);
#2798 = CARTESIAN_POINT('',(-76.5,2.,1.51));
#2799 = DIRECTION('',(0.,0.,1.));
#2800 = DIRECTION('',(1.,0.,-0.));
#2801 = CYLINDRICAL_SURFACE('',#2802,0.914999);
#2802 = AXIS2_PLACEMENT_3D('',#2803,#2804,#2805);
#2803 = CARTESIAN_POINT('',(-76.5,2.,1.51));
#2804 = DIRECTION('',(-0.,-0.,-1.));
#2805 = DIRECTION('',(1.,0.,-0.));
#2806 = ADVANCED_FACE('',(#2807),#2810,.F.);
#2807 = FACE_BOUND('',#2808,.F.);
#2808 = EDGE_LOOP('',(#2809));
#2809 = ORIENTED_EDGE('',*,*,#2795,.T.);
#2810 = PLANE('',#2811);
#2811 = AXIS2_PLACEMENT_3D('',#2812,#2813,#2814);
#2812 = CARTESIAN_POINT('',(0.,0.,1.51));
#2813 = DIRECTION('',(0.,0.,1.));
#2814 = DIRECTION('',(1.,0.,-0.));
#2815 = ADVANCED_FACE('',(#2816),#2819,.T.);
#2816 = FACE_BOUND('',#2817,.T.);
#2817 = EDGE_LOOP('',(#2818));
#2818 = ORIENTED_EDGE('',*,*,#2787,.T.);
#2819 = PLANE('',#2820);
#2820 = AXIS2_PLACEMENT_3D('',#2821,#2822,#2823);
#2821 = CARTESIAN_POINT('',(0.,0.,1.55));
#2822 = DIRECTION('',(0.,0.,1.));
#2823 = DIRECTION('',(1.,0.,-0.));
#2824 = MANIFOLD_SOLID_BREP('',#2825);
#2825 = CLOSED_SHELL('',(#2826,#2859,#2868));
#2826 = ADVANCED_FACE('',(#2827),#2854,.T.);
#2827 = FACE_BOUND('',#2828,.F.);
#2828 = EDGE_LOOP('',(#2829,#2839,#2846,#2847));
#2829 = ORIENTED_EDGE('',*,*,#2830,.T.);
#2830 = EDGE_CURVE('',#2831,#2833,#2835,.T.);
#2831 = VERTEX_POINT('',#2832);
#2832 = CARTESIAN_POINT('',(32.414999,2.,1.51));
#2833 = VERTEX_POINT('',#2834);
#2834 = CARTESIAN_POINT('',(32.414999,2.,1.55));
#2835 = LINE('',#2836,#2837);
#2836 = CARTESIAN_POINT('',(32.414999,2.,1.51));
#2837 = VECTOR('',#2838,1.);
#2838 = DIRECTION('',(0.,0.,1.));
#2839 = ORIENTED_EDGE('',*,*,#2840,.T.);
#2840 = EDGE_CURVE('',#2833,#2833,#2841,.T.);
#2841 = CIRCLE('',#2842,0.914999);
#2842 = AXIS2_PLACEMENT_3D('',#2843,#2844,#2845);
#2843 = CARTESIAN_POINT('',(31.5,2.,1.55));
#2844 = DIRECTION('',(0.,0.,1.));
#2845 = DIRECTION('',(1.,0.,-0.));
#2846 = ORIENTED_EDGE('',*,*,#2830,.F.);
#2847 = ORIENTED_EDGE('',*,*,#2848,.F.);
#2848 = EDGE_CURVE('',#2831,#2831,#2849,.T.);
#2849 = CIRCLE('',#2850,0.914999);
#2850 = AXIS2_PLACEMENT_3D('',#2851,#2852,#2853);
#2851 = CARTESIAN_POINT('',(31.5,2.,1.51));
#2852 = DIRECTION('',(0.,0.,1.));
#2853 = DIRECTION('',(1.,0.,-0.));
#2854 = CYLINDRICAL_SURFACE('',#2855,0.914999);
#2855 = AXIS2_PLACEMENT_3D('',#2856,#2857,#2858);
#2856 = CARTESIAN_POINT('',(31.5,2.,1.51));
#2857 = DIRECTION('',(-0.,-0.,-1.));
#2858 = DIRECTION('',(1.,0.,-0.));
#2859 = ADVANCED_FACE('',(#2860),#2863,.F.);
#2860 = FACE_BOUND('',#2861,.F.);
#2861 = EDGE_LOOP('',(#2862));
#2862 = ORIENTED_EDGE('',*,*,#2848,.T.);
#2863 = PLANE('',#2864);
#2864 = AXIS2_PLACEMENT_3D('',#2865,#2866,#2867);
#2865 = CARTESIAN_POINT('',(0.,0.,1.51));
#2866 = DIRECTION('',(0.,0.,1.));
#2867 = DIRECTION('',(1.,0.,-0.));
#2868 = ADVANCED_FACE('',(#2869),#2872,.T.);
#2869 = FACE_BOUND('',#2870,.T.);
#2870 = EDGE_LOOP('',(#2871));
#2871 = ORIENTED_EDGE('',*,*,#2840,.T.);
#2872 = PLANE('',#2873);
#2873 = AXIS2_PLACEMENT_3D('',#2874,#2875,#2876);
#2874 = CARTESIAN_POINT('',(0.,0.,1.55));
#2875 = DIRECTION('',(0.,0.,1.));
#2876 = DIRECTION('',(1.,0.,-0.));
#2877 = MANIFOLD_SOLID_BREP('',#2878);
#2878 = CLOSED_SHELL('',(#2879,#2912,#2921));
#2879 = ADVANCED_FACE('',(#2880),#2907,.T.);
#2880 = FACE_BOUND('',#2881,.F.);
#2881 = EDGE_LOOP('',(#2882,#2892,#2899,#2900));
#2882 = ORIENTED_EDGE('',*,*,#2883,.T.);
#2883 = EDGE_CURVE('',#2884,#2886,#2888,.T.);
#2884 = VERTEX_POINT('',#2885);
#2885 = CARTESIAN_POINT('',(44.414999,2.,1.51));
#2886 = VERTEX_POINT('',#2887);
#2887 = CARTESIAN_POINT('',(44.414999,2.,1.55));
#2888 = LINE('',#2889,#2890);
#2889 = CARTESIAN_POINT('',(44.414999,2.,1.51));
#2890 = VECTOR('',#2891,1.);
#2891 = DIRECTION('',(0.,0.,1.));
#2892 = ORIENTED_EDGE('',*,*,#2893,.T.);
#2893 = EDGE_CURVE('',#2886,#2886,#2894,.T.);
#2894 = CIRCLE('',#2895,0.914999);
#2895 = AXIS2_PLACEMENT_3D('',#2896,#2897,#2898);
#2896 = CARTESIAN_POINT('',(43.5,2.,1.55));
#2897 = DIRECTION('',(0.,0.,1.));
#2898 = DIRECTION('',(1.,0.,-0.));
#2899 = ORIENTED_EDGE('',*,*,#2883,.F.);
#2900 = ORIENTED_EDGE('',*,*,#2901,.F.);
#2901 = EDGE_CURVE('',#2884,#2884,#2902,.T.);
#2902 = CIRCLE('',#2903,0.914999);
#2903 = AXIS2_PLACEMENT_3D('',#2904,#2905,#2906);
#2904 = CARTESIAN_POINT('',(43.5,2.,1.51));
#2905 = DIRECTION('',(0.,0.,1.));
#2906 = DIRECTION('',(1.,0.,-0.));
#2907 = CYLINDRICAL_SURFACE('',#2908,0.914999);
#2908 = AXIS2_PLACEMENT_3D('',#2909,#2910,#2911);
#2909 = CARTESIAN_POINT('',(43.5,2.,1.51));
#2910 = DIRECTION('',(-0.,-0.,-1.));
#2911 = DIRECTION('',(1.,0.,-0.));
#2912 = ADVANCED_FACE('',(#2913),#2916,.F.);
#2913 = FACE_BOUND('',#2914,.F.);
#2914 = EDGE_LOOP('',(#2915));
#2915 = ORIENTED_EDGE('',*,*,#2901,.T.);
#2916 = PLANE('',#2917);
#2917 = AXIS2_PLACEMENT_3D('',#2918,#2919,#2920);
#2918 = CARTESIAN_POINT('',(0.,0.,1.51));
#2919 = DIRECTION('',(0.,0.,1.));
#2920 = DIRECTION('',(1.,0.,-0.));
#2921 = ADVANCED_FACE('',(#2922),#2925,.T.);
#2922 = FACE_BOUND('',#2923,.T.);
#2923 = EDGE_LOOP('',(#2924));
#2924 = ORIENTED_EDGE('',*,*,#2893,.T.);
#2925 = PLANE('',#2926);
#2926 = AXIS2_PLACEMENT_3D('',#2927,#2928,#2929);
#2927 = CARTESIAN_POINT('',(0.,0.,1.55));
#2928 = DIRECTION('',(0.,0.,1.));
#2929 = DIRECTION('',(1.,0.,-0.));
#2930 = MANIFOLD_SOLID_BREP('',#2931);
#2931 = CLOSED_SHELL('',(#2932,#2965,#2974));
#2932 = ADVANCED_FACE('',(#2933),#2960,.T.);
#2933 = FACE_BOUND('',#2934,.F.);
#2934 = EDGE_LOOP('',(#2935,#2945,#2952,#2953));
#2935 = ORIENTED_EDGE('',*,*,#2936,.T.);
#2936 = EDGE_CURVE('',#2937,#2939,#2941,.T.);
#2937 = VERTEX_POINT('',#2938);
#2938 = CARTESIAN_POINT('',(11.414999,2.,1.51));
#2939 = VERTEX_POINT('',#2940);
#2940 = CARTESIAN_POINT('',(11.414999,2.,1.55));
#2941 = LINE('',#2942,#2943);
#2942 = CARTESIAN_POINT('',(11.414999,2.,1.51));
#2943 = VECTOR('',#2944,1.);
#2944 = DIRECTION('',(0.,0.,1.));
#2945 = ORIENTED_EDGE('',*,*,#2946,.T.);
#2946 = EDGE_CURVE('',#2939,#2939,#2947,.T.);
#2947 = CIRCLE('',#2948,0.914999);
#2948 = AXIS2_PLACEMENT_3D('',#2949,#2950,#2951);
#2949 = CARTESIAN_POINT('',(10.5,2.,1.55));
#2950 = DIRECTION('',(0.,0.,1.));
#2951 = DIRECTION('',(1.,0.,-0.));
#2952 = ORIENTED_EDGE('',*,*,#2936,.F.);
#2953 = ORIENTED_EDGE('',*,*,#2954,.F.);
#2954 = EDGE_CURVE('',#2937,#2937,#2955,.T.);
#2955 = CIRCLE('',#2956,0.914999);
#2956 = AXIS2_PLACEMENT_3D('',#2957,#2958,#2959);
#2957 = CARTESIAN_POINT('',(10.5,2.,1.51));
#2958 = DIRECTION('',(0.,0.,1.));
#2959 = DIRECTION('',(1.,0.,-0.));
#2960 = CYLINDRICAL_SURFACE('',#2961,0.914999);
#2961 = AXIS2_PLACEMENT_3D('',#2962,#2963,#2964);
#2962 = CARTESIAN_POINT('',(10.5,2.,1.51));
#2963 = DIRECTION('',(-0.,-0.,-1.));
#2964 = DIRECTION('',(1.,0.,-0.));
#2965 = ADVANCED_FACE('',(#2966),#2969,.F.);
#2966 = FACE_BOUND('',#2967,.F.);
#2967 = EDGE_LOOP('',(#2968));
#2968 = ORIENTED_EDGE('',*,*,#2954,.T.);
#2969 = PLANE('',#2970);
#2970 = AXIS2_PLACEMENT_3D('',#2971,#2972,#2973);
#2971 = CARTESIAN_POINT('',(0.,0.,1.51));
#2972 = DIRECTION('',(0.,0.,1.));
#2973 = DIRECTION('',(1.,0.,-0.));
#2974 = ADVANCED_FACE('',(#2975),#2978,.T.);
#2975 = FACE_BOUND('',#2976,.T.);
#2976 = EDGE_LOOP('',(#2977));
#2977 = ORIENTED_EDGE('',*,*,#2946,.T.);
#2978 = PLANE('',#2979);
#2979 = AXIS2_PLACEMENT_3D('',#2980,#2981,#2982);
#2980 = CARTESIAN_POINT('',(0.,0.,1.55));
#2981 = DIRECTION('',(0.,0.,1.));
#2982 = DIRECTION('',(1.,0.,-0.));
#2983 = MANIFOLD_SOLID_BREP('',#2984);
#2984 = CLOSED_SHELL('',(#2985,#3018,#3027));
#2985 = ADVANCED_FACE('',(#2986),#3013,.T.);
#2986 = FACE_BOUND('',#2987,.F.);
#2987 = EDGE_LOOP('',(#2988,#2998,#3005,#3006));
#2988 = ORIENTED_EDGE('',*,*,#2989,.T.);
#2989 = EDGE_CURVE('',#2990,#2992,#2994,.T.);
#2990 = VERTEX_POINT('',#2991);
#2991 = CARTESIAN_POINT('',(26.414999,2.,1.51));
#2992 = VERTEX_POINT('',#2993);
#2993 = CARTESIAN_POINT('',(26.414999,2.,1.55));
#2994 = LINE('',#2995,#2996);
#2995 = CARTESIAN_POINT('',(26.414999,2.,1.51));
#2996 = VECTOR('',#2997,1.);
#2997 = DIRECTION('',(0.,0.,1.));
#2998 = ORIENTED_EDGE('',*,*,#2999,.T.);
#2999 = EDGE_CURVE('',#2992,#2992,#3000,.T.);
#3000 = CIRCLE('',#3001,0.914999);
#3001 = AXIS2_PLACEMENT_3D('',#3002,#3003,#3004);
#3002 = CARTESIAN_POINT('',(25.5,2.,1.55));
#3003 = DIRECTION('',(0.,0.,1.));
#3004 = DIRECTION('',(1.,0.,-0.));
#3005 = ORIENTED_EDGE('',*,*,#2989,.F.);
#3006 = ORIENTED_EDGE('',*,*,#3007,.F.);
#3007 = EDGE_CURVE('',#2990,#2990,#3008,.T.);
#3008 = CIRCLE('',#3009,0.914999);
#3009 = AXIS2_PLACEMENT_3D('',#3010,#3011,#3012);
#3010 = CARTESIAN_POINT('',(25.5,2.,1.51));
#3011 = DIRECTION('',(0.,0.,1.));
#3012 = DIRECTION('',(1.,0.,-0.));
#3013 = CYLINDRICAL_SURFACE('',#3014,0.914999);
#3014 = AXIS2_PLACEMENT_3D('',#3015,#3016,#3017);
#3015 = CARTESIAN_POINT('',(25.5,2.,1.51));
#3016 = DIRECTION('',(-0.,-0.,-1.));
#3017 = DIRECTION('',(1.,0.,-0.));
#3018 = ADVANCED_FACE('',(#3019),#3022,.F.);
#3019 = FACE_BOUND('',#3020,.F.);
#3020 = EDGE_LOOP('',(#3021));
#3021 = ORIENTED_EDGE('',*,*,#3007,.T.);
#3022 = PLANE('',#3023);
#3023 = AXIS2_PLACEMENT_3D('',#3024,#3025,#3026);
#3024 = CARTESIAN_POINT('',(0.,0.,1.51));
#3025 = DIRECTION('',(0.,0.,1.));
#3026 = DIRECTION('',(1.,0.,-0.));
#3027 = ADVANCED_FACE('',(#3028),#3031,.T.);
#3028 = FACE_BOUND('',#3029,.T.);
#3029 = EDGE_LOOP('',(#3030));
#3030 = ORIENTED_EDGE('',*,*,#2999,.T.);
#3031 = PLANE('',#3032);
#3032 = AXIS2_PLACEMENT_3D('',#3033,#3034,#3035);
#3033 = CARTESIAN_POINT('',(0.,0.,1.55));
#3034 = DIRECTION('',(0.,0.,1.));
#3035 = DIRECTION('',(1.,0.,-0.));
#3036 = MANIFOLD_SOLID_BREP('',#3037);
#3037 = CLOSED_SHELL('',(#3038,#3071,#3080));
#3038 = ADVANCED_FACE('',(#3039),#3066,.T.);
#3039 = FACE_BOUND('',#3040,.F.);
#3040 = EDGE_LOOP('',(#3041,#3051,#3058,#3059));
#3041 = ORIENTED_EDGE('',*,*,#3042,.T.);
#3042 = EDGE_CURVE('',#3043,#3045,#3047,.T.);
#3043 = VERTEX_POINT('',#3044);
#3044 = CARTESIAN_POINT('',(-87.585001,2.,1.51));
#3045 = VERTEX_POINT('',#3046);
#3046 = CARTESIAN_POINT('',(-87.585001,2.,1.55));
#3047 = LINE('',#3048,#3049);
#3048 = CARTESIAN_POINT('',(-87.585001,2.,1.51));
#3049 = VECTOR('',#3050,1.);
#3050 = DIRECTION('',(0.,0.,1.));
#3051 = ORIENTED_EDGE('',*,*,#3052,.T.);
#3052 = EDGE_CURVE('',#3045,#3045,#3053,.T.);
#3053 = CIRCLE('',#3054,0.914999);
#3054 = AXIS2_PLACEMENT_3D('',#3055,#3056,#3057);
#3055 = CARTESIAN_POINT('',(-88.5,2.,1.55));
#3056 = DIRECTION('',(0.,0.,1.));
#3057 = DIRECTION('',(1.,0.,-0.));
#3058 = ORIENTED_EDGE('',*,*,#3042,.F.);
#3059 = ORIENTED_EDGE('',*,*,#3060,.F.);
#3060 = EDGE_CURVE('',#3043,#3043,#3061,.T.);
#3061 = CIRCLE('',#3062,0.914999);
#3062 = AXIS2_PLACEMENT_3D('',#3063,#3064,#3065);
#3063 = CARTESIAN_POINT('',(-88.5,2.,1.51));
#3064 = DIRECTION('',(0.,0.,1.));
#3065 = DIRECTION('',(1.,0.,-0.));
#3066 = CYLINDRICAL_SURFACE('',#3067,0.914999);
#3067 = AXIS2_PLACEMENT_3D('',#3068,#3069,#3070);
#3068 = CARTESIAN_POINT('',(-88.5,2.,1.51));
#3069 = DIRECTION('',(-0.,-0.,-1.));
#3070 = DIRECTION('',(1.,0.,-0.));
#3071 = ADVANCED_FACE('',(#3072),#3075,.F.);
#3072 = FACE_BOUND('',#3073,.F.);
#3073 = EDGE_LOOP('',(#3074));
#3074 = ORIENTED_EDGE('',*,*,#3060,.T.);
#3075 = PLANE('',#3076);
#3076 = AXIS2_PLACEMENT_3D('',#3077,#3078,#3079);
#3077 = CARTESIAN_POINT('',(0.,0.,1.51));
#3078 = DIRECTION('',(0.,0.,1.));
#3079 = DIRECTION('',(1.,0.,-0.));
#3080 = ADVANCED_FACE('',(#3081),#3084,.T.);
#3081 = FACE_BOUND('',#3082,.T.);
#3082 = EDGE_LOOP('',(#3083));
#3083 = ORIENTED_EDGE('',*,*,#3052,.T.);
#3084 = PLANE('',#3085);
#3085 = AXIS2_PLACEMENT_3D('',#3086,#3087,#3088);
#3086 = CARTESIAN_POINT('',(0.,0.,1.55));
#3087 = DIRECTION('',(0.,0.,1.));
#3088 = DIRECTION('',(1.,0.,-0.));
#3089 = MANIFOLD_SOLID_BREP('',#3090);
#3090 = CLOSED_SHELL('',(#3091,#3124,#3133));
#3091 = ADVANCED_FACE('',(#3092),#3119,.T.);
#3092 = FACE_BOUND('',#3093,.F.);
#3093 = EDGE_LOOP('',(#3094,#3104,#3111,#3112));
#3094 = ORIENTED_EDGE('',*,*,#3095,.T.);
#3095 = EDGE_CURVE('',#3096,#3098,#3100,.T.);
#3096 = VERTEX_POINT('',#3097);
#3097 = CARTESIAN_POINT('',(-33.585001,2.,1.51));
#3098 = VERTEX_POINT('',#3099);
#3099 = CARTESIAN_POINT('',(-33.585001,2.,1.55));
#3100 = LINE('',#3101,#3102);
#3101 = CARTESIAN_POINT('',(-33.585001,2.,1.51));
#3102 = VECTOR('',#3103,1.);
#3103 = DIRECTION('',(0.,0.,1.));
#3104 = ORIENTED_EDGE('',*,*,#3105,.T.);
#3105 = EDGE_CURVE('',#3098,#3098,#3106,.T.);
#3106 = CIRCLE('',#3107,0.914999);
#3107 = AXIS2_PLACEMENT_3D('',#3108,#3109,#3110);
#3108 = CARTESIAN_POINT('',(-34.5,2.,1.55));
#3109 = DIRECTION('',(0.,0.,1.));
#3110 = DIRECTION('',(1.,0.,-0.));
#3111 = ORIENTED_EDGE('',*,*,#3095,.F.);
#3112 = ORIENTED_EDGE('',*,*,#3113,.F.);
#3113 = EDGE_CURVE('',#3096,#3096,#3114,.T.);
#3114 = CIRCLE('',#3115,0.914999);
#3115 = AXIS2_PLACEMENT_3D('',#3116,#3117,#3118);
#3116 = CARTESIAN_POINT('',(-34.5,2.,1.51));
#3117 = DIRECTION('',(0.,0.,1.));
#3118 = DIRECTION('',(1.,0.,-0.));
#3119 = CYLINDRICAL_SURFACE('',#3120,0.914999);
#3120 = AXIS2_PLACEMENT_3D('',#3121,#3122,#3123);
#3121 = CARTESIAN_POINT('',(-34.5,2.,1.51));
#3122 = DIRECTION('',(-0.,-0.,-1.));
#3123 = DIRECTION('',(1.,0.,-0.));
#3124 = ADVANCED_FACE('',(#3125),#3128,.F.);
#3125 = FACE_BOUND('',#3126,.F.);
#3126 = EDGE_LOOP('',(#3127));
#3127 = ORIENTED_EDGE('',*,*,#3113,.T.);
#3128 = PLANE('',#3129);
#3129 = AXIS2_PLACEMENT_3D('',#3130,#3131,#3132);
#3130 = CARTESIAN_POINT('',(0.,0.,1.51));
#3131 = DIRECTION('',(0.,0.,1.));
#3132 = DIRECTION('',(1.,0.,-0.));
#3133 = ADVANCED_FACE('',(#3134),#3137,.T.);
#3134 = FACE_BOUND('',#3135,.T.);
#3135 = EDGE_LOOP('',(#3136));
#3136 = ORIENTED_EDGE('',*,*,#3105,.T.);
#3137 = PLANE('',#3138);
#3138 = AXIS2_PLACEMENT_3D('',#3139,#3140,#3141);
#3139 = CARTESIAN_POINT('',(0.,0.,1.55));
#3140 = DIRECTION('',(0.,0.,1.));
#3141 = DIRECTION('',(1.,0.,-0.));
#3142 = MANIFOLD_SOLID_BREP('',#3143);
#3143 = CLOSED_SHELL('',(#3144,#3177,#3186));
#3144 = ADVANCED_FACE('',(#3145),#3172,.T.);
#3145 = FACE_BOUND('',#3146,.F.);
#3146 = EDGE_LOOP('',(#3147,#3157,#3164,#3165));
#3147 = ORIENTED_EDGE('',*,*,#3148,.T.);
#3148 = EDGE_CURVE('',#3149,#3151,#3153,.T.);
#3149 = VERTEX_POINT('',#3150);
#3150 = CARTESIAN_POINT('',(-27.585001,2.,1.51));
#3151 = VERTEX_POINT('',#3152);
#3152 = CARTESIAN_POINT('',(-27.585001,2.,1.55));
#3153 = LINE('',#3154,#3155);
#3154 = CARTESIAN_POINT('',(-27.585001,2.,1.51));
#3155 = VECTOR('',#3156,1.);
#3156 = DIRECTION('',(0.,0.,1.));
#3157 = ORIENTED_EDGE('',*,*,#3158,.T.);
#3158 = EDGE_CURVE('',#3151,#3151,#3159,.T.);
#3159 = CIRCLE('',#3160,0.914999);
#3160 = AXIS2_PLACEMENT_3D('',#3161,#3162,#3163);
#3161 = CARTESIAN_POINT('',(-28.5,2.,1.55));
#3162 = DIRECTION('',(0.,0.,1.));
#3163 = DIRECTION('',(1.,0.,-0.));
#3164 = ORIENTED_EDGE('',*,*,#3148,.F.);
#3165 = ORIENTED_EDGE('',*,*,#3166,.F.);
#3166 = EDGE_CURVE('',#3149,#3149,#3167,.T.);
#3167 = CIRCLE('',#3168,0.914999);
#3168 = AXIS2_PLACEMENT_3D('',#3169,#3170,#3171);
#3169 = CARTESIAN_POINT('',(-28.5,2.,1.51));
#3170 = DIRECTION('',(0.,0.,1.));
#3171 = DIRECTION('',(1.,0.,-0.));
#3172 = CYLINDRICAL_SURFACE('',#3173,0.914999);
#3173 = AXIS2_PLACEMENT_3D('',#3174,#3175,#3176);
#3174 = CARTESIAN_POINT('',(-28.5,2.,1.51));
#3175 = DIRECTION('',(-0.,-0.,-1.));
#3176 = DIRECTION('',(1.,0.,-0.));
#3177 = ADVANCED_FACE('',(#3178),#3181,.F.);
#3178 = FACE_BOUND('',#3179,.F.);
#3179 = EDGE_LOOP('',(#3180));
#3180 = ORIENTED_EDGE('',*,*,#3166,.T.);
#3181 = PLANE('',#3182);
#3182 = AXIS2_PLACEMENT_3D('',#3183,#3184,#3185);
#3183 = CARTESIAN_POINT('',(0.,0.,1.51));
#3184 = DIRECTION('',(0.,0.,1.));
#3185 = DIRECTION('',(1.,0.,-0.));
#3186 = ADVANCED_FACE('',(#3187),#3190,.T.);
#3187 = FACE_BOUND('',#3188,.T.);
#3188 = EDGE_LOOP('',(#3189));
#3189 = ORIENTED_EDGE('',*,*,#3158,.T.);
#3190 = PLANE('',#3191);
#3191 = AXIS2_PLACEMENT_3D('',#3192,#3193,#3194);
#3192 = CARTESIAN_POINT('',(0.,0.,1.55));
#3193 = DIRECTION('',(0.,0.,1.));
#3194 = DIRECTION('',(1.,0.,-0.));
#3195 = MANIFOLD_SOLID_BREP('',#3196);
#3196 = CLOSED_SHELL('',(#3197,#3230,#3239));
#3197 = ADVANCED_FACE('',(#3198),#3225,.T.);
#3198 = FACE_BOUND('',#3199,.F.);
#3199 = EDGE_LOOP('',(#3200,#3210,#3217,#3218));
#3200 = ORIENTED_EDGE('',*,*,#3201,.T.);
#3201 = EDGE_CURVE('',#3202,#3204,#3206,.T.);
#3202 = VERTEX_POINT('',#3203);
#3203 = CARTESIAN_POINT('',(-39.585001,2.,1.51));
#3204 = VERTEX_POINT('',#3205);
#3205 = CARTESIAN_POINT('',(-39.585001,2.,1.55));
#3206 = LINE('',#3207,#3208);
#3207 = CARTESIAN_POINT('',(-39.585001,2.,1.51));
#3208 = VECTOR('',#3209,1.);
#3209 = DIRECTION('',(0.,0.,1.));
#3210 = ORIENTED_EDGE('',*,*,#3211,.T.);
#3211 = EDGE_CURVE('',#3204,#3204,#3212,.T.);
#3212 = CIRCLE('',#3213,0.914999);
#3213 = AXIS2_PLACEMENT_3D('',#3214,#3215,#3216);
#3214 = CARTESIAN_POINT('',(-40.5,2.,1.55));
#3215 = DIRECTION('',(0.,0.,1.));
#3216 = DIRECTION('',(1.,0.,-0.));
#3217 = ORIENTED_EDGE('',*,*,#3201,.F.);
#3218 = ORIENTED_EDGE('',*,*,#3219,.F.);
#3219 = EDGE_CURVE('',#3202,#3202,#3220,.T.);
#3220 = CIRCLE('',#3221,0.914999);
#3221 = AXIS2_PLACEMENT_3D('',#3222,#3223,#3224);
#3222 = CARTESIAN_POINT('',(-40.5,2.,1.51));
#3223 = DIRECTION('',(0.,0.,1.));
#3224 = DIRECTION('',(1.,0.,-0.));
#3225 = CYLINDRICAL_SURFACE('',#3226,0.914999);
#3226 = AXIS2_PLACEMENT_3D('',#3227,#3228,#3229);
#3227 = CARTESIAN_POINT('',(-40.5,2.,1.51));
#3228 = DIRECTION('',(-0.,-0.,-1.));
#3229 = DIRECTION('',(1.,0.,-0.));
#3230 = ADVANCED_FACE('',(#3231),#3234,.F.);
#3231 = FACE_BOUND('',#3232,.F.);
#3232 = EDGE_LOOP('',(#3233));
#3233 = ORIENTED_EDGE('',*,*,#3219,.T.);
#3234 = PLANE('',#3235);
#3235 = AXIS2_PLACEMENT_3D('',#3236,#3237,#3238);
#3236 = CARTESIAN_POINT('',(0.,0.,1.51));
#3237 = DIRECTION('',(0.,0.,1.));
#3238 = DIRECTION('',(1.,0.,-0.));
#3239 = ADVANCED_FACE('',(#3240),#3243,.T.);
#3240 = FACE_BOUND('',#3241,.T.);
#3241 = EDGE_LOOP('',(#3242));
#3242 = ORIENTED_EDGE('',*,*,#3211,.T.);
#3243 = PLANE('',#3244);
#3244 = AXIS2_PLACEMENT_3D('',#3245,#3246,#3247);
#3245 = CARTESIAN_POINT('',(0.,0.,1.55));
#3246 = DIRECTION('',(0.,0.,1.));
#3247 = DIRECTION('',(1.,0.,-0.));
#3248 = MANIFOLD_SOLID_BREP('',#3249);
#3249 = CLOSED_SHELL('',(#3250,#3283,#3292));
#3250 = ADVANCED_FACE('',(#3251),#3278,.T.);
#3251 = FACE_BOUND('',#3252,.F.);
#3252 = EDGE_LOOP('',(#3253,#3263,#3270,#3271));
#3253 = ORIENTED_EDGE('',*,*,#3254,.T.);
#3254 = EDGE_CURVE('',#3255,#3257,#3259,.T.);
#3255 = VERTEX_POINT('',#3256);
#3256 = CARTESIAN_POINT('',(2.414999,2.,1.51));
#3257 = VERTEX_POINT('',#3258);
#3258 = CARTESIAN_POINT('',(2.414999,2.,1.55));
#3259 = LINE('',#3260,#3261);
#3260 = CARTESIAN_POINT('',(2.414999,2.,1.51));
#3261 = VECTOR('',#3262,1.);
#3262 = DIRECTION('',(0.,0.,1.));
#3263 = ORIENTED_EDGE('',*,*,#3264,.T.);
#3264 = EDGE_CURVE('',#3257,#3257,#3265,.T.);
#3265 = CIRCLE('',#3266,0.914999);
#3266 = AXIS2_PLACEMENT_3D('',#3267,#3268,#3269);
#3267 = CARTESIAN_POINT('',(1.5,2.,1.55));
#3268 = DIRECTION('',(0.,0.,1.));
#3269 = DIRECTION('',(1.,0.,-0.));
#3270 = ORIENTED_EDGE('',*,*,#3254,.F.);
#3271 = ORIENTED_EDGE('',*,*,#3272,.F.);
#3272 = EDGE_CURVE('',#3255,#3255,#3273,.T.);
#3273 = CIRCLE('',#3274,0.914999);
#3274 = AXIS2_PLACEMENT_3D('',#3275,#3276,#3277);
#3275 = CARTESIAN_POINT('',(1.5,2.,1.51));
#3276 = DIRECTION('',(0.,0.,1.));
#3277 = DIRECTION('',(1.,0.,-0.));
#3278 = CYLINDRICAL_SURFACE('',#3279,0.914999);
#3279 = AXIS2_PLACEMENT_3D('',#3280,#3281,#3282);
#3280 = CARTESIAN_POINT('',(1.5,2.,1.51));
#3281 = DIRECTION('',(-0.,-0.,-1.));
#3282 = DIRECTION('',(1.,0.,-0.));
#3283 = ADVANCED_FACE('',(#3284),#3287,.F.);
#3284 = FACE_BOUND('',#3285,.F.);
#3285 = EDGE_LOOP('',(#3286));
#3286 = ORIENTED_EDGE('',*,*,#3272,.T.);
#3287 = PLANE('',#3288);
#3288 = AXIS2_PLACEMENT_3D('',#3289,#3290,#3291);
#3289 = CARTESIAN_POINT('',(0.,0.,1.51));
#3290 = DIRECTION('',(0.,0.,1.));
#3291 = DIRECTION('',(1.,0.,-0.));
#3292 = ADVANCED_FACE('',(#3293),#3296,.T.);
#3293 = FACE_BOUND('',#3294,.T.);
#3294 = EDGE_LOOP('',(#3295));
#3295 = ORIENTED_EDGE('',*,*,#3264,.T.);
#3296 = PLANE('',#3297);
#3297 = AXIS2_PLACEMENT_3D('',#3298,#3299,#3300);
#3298 = CARTESIAN_POINT('',(0.,0.,1.55));
#3299 = DIRECTION('',(0.,0.,1.));
#3300 = DIRECTION('',(1.,0.,-0.));
#3301 = MANIFOLD_SOLID_BREP('',#3302);
#3302 = CLOSED_SHELL('',(#3303,#3336,#3345));
#3303 = ADVANCED_FACE('',(#3304),#3331,.T.);
#3304 = FACE_BOUND('',#3305,.F.);
#3305 = EDGE_LOOP('',(#3306,#3316,#3323,#3324));
#3306 = ORIENTED_EDGE('',*,*,#3307,.T.);
#3307 = EDGE_CURVE('',#3308,#3310,#3312,.T.);
#3308 = VERTEX_POINT('',#3309);
#3309 = CARTESIAN_POINT('',(-48.585001,2.,1.51));
#3310 = VERTEX_POINT('',#3311);
#3311 = CARTESIAN_POINT('',(-48.585001,2.,1.55));
#3312 = LINE('',#3313,#3314);
#3313 = CARTESIAN_POINT('',(-48.585001,2.,1.51));
#3314 = VECTOR('',#3315,1.);
#3315 = DIRECTION('',(0.,0.,1.));
#3316 = ORIENTED_EDGE('',*,*,#3317,.T.);
#3317 = EDGE_CURVE('',#3310,#3310,#3318,.T.);
#3318 = CIRCLE('',#3319,0.914999);
#3319 = AXIS2_PLACEMENT_3D('',#3320,#3321,#3322);
#3320 = CARTESIAN_POINT('',(-49.5,2.,1.55));
#3321 = DIRECTION('',(0.,0.,1.));
#3322 = DIRECTION('',(1.,0.,-0.));
#3323 = ORIENTED_EDGE('',*,*,#3307,.F.);
#3324 = ORIENTED_EDGE('',*,*,#3325,.F.);
#3325 = EDGE_CURVE('',#3308,#3308,#3326,.T.);
#3326 = CIRCLE('',#3327,0.914999);
#3327 = AXIS2_PLACEMENT_3D('',#3328,#3329,#3330);
#3328 = CARTESIAN_POINT('',(-49.5,2.,1.51));
#3329 = DIRECTION('',(0.,0.,1.));
#3330 = DIRECTION('',(1.,0.,-0.));
#3331 = CYLINDRICAL_SURFACE('',#3332,0.914999);
#3332 = AXIS2_PLACEMENT_3D('',#3333,#3334,#3335);
#3333 = CARTESIAN_POINT('',(-49.5,2.,1.51));
#3334 = DIRECTION('',(-0.,-0.,-1.));
#3335 = DIRECTION('',(1.,0.,-0.));
#3336 = ADVANCED_FACE('',(#3337),#3340,.F.);
#3337 = FACE_BOUND('',#3338,.F.);
#3338 = EDGE_LOOP('',(#3339));
#3339 = ORIENTED_EDGE('',*,*,#3325,.T.);
#3340 = PLANE('',#3341);
#3341 = AXIS2_PLACEMENT_3D('',#3342,#3343,#3344);
#3342 = CARTESIAN_POINT('',(0.,0.,1.51));
#3343 = DIRECTION('',(0.,0.,1.));
#3344 = DIRECTION('',(1.,0.,-0.));
#3345 = ADVANCED_FACE('',(#3346),#3349,.T.);
#3346 = FACE_BOUND('',#3347,.T.);
#3347 = EDGE_LOOP('',(#3348));
#3348 = ORIENTED_EDGE('',*,*,#3317,.T.);
#3349 = PLANE('',#3350);
#3350 = AXIS2_PLACEMENT_3D('',#3351,#3352,#3353);
#3351 = CARTESIAN_POINT('',(0.,0.,1.55));
#3352 = DIRECTION('',(0.,0.,1.));
#3353 = DIRECTION('',(1.,0.,-0.));
#3354 = MANIFOLD_SOLID_BREP('',#3355);
#3355 = CLOSED_SHELL('',(#3356,#3389,#3398));
#3356 = ADVANCED_FACE('',(#3357),#3384,.T.);
#3357 = FACE_BOUND('',#3358,.F.);
#3358 = EDGE_LOOP('',(#3359,#3369,#3376,#3377));
#3359 = ORIENTED_EDGE('',*,*,#3360,.T.);
#3360 = EDGE_CURVE('',#3361,#3363,#3365,.T.);
#3361 = VERTEX_POINT('',#3362);
#3362 = CARTESIAN_POINT('',(-60.585001,2.,1.51));
#3363 = VERTEX_POINT('',#3364);
#3364 = CARTESIAN_POINT('',(-60.585001,2.,1.55));
#3365 = LINE('',#3366,#3367);
#3366 = CARTESIAN_POINT('',(-60.585001,2.,1.51));
#3367 = VECTOR('',#3368,1.);
#3368 = DIRECTION('',(0.,0.,1.));
#3369 = ORIENTED_EDGE('',*,*,#3370,.T.);
#3370 = EDGE_CURVE('',#3363,#3363,#3371,.T.);
#3371 = CIRCLE('',#3372,0.914999);
#3372 = AXIS2_PLACEMENT_3D('',#3373,#3374,#3375);
#3373 = CARTESIAN_POINT('',(-61.5,2.,1.55));
#3374 = DIRECTION('',(0.,0.,1.));
#3375 = DIRECTION('',(1.,0.,-0.));
#3376 = ORIENTED_EDGE('',*,*,#3360,.F.);
#3377 = ORIENTED_EDGE('',*,*,#3378,.F.);
#3378 = EDGE_CURVE('',#3361,#3361,#3379,.T.);
#3379 = CIRCLE('',#3380,0.914999);
#3380 = AXIS2_PLACEMENT_3D('',#3381,#3382,#3383);
#3381 = CARTESIAN_POINT('',(-61.5,2.,1.51));
#3382 = DIRECTION('',(0.,0.,1.));
#3383 = DIRECTION('',(1.,0.,-0.));
#3384 = CYLINDRICAL_SURFACE('',#3385,0.914999);
#3385 = AXIS2_PLACEMENT_3D('',#3386,#3387,#3388);
#3386 = CARTESIAN_POINT('',(-61.5,2.,1.51));
#3387 = DIRECTION('',(-0.,-0.,-1.));
#3388 = DIRECTION('',(1.,0.,-0.));
#3389 = ADVANCED_FACE('',(#3390),#3393,.F.);
#3390 = FACE_BOUND('',#3391,.F.);
#3391 = EDGE_LOOP('',(#3392));
#3392 = ORIENTED_EDGE('',*,*,#3378,.T.);
#3393 = PLANE('',#3394);
#3394 = AXIS2_PLACEMENT_3D('',#3395,#3396,#3397);
#3395 = CARTESIAN_POINT('',(0.,0.,1.51));
#3396 = DIRECTION('',(0.,0.,1.));
#3397 = DIRECTION('',(1.,0.,-0.));
#3398 = ADVANCED_FACE('',(#3399),#3402,.T.);
#3399 = FACE_BOUND('',#3400,.T.);
#3400 = EDGE_LOOP('',(#3401));
#3401 = ORIENTED_EDGE('',*,*,#3370,.T.);
#3402 = PLANE('',#3403);
#3403 = AXIS2_PLACEMENT_3D('',#3404,#3405,#3406);
#3404 = CARTESIAN_POINT('',(0.,0.,1.55));
#3405 = DIRECTION('',(0.,0.,1.));
#3406 = DIRECTION('',(1.,0.,-0.));
#3407 = MANIFOLD_SOLID_BREP('',#3408);
#3408 = CLOSED_SHELL('',(#3409,#3442,#3451));
#3409 = ADVANCED_FACE('',(#3410),#3437,.T.);
#3410 = FACE_BOUND('',#3411,.F.);
#3411 = EDGE_LOOP('',(#3412,#3422,#3429,#3430));
#3412 = ORIENTED_EDGE('',*,*,#3413,.T.);
#3413 = EDGE_CURVE('',#3414,#3416,#3418,.T.);
#3414 = VERTEX_POINT('',#3415);
#3415 = CARTESIAN_POINT('',(29.414999,2.,1.51));
#3416 = VERTEX_POINT('',#3417);
#3417 = CARTESIAN_POINT('',(29.414999,2.,1.55));
#3418 = LINE('',#3419,#3420);
#3419 = CARTESIAN_POINT('',(29.414999,2.,1.51));
#3420 = VECTOR('',#3421,1.);
#3421 = DIRECTION('',(0.,0.,1.));
#3422 = ORIENTED_EDGE('',*,*,#3423,.T.);
#3423 = EDGE_CURVE('',#3416,#3416,#3424,.T.);
#3424 = CIRCLE('',#3425,0.914999);
#3425 = AXIS2_PLACEMENT_3D('',#3426,#3427,#3428);
#3426 = CARTESIAN_POINT('',(28.5,2.,1.55));
#3427 = DIRECTION('',(0.,0.,1.));
#3428 = DIRECTION('',(1.,0.,-0.));
#3429 = ORIENTED_EDGE('',*,*,#3413,.F.);
#3430 = ORIENTED_EDGE('',*,*,#3431,.F.);
#3431 = EDGE_CURVE('',#3414,#3414,#3432,.T.);
#3432 = CIRCLE('',#3433,0.914999);
#3433 = AXIS2_PLACEMENT_3D('',#3434,#3435,#3436);
#3434 = CARTESIAN_POINT('',(28.5,2.,1.51));
#3435 = DIRECTION('',(0.,0.,1.));
#3436 = DIRECTION('',(1.,0.,-0.));
#3437 = CYLINDRICAL_SURFACE('',#3438,0.914999);
#3438 = AXIS2_PLACEMENT_3D('',#3439,#3440,#3441);
#3439 = CARTESIAN_POINT('',(28.5,2.,1.51));
#3440 = DIRECTION('',(-0.,-0.,-1.));
#3441 = DIRECTION('',(1.,0.,-0.));
#3442 = ADVANCED_FACE('',(#3443),#3446,.F.);
#3443 = FACE_BOUND('',#3444,.F.);
#3444 = EDGE_LOOP('',(#3445));
#3445 = ORIENTED_EDGE('',*,*,#3431,.T.);
#3446 = PLANE('',#3447);
#3447 = AXIS2_PLACEMENT_3D('',#3448,#3449,#3450);
#3448 = CARTESIAN_POINT('',(0.,0.,1.51));
#3449 = DIRECTION('',(0.,0.,1.));
#3450 = DIRECTION('',(1.,0.,-0.));
#3451 = ADVANCED_FACE('',(#3452),#3455,.T.);
#3452 = FACE_BOUND('',#3453,.T.);
#3453 = EDGE_LOOP('',(#3454));
#3454 = ORIENTED_EDGE('',*,*,#3423,.T.);
#3455 = PLANE('',#3456);
#3456 = AXIS2_PLACEMENT_3D('',#3457,#3458,#3459);
#3457 = CARTESIAN_POINT('',(0.,0.,1.55));
#3458 = DIRECTION('',(0.,0.,1.));
#3459 = DIRECTION('',(1.,0.,-0.));
#3460 = MANIFOLD_SOLID_BREP('',#3461);
#3461 = CLOSED_SHELL('',(#3462,#3495,#3504));
#3462 = ADVANCED_FACE('',(#3463),#3490,.T.);
#3463 = FACE_BOUND('',#3464,.F.);
#3464 = EDGE_LOOP('',(#3465,#3475,#3482,#3483));
#3465 = ORIENTED_EDGE('',*,*,#3466,.T.);
#3466 = EDGE_CURVE('',#3467,#3469,#3471,.T.);
#3467 = VERTEX_POINT('',#3468);
#3468 = CARTESIAN_POINT('',(74.414999,2.,1.51));
#3469 = VERTEX_POINT('',#3470);
#3470 = CARTESIAN_POINT('',(74.414999,2.,1.55));
#3471 = LINE('',#3472,#3473);
#3472 = CARTESIAN_POINT('',(74.414999,2.,1.51));
#3473 = VECTOR('',#3474,1.);
#3474 = DIRECTION('',(0.,0.,1.));
#3475 = ORIENTED_EDGE('',*,*,#3476,.T.);
#3476 = EDGE_CURVE('',#3469,#3469,#3477,.T.);
#3477 = CIRCLE('',#3478,0.914999);
#3478 = AXIS2_PLACEMENT_3D('',#3479,#3480,#3481);
#3479 = CARTESIAN_POINT('',(73.5,2.,1.55));
#3480 = DIRECTION('',(0.,0.,1.));
#3481 = DIRECTION('',(1.,0.,-0.));
#3482 = ORIENTED_EDGE('',*,*,#3466,.F.);
#3483 = ORIENTED_EDGE('',*,*,#3484,.F.);
#3484 = EDGE_CURVE('',#3467,#3467,#3485,.T.);
#3485 = CIRCLE('',#3486,0.914999);
#3486 = AXIS2_PLACEMENT_3D('',#3487,#3488,#3489);
#3487 = CARTESIAN_POINT('',(73.5,2.,1.51));
#3488 = DIRECTION('',(0.,0.,1.));
#3489 = DIRECTION('',(1.,0.,-0.));
#3490 = CYLINDRICAL_SURFACE('',#3491,0.914999);
#3491 = AXIS2_PLACEMENT_3D('',#3492,#3493,#3494);
#3492 = CARTESIAN_POINT('',(73.5,2.,1.51));
#3493 = DIRECTION('',(-0.,-0.,-1.));
#3494 = DIRECTION('',(1.,0.,-0.));
#3495 = ADVANCED_FACE('',(#3496),#3499,.F.);
#3496 = FACE_BOUND('',#3497,.F.);
#3497 = EDGE_LOOP('',(#3498));
#3498 = ORIENTED_EDGE('',*,*,#3484,.T.);
#3499 = PLANE('',#3500);
#3500 = AXIS2_PLACEMENT_3D('',#3501,#3502,#3503);
#3501 = CARTESIAN_POINT('',(0.,0.,1.51));
#3502 = DIRECTION('',(0.,0.,1.));
#3503 = DIRECTION('',(1.,0.,-0.));
#3504 = ADVANCED_FACE('',(#3505),#3508,.T.);
#3505 = FACE_BOUND('',#3506,.T.);
#3506 = EDGE_LOOP('',(#3507));
#3507 = ORIENTED_EDGE('',*,*,#3476,.T.);
#3508 = PLANE('',#3509);
#3509 = AXIS2_PLACEMENT_3D('',#3510,#3511,#3512);
#3510 = CARTESIAN_POINT('',(0.,0.,1.55));
#3511 = DIRECTION('',(0.,0.,1.));
#3512 = DIRECTION('',(1.,0.,-0.));
#3513 = MANIFOLD_SOLID_BREP('',#3514);
#3514 = CLOSED_SHELL('',(#3515,#3548,#3557));
#3515 = ADVANCED_FACE('',(#3516),#3543,.T.);
#3516 = FACE_BOUND('',#3517,.F.);
#3517 = EDGE_LOOP('',(#3518,#3528,#3535,#3536));
#3518 = ORIENTED_EDGE('',*,*,#3519,.T.);
#3519 = EDGE_CURVE('',#3520,#3522,#3524,.T.);
#3520 = VERTEX_POINT('',#3521);
#3521 = CARTESIAN_POINT('',(-15.585001,2.,1.51));
#3522 = VERTEX_POINT('',#3523);
#3523 = CARTESIAN_POINT('',(-15.585001,2.,1.55));
#3524 = LINE('',#3525,#3526);
#3525 = CARTESIAN_POINT('',(-15.585001,2.,1.51));
#3526 = VECTOR('',#3527,1.);
#3527 = DIRECTION('',(0.,0.,1.));
#3528 = ORIENTED_EDGE('',*,*,#3529,.T.);
#3529 = EDGE_CURVE('',#3522,#3522,#3530,.T.);
#3530 = CIRCLE('',#3531,0.914999);
#3531 = AXIS2_PLACEMENT_3D('',#3532,#3533,#3534);
#3532 = CARTESIAN_POINT('',(-16.5,2.,1.55));
#3533 = DIRECTION('',(0.,0.,1.));
#3534 = DIRECTION('',(1.,0.,-0.));
#3535 = ORIENTED_EDGE('',*,*,#3519,.F.);
#3536 = ORIENTED_EDGE('',*,*,#3537,.F.);
#3537 = EDGE_CURVE('',#3520,#3520,#3538,.T.);
#3538 = CIRCLE('',#3539,0.914999);
#3539 = AXIS2_PLACEMENT_3D('',#3540,#3541,#3542);
#3540 = CARTESIAN_POINT('',(-16.5,2.,1.51));
#3541 = DIRECTION('',(0.,0.,1.));
#3542 = DIRECTION('',(1.,0.,-0.));
#3543 = CYLINDRICAL_SURFACE('',#3544,0.914999);
#3544 = AXIS2_PLACEMENT_3D('',#3545,#3546,#3547);
#3545 = CARTESIAN_POINT('',(-16.5,2.,1.51));
#3546 = DIRECTION('',(-0.,-0.,-1.));
#3547 = DIRECTION('',(1.,0.,-0.));
#3548 = ADVANCED_FACE('',(#3549),#3552,.F.);
#3549 = FACE_BOUND('',#3550,.F.);
#3550 = EDGE_LOOP('',(#3551));
#3551 = ORIENTED_EDGE('',*,*,#3537,.T.);
#3552 = PLANE('',#3553);
#3553 = AXIS2_PLACEMENT_3D('',#3554,#3555,#3556);
#3554 = CARTESIAN_POINT('',(0.,0.,1.51));
#3555 = DIRECTION('',(0.,0.,1.));
#3556 = DIRECTION('',(1.,0.,-0.));
#3557 = ADVANCED_FACE('',(#3558),#3561,.T.);
#3558 = FACE_BOUND('',#3559,.T.);
#3559 = EDGE_LOOP('',(#3560));
#3560 = ORIENTED_EDGE('',*,*,#3529,.T.);
#3561 = PLANE('',#3562);
#3562 = AXIS2_PLACEMENT_3D('',#3563,#3564,#3565);
#3563 = CARTESIAN_POINT('',(0.,0.,1.55));
#3564 = DIRECTION('',(0.,0.,1.));
#3565 = DIRECTION('',(1.,0.,-0.));
#3566 = MANIFOLD_SOLID_BREP('',#3567);
#3567 = CLOSED_SHELL('',(#3568,#3601,#3610));
#3568 = ADVANCED_FACE('',(#3569),#3596,.T.);
#3569 = FACE_BOUND('',#3570,.F.);
#3570 = EDGE_LOOP('',(#3571,#3581,#3588,#3589));
#3571 = ORIENTED_EDGE('',*,*,#3572,.T.);
#3572 = EDGE_CURVE('',#3573,#3575,#3577,.T.);
#3573 = VERTEX_POINT('',#3574);
#3574 = CARTESIAN_POINT('',(-12.585001,2.,1.51));
#3575 = VERTEX_POINT('',#3576);
#3576 = CARTESIAN_POINT('',(-12.585001,2.,1.55));
#3577 = LINE('',#3578,#3579);
#3578 = CARTESIAN_POINT('',(-12.585001,2.,1.51));
#3579 = VECTOR('',#3580,1.);
#3580 = DIRECTION('',(0.,0.,1.));
#3581 = ORIENTED_EDGE('',*,*,#3582,.T.);
#3582 = EDGE_CURVE('',#3575,#3575,#3583,.T.);
#3583 = CIRCLE('',#3584,0.914999);
#3584 = AXIS2_PLACEMENT_3D('',#3585,#3586,#3587);
#3585 = CARTESIAN_POINT('',(-13.5,2.,1.55));
#3586 = DIRECTION('',(0.,0.,1.));
#3587 = DIRECTION('',(1.,0.,-0.));
#3588 = ORIENTED_EDGE('',*,*,#3572,.F.);
#3589 = ORIENTED_EDGE('',*,*,#3590,.F.);
#3590 = EDGE_CURVE('',#3573,#3573,#3591,.T.);
#3591 = CIRCLE('',#3592,0.914999);
#3592 = AXIS2_PLACEMENT_3D('',#3593,#3594,#3595);
#3593 = CARTESIAN_POINT('',(-13.5,2.,1.51));
#3594 = DIRECTION('',(0.,0.,1.));
#3595 = DIRECTION('',(1.,0.,-0.));
#3596 = CYLINDRICAL_SURFACE('',#3597,0.914999);
#3597 = AXIS2_PLACEMENT_3D('',#3598,#3599,#3600);
#3598 = CARTESIAN_POINT('',(-13.5,2.,1.51));
#3599 = DIRECTION('',(-0.,-0.,-1.));
#3600 = DIRECTION('',(1.,0.,-0.));
#3601 = ADVANCED_FACE('',(#3602),#3605,.F.);
#3602 = FACE_BOUND('',#3603,.F.);
#3603 = EDGE_LOOP('',(#3604));
#3604 = ORIENTED_EDGE('',*,*,#3590,.T.);
#3605 = PLANE('',#3606);
#3606 = AXIS2_PLACEMENT_3D('',#3607,#3608,#3609);
#3607 = CARTESIAN_POINT('',(0.,0.,1.51));
#3608 = DIRECTION('',(0.,0.,1.));
#3609 = DIRECTION('',(1.,0.,-0.));
#3610 = ADVANCED_FACE('',(#3611),#3614,.T.);
#3611 = FACE_BOUND('',#3612,.T.);
#3612 = EDGE_LOOP('',(#3613));
#3613 = ORIENTED_EDGE('',*,*,#3582,.T.);
#3614 = PLANE('',#3615);
#3615 = AXIS2_PLACEMENT_3D('',#3616,#3617,#3618);
#3616 = CARTESIAN_POINT('',(0.,0.,1.55));
#3617 = DIRECTION('',(0.,0.,1.));
#3618 = DIRECTION('',(1.,0.,-0.));
#3619 = MANIFOLD_SOLID_BREP('',#3620);
#3620 = CLOSED_SHELL('',(#3621,#3654,#3663));
#3621 = ADVANCED_FACE('',(#3622),#3649,.T.);
#3622 = FACE_BOUND('',#3623,.F.);
#3623 = EDGE_LOOP('',(#3624,#3634,#3641,#3642));
#3624 = ORIENTED_EDGE('',*,*,#3625,.T.);
#3625 = EDGE_CURVE('',#3626,#3628,#3630,.T.);
#3626 = VERTEX_POINT('',#3627);
#3627 = CARTESIAN_POINT('',(-84.585001,2.,1.51));
#3628 = VERTEX_POINT('',#3629);
#3629 = CARTESIAN_POINT('',(-84.585001,2.,1.55));
#3630 = LINE('',#3631,#3632);
#3631 = CARTESIAN_POINT('',(-84.585001,2.,1.51));
#3632 = VECTOR('',#3633,1.);
#3633 = DIRECTION('',(0.,0.,1.));
#3634 = ORIENTED_EDGE('',*,*,#3635,.T.);
#3635 = EDGE_CURVE('',#3628,#3628,#3636,.T.);
#3636 = CIRCLE('',#3637,0.914999);
#3637 = AXIS2_PLACEMENT_3D('',#3638,#3639,#3640);
#3638 = CARTESIAN_POINT('',(-85.5,2.,1.55));
#3639 = DIRECTION('',(0.,0.,1.));
#3640 = DIRECTION('',(1.,0.,-0.));
#3641 = ORIENTED_EDGE('',*,*,#3625,.F.);
#3642 = ORIENTED_EDGE('',*,*,#3643,.F.);
#3643 = EDGE_CURVE('',#3626,#3626,#3644,.T.);
#3644 = CIRCLE('',#3645,0.914999);
#3645 = AXIS2_PLACEMENT_3D('',#3646,#3647,#3648);
#3646 = CARTESIAN_POINT('',(-85.5,2.,1.51));
#3647 = DIRECTION('',(0.,0.,1.));
#3648 = DIRECTION('',(1.,0.,-0.));
#3649 = CYLINDRICAL_SURFACE('',#3650,0.914999);
#3650 = AXIS2_PLACEMENT_3D('',#3651,#3652,#3653);
#3651 = CARTESIAN_POINT('',(-85.5,2.,1.51));
#3652 = DIRECTION('',(-0.,-0.,-1.));
#3653 = DIRECTION('',(1.,0.,-0.));
#3654 = ADVANCED_FACE('',(#3655),#3658,.F.);
#3655 = FACE_BOUND('',#3656,.F.);
#3656 = EDGE_LOOP('',(#3657));
#3657 = ORIENTED_EDGE('',*,*,#3643,.T.);
#3658 = PLANE('',#3659);
#3659 = AXIS2_PLACEMENT_3D('',#3660,#3661,#3662);
#3660 = CARTESIAN_POINT('',(0.,0.,1.51));
#3661 = DIRECTION('',(0.,0.,1.));
#3662 = DIRECTION('',(1.,0.,-0.));
#3663 = ADVANCED_FACE('',(#3664),#3667,.T.);
#3664 = FACE_BOUND('',#3665,.T.);
#3665 = EDGE_LOOP('',(#3666));
#3666 = ORIENTED_EDGE('',*,*,#3635,.T.);
#3667 = PLANE('',#3668);
#3668 = AXIS2_PLACEMENT_3D('',#3669,#3670,#3671);
#3669 = CARTESIAN_POINT('',(0.,0.,1.55));
#3670 = DIRECTION('',(0.,0.,1.));
#3671 = DIRECTION('',(1.,0.,-0.));
#3672 = MANIFOLD_SOLID_BREP('',#3673);
#3673 = CLOSED_SHELL('',(#3674,#3707,#3716));
#3674 = ADVANCED_FACE('',(#3675),#3702,.T.);
#3675 = FACE_BOUND('',#3676,.F.);
#3676 = EDGE_LOOP('',(#3677,#3687,#3694,#3695));
#3677 = ORIENTED_EDGE('',*,*,#3678,.T.);
#3678 = EDGE_CURVE('',#3679,#3681,#3683,.T.);
#3679 = VERTEX_POINT('',#3680);
#3680 = CARTESIAN_POINT('',(59.414999,2.,1.51));
#3681 = VERTEX_POINT('',#3682);
#3682 = CARTESIAN_POINT('',(59.414999,2.,1.55));
#3683 = LINE('',#3684,#3685);
#3684 = CARTESIAN_POINT('',(59.414999,2.,1.51));
#3685 = VECTOR('',#3686,1.);
#3686 = DIRECTION('',(0.,0.,1.));
#3687 = ORIENTED_EDGE('',*,*,#3688,.T.);
#3688 = EDGE_CURVE('',#3681,#3681,#3689,.T.);
#3689 = CIRCLE('',#3690,0.914999);
#3690 = AXIS2_PLACEMENT_3D('',#3691,#3692,#3693);
#3691 = CARTESIAN_POINT('',(58.5,2.,1.55));
#3692 = DIRECTION('',(0.,0.,1.));
#3693 = DIRECTION('',(1.,0.,-0.));
#3694 = ORIENTED_EDGE('',*,*,#3678,.F.);
#3695 = ORIENTED_EDGE('',*,*,#3696,.F.);
#3696 = EDGE_CURVE('',#3679,#3679,#3697,.T.);
#3697 = CIRCLE('',#3698,0.914999);
#3698 = AXIS2_PLACEMENT_3D('',#3699,#3700,#3701);
#3699 = CARTESIAN_POINT('',(58.5,2.,1.51));
#3700 = DIRECTION('',(0.,0.,1.));
#3701 = DIRECTION('',(1.,0.,-0.));
#3702 = CYLINDRICAL_SURFACE('',#3703,0.914999);
#3703 = AXIS2_PLACEMENT_3D('',#3704,#3705,#3706);
#3704 = CARTESIAN_POINT('',(58.5,2.,1.51));
#3705 = DIRECTION('',(-0.,-0.,-1.));
#3706 = DIRECTION('',(1.,0.,-0.));
#3707 = ADVANCED_FACE('',(#3708),#3711,.F.);
#3708 = FACE_BOUND('',#3709,.F.);
#3709 = EDGE_LOOP('',(#3710));
#3710 = ORIENTED_EDGE('',*,*,#3696,.T.);
#3711 = PLANE('',#3712);
#3712 = AXIS2_PLACEMENT_3D('',#3713,#3714,#3715);
#3713 = CARTESIAN_POINT('',(0.,0.,1.51));
#3714 = DIRECTION('',(0.,0.,1.));
#3715 = DIRECTION('',(1.,0.,-0.));
#3716 = ADVANCED_FACE('',(#3717),#3720,.T.);
#3717 = FACE_BOUND('',#3718,.T.);
#3718 = EDGE_LOOP('',(#3719));
#3719 = ORIENTED_EDGE('',*,*,#3688,.T.);
#3720 = PLANE('',#3721);
#3721 = AXIS2_PLACEMENT_3D('',#3722,#3723,#3724);
#3722 = CARTESIAN_POINT('',(0.,0.,1.55));
#3723 = DIRECTION('',(0.,0.,1.));
#3724 = DIRECTION('',(1.,0.,-0.));
#3725 = MANIFOLD_SOLID_BREP('',#3726);
#3726 = CLOSED_SHELL('',(#3727,#3760,#3769));
#3727 = ADVANCED_FACE('',(#3728),#3755,.T.);
#3728 = FACE_BOUND('',#3729,.F.);
#3729 = EDGE_LOOP('',(#3730,#3740,#3747,#3748));
#3730 = ORIENTED_EDGE('',*,*,#3731,.T.);
#3731 = EDGE_CURVE('',#3732,#3734,#3736,.T.);
#3732 = VERTEX_POINT('',#3733);
#3733 = CARTESIAN_POINT('',(-72.585001,2.,1.51));
#3734 = VERTEX_POINT('',#3735);
#3735 = CARTESIAN_POINT('',(-72.585001,2.,1.55));
#3736 = LINE('',#3737,#3738);
#3737 = CARTESIAN_POINT('',(-72.585001,2.,1.51));
#3738 = VECTOR('',#3739,1.);
#3739 = DIRECTION('',(0.,0.,1.));
#3740 = ORIENTED_EDGE('',*,*,#3741,.T.);
#3741 = EDGE_CURVE('',#3734,#3734,#3742,.T.);
#3742 = CIRCLE('',#3743,0.914999);
#3743 = AXIS2_PLACEMENT_3D('',#3744,#3745,#3746);
#3744 = CARTESIAN_POINT('',(-73.5,2.,1.55));
#3745 = DIRECTION('',(0.,0.,1.));
#3746 = DIRECTION('',(1.,0.,-0.));
#3747 = ORIENTED_EDGE('',*,*,#3731,.F.);
#3748 = ORIENTED_EDGE('',*,*,#3749,.F.);
#3749 = EDGE_CURVE('',#3732,#3732,#3750,.T.);
#3750 = CIRCLE('',#3751,0.914999);
#3751 = AXIS2_PLACEMENT_3D('',#3752,#3753,#3754);
#3752 = CARTESIAN_POINT('',(-73.5,2.,1.51));
#3753 = DIRECTION('',(0.,0.,1.));
#3754 = DIRECTION('',(1.,0.,-0.));
#3755 = CYLINDRICAL_SURFACE('',#3756,0.914999);
#3756 = AXIS2_PLACEMENT_3D('',#3757,#3758,#3759);
#3757 = CARTESIAN_POINT('',(-73.5,2.,1.51));
#3758 = DIRECTION('',(-0.,-0.,-1.));
#3759 = DIRECTION('',(1.,0.,-0.));
#3760 = ADVANCED_FACE('',(#3761),#3764,.F.);
#3761 = FACE_BOUND('',#3762,.F.);
#3762 = EDGE_LOOP('',(#3763));
#3763 = ORIENTED_EDGE('',*,*,#3749,.T.);
#3764 = PLANE('',#3765);
#3765 = AXIS2_PLACEMENT_3D('',#3766,#3767,#3768);
#3766 = CARTESIAN_POINT('',(0.,0.,1.51));
#3767 = DIRECTION('',(0.,0.,1.));
#3768 = DIRECTION('',(1.,0.,-0.));
#3769 = ADVANCED_FACE('',(#3770),#3773,.T.);
#3770 = FACE_BOUND('',#3771,.T.);
#3771 = EDGE_LOOP('',(#3772));
#3772 = ORIENTED_EDGE('',*,*,#3741,.T.);
#3773 = PLANE('',#3774);
#3774 = AXIS2_PLACEMENT_3D('',#3775,#3776,#3777);
#3775 = CARTESIAN_POINT('',(0.,0.,1.55));
#3776 = DIRECTION('',(0.,0.,1.));
#3777 = DIRECTION('',(1.,0.,-0.));
#3778 = MANIFOLD_SOLID_BREP('',#3779);
#3779 = CLOSED_SHELL('',(#3780,#3813,#3822));
#3780 = ADVANCED_FACE('',(#3781),#3808,.T.);
#3781 = FACE_BOUND('',#3782,.F.);
#3782 = EDGE_LOOP('',(#3783,#3793,#3800,#3801));
#3783 = ORIENTED_EDGE('',*,*,#3784,.T.);
#3784 = EDGE_CURVE('',#3785,#3787,#3789,.T.);
#3785 = VERTEX_POINT('',#3786);
#3786 = CARTESIAN_POINT('',(-54.585001,2.,1.51));
#3787 = VERTEX_POINT('',#3788);
#3788 = CARTESIAN_POINT('',(-54.585001,2.,1.55));
#3789 = LINE('',#3790,#3791);
#3790 = CARTESIAN_POINT('',(-54.585001,2.,1.51));
#3791 = VECTOR('',#3792,1.);
#3792 = DIRECTION('',(0.,0.,1.));
#3793 = ORIENTED_EDGE('',*,*,#3794,.T.);
#3794 = EDGE_CURVE('',#3787,#3787,#3795,.T.);
#3795 = CIRCLE('',#3796,0.914999);
#3796 = AXIS2_PLACEMENT_3D('',#3797,#3798,#3799);
#3797 = CARTESIAN_POINT('',(-55.5,2.,1.55));
#3798 = DIRECTION('',(0.,0.,1.));
#3799 = DIRECTION('',(1.,0.,-0.));
#3800 = ORIENTED_EDGE('',*,*,#3784,.F.);
#3801 = ORIENTED_EDGE('',*,*,#3802,.F.);
#3802 = EDGE_CURVE('',#3785,#3785,#3803,.T.);
#3803 = CIRCLE('',#3804,0.914999);
#3804 = AXIS2_PLACEMENT_3D('',#3805,#3806,#3807);
#3805 = CARTESIAN_POINT('',(-55.5,2.,1.51));
#3806 = DIRECTION('',(0.,0.,1.));
#3807 = DIRECTION('',(1.,0.,-0.));
#3808 = CYLINDRICAL_SURFACE('',#3809,0.914999);
#3809 = AXIS2_PLACEMENT_3D('',#3810,#3811,#3812);
#3810 = CARTESIAN_POINT('',(-55.5,2.,1.51));
#3811 = DIRECTION('',(-0.,-0.,-1.));
#3812 = DIRECTION('',(1.,0.,-0.));
#3813 = ADVANCED_FACE('',(#3814),#3817,.F.);
#3814 = FACE_BOUND('',#3815,.F.);
#3815 = EDGE_LOOP('',(#3816));
#3816 = ORIENTED_EDGE('',*,*,#3802,.T.);
#3817 = PLANE('',#3818);
#3818 = AXIS2_PLACEMENT_3D('',#3819,#3820,#3821);
#3819 = CARTESIAN_POINT('',(0.,0.,1.51));
#3820 = DIRECTION('',(0.,0.,1.));
#3821 = DIRECTION('',(1.,0.,-0.));
#3822 = ADVANCED_FACE('',(#3823),#3826,.T.);
#3823 = FACE_BOUND('',#3824,.T.);
#3824 = EDGE_LOOP('',(#3825));
#3825 = ORIENTED_EDGE('',*,*,#3794,.T.);
#3826 = PLANE('',#3827);
#3827 = AXIS2_PLACEMENT_3D('',#3828,#3829,#3830);
#3828 = CARTESIAN_POINT('',(0.,0.,1.55));
#3829 = DIRECTION('',(0.,0.,1.));
#3830 = DIRECTION('',(1.,0.,-0.));
#3831 = MANIFOLD_SOLID_BREP('',#3832);
#3832 = CLOSED_SHELL('',(#3833,#3866,#3886,#3906));
#3833 = ADVANCED_FACE('',(#3834),#3861,.T.);
#3834 = FACE_BOUND('',#3835,.F.);
#3835 = EDGE_LOOP('',(#3836,#3846,#3853,#3854));
#3836 = ORIENTED_EDGE('',*,*,#3837,.T.);
#3837 = EDGE_CURVE('',#3838,#3840,#3842,.T.);
#3838 = VERTEX_POINT('',#3839);
#3839 = CARTESIAN_POINT('',(101.8,15.,1.51));
#3840 = VERTEX_POINT('',#3841);
#3841 = CARTESIAN_POINT('',(101.8,15.,1.55));
#3842 = LINE('',#3843,#3844);
#3843 = CARTESIAN_POINT('',(101.8,15.,1.51));
#3844 = VECTOR('',#3845,1.);
#3845 = DIRECTION('',(0.,0.,1.));
#3846 = ORIENTED_EDGE('',*,*,#3847,.T.);
#3847 = EDGE_CURVE('',#3840,#3840,#3848,.T.);
#3848 = CIRCLE('',#3849,1.8);
#3849 = AXIS2_PLACEMENT_3D('',#3850,#3851,#3852);
#3850 = CARTESIAN_POINT('',(100.,15.,1.55));
#3851 = DIRECTION('',(0.,0.,1.));
#3852 = DIRECTION('',(1.,0.,-0.));
#3853 = ORIENTED_EDGE('',*,*,#3837,.F.);
#3854 = ORIENTED_EDGE('',*,*,#3855,.F.);
#3855 = EDGE_CURVE('',#3838,#3838,#3856,.T.);
#3856 = CIRCLE('',#3857,1.8);
#3857 = AXIS2_PLACEMENT_3D('',#3858,#3859,#3860);
#3858 = CARTESIAN_POINT('',(100.,15.,1.51));
#3859 = DIRECTION('',(0.,0.,1.));
#3860 = DIRECTION('',(1.,0.,-0.));
#3861 = CYLINDRICAL_SURFACE('',#3862,1.8);
#3862 = AXIS2_PLACEMENT_3D('',#3863,#3864,#3865);
#3863 = CARTESIAN_POINT('',(100.,15.,1.51));
#3864 = DIRECTION('',(-0.,-0.,-1.));
#3865 = DIRECTION('',(1.,0.,-0.));
#3866 = ADVANCED_FACE('',(#3867,#3870),#3881,.F.);
#3867 = FACE_BOUND('',#3868,.F.);
#3868 = EDGE_LOOP('',(#3869));
#3869 = ORIENTED_EDGE('',*,*,#3855,.T.);
#3870 = FACE_BOUND('',#3871,.F.);
#3871 = EDGE_LOOP('',(#3872));
#3872 = ORIENTED_EDGE('',*,*,#3873,.T.);
#3873 = EDGE_CURVE('',#3874,#3874,#3876,.T.);
#3874 = VERTEX_POINT('',#3875);
#3875 = CARTESIAN_POINT('',(100.,13.425,1.51));
#3876 = CIRCLE('',#3877,1.575);
#3877 = AXIS2_PLACEMENT_3D('',#3878,#3879,#3880);
#3878 = CARTESIAN_POINT('',(100.,15.,1.51));
#3879 = DIRECTION('',(-0.,0.,-1.));
#3880 = DIRECTION('',(-0.,-1.,0.));
#3881 = PLANE('',#3882);
#3882 = AXIS2_PLACEMENT_3D('',#3883,#3884,#3885);
#3883 = CARTESIAN_POINT('',(0.,0.,1.51));
#3884 = DIRECTION('',(0.,0.,1.));
#3885 = DIRECTION('',(1.,0.,-0.));
#3886 = ADVANCED_FACE('',(#3887,#3890),#3901,.T.);
#3887 = FACE_BOUND('',#3888,.T.);
#3888 = EDGE_LOOP('',(#3889));
#3889 = ORIENTED_EDGE('',*,*,#3847,.T.);
#3890 = FACE_BOUND('',#3891,.T.);
#3891 = EDGE_LOOP('',(#3892));
#3892 = ORIENTED_EDGE('',*,*,#3893,.T.);
#3893 = EDGE_CURVE('',#3894,#3894,#3896,.T.);
#3894 = VERTEX_POINT('',#3895);
#3895 = CARTESIAN_POINT('',(100.,13.425,1.55));
#3896 = CIRCLE('',#3897,1.575);
#3897 = AXIS2_PLACEMENT_3D('',#3898,#3899,#3900);
#3898 = CARTESIAN_POINT('',(100.,15.,1.55));
#3899 = DIRECTION('',(-0.,0.,-1.));
#3900 = DIRECTION('',(-0.,-1.,0.));
#3901 = PLANE('',#3902);
#3902 = AXIS2_PLACEMENT_3D('',#3903,#3904,#3905);
#3903 = CARTESIAN_POINT('',(0.,0.,1.55));
#3904 = DIRECTION('',(0.,0.,1.));
#3905 = DIRECTION('',(1.,0.,-0.));
#3906 = ADVANCED_FACE('',(#3907),#3918,.F.);
#3907 = FACE_BOUND('',#3908,.T.);
#3908 = EDGE_LOOP('',(#3909,#3910,#3916,#3917));
#3909 = ORIENTED_EDGE('',*,*,#3873,.T.);
#3910 = ORIENTED_EDGE('',*,*,#3911,.T.);
#3911 = EDGE_CURVE('',#3874,#3894,#3912,.T.);
#3912 = LINE('',#3913,#3914);
#3913 = CARTESIAN_POINT('',(100.,13.425,-4.6E-02));
#3914 = VECTOR('',#3915,1.);
#3915 = DIRECTION('',(0.,0.,1.));
#3916 = ORIENTED_EDGE('',*,*,#3893,.F.);
#3917 = ORIENTED_EDGE('',*,*,#3911,.F.);
#3918 = CYLINDRICAL_SURFACE('',#3919,1.575);
#3919 = AXIS2_PLACEMENT_3D('',#3920,#3921,#3922);
#3920 = CARTESIAN_POINT('',(100.,15.,-4.6E-02));
#3921 = DIRECTION('',(-0.,-0.,-1.));
#3922 = DIRECTION('',(-0.,-1.,0.));
#3923 = MANIFOLD_SOLID_BREP('',#3924);
#3924 = CLOSED_SHELL('',(#3925,#3958,#3978,#3998));
#3925 = ADVANCED_FACE('',(#3926),#3953,.T.);
#3926 = FACE_BOUND('',#3927,.T.);
#3927 = EDGE_LOOP('',(#3928,#3938,#3945,#3946));
#3928 = ORIENTED_EDGE('',*,*,#3929,.T.);
#3929 = EDGE_CURVE('',#3930,#3932,#3934,.T.);
#3930 = VERTEX_POINT('',#3931);
#3931 = CARTESIAN_POINT('',(101.8,15.,0.));
#3932 = VERTEX_POINT('',#3933);
#3933 = CARTESIAN_POINT('',(101.8,15.,-4.E-02));
#3934 = LINE('',#3935,#3936);
#3935 = CARTESIAN_POINT('',(101.8,15.,0.));
#3936 = VECTOR('',#3937,1.);
#3937 = DIRECTION('',(0.,0.,-1.));
#3938 = ORIENTED_EDGE('',*,*,#3939,.T.);
#3939 = EDGE_CURVE('',#3932,#3932,#3940,.T.);
#3940 = CIRCLE('',#3941,1.8);
#3941 = AXIS2_PLACEMENT_3D('',#3942,#3943,#3944);
#3942 = CARTESIAN_POINT('',(100.,15.,-4.E-02));
#3943 = DIRECTION('',(0.,0.,1.));
#3944 = DIRECTION('',(1.,0.,-0.));
#3945 = ORIENTED_EDGE('',*,*,#3929,.F.);
#3946 = ORIENTED_EDGE('',*,*,#3947,.F.);
#3947 = EDGE_CURVE('',#3930,#3930,#3948,.T.);
#3948 = CIRCLE('',#3949,1.8);
#3949 = AXIS2_PLACEMENT_3D('',#3950,#3951,#3952);
#3950 = CARTESIAN_POINT('',(100.,15.,0.));
#3951 = DIRECTION('',(0.,0.,1.));
#3952 = DIRECTION('',(1.,0.,-0.));
#3953 = CYLINDRICAL_SURFACE('',#3954,1.8);
#3954 = AXIS2_PLACEMENT_3D('',#3955,#3956,#3957);
#3955 = CARTESIAN_POINT('',(100.,15.,0.));
#3956 = DIRECTION('',(0.,0.,1.));
#3957 = DIRECTION('',(1.,0.,-0.));
#3958 = ADVANCED_FACE('',(#3959,#3962),#3973,.F.);
#3959 = FACE_BOUND('',#3960,.F.);
#3960 = EDGE_LOOP('',(#3961));
#3961 = ORIENTED_EDGE('',*,*,#3947,.F.);
#3962 = FACE_BOUND('',#3963,.F.);
#3963 = EDGE_LOOP('',(#3964));
#3964 = ORIENTED_EDGE('',*,*,#3965,.F.);
#3965 = EDGE_CURVE('',#3966,#3966,#3968,.T.);
#3966 = VERTEX_POINT('',#3967);
#3967 = CARTESIAN_POINT('',(100.,13.425,0.));
#3968 = CIRCLE('',#3969,1.575);
#3969 = AXIS2_PLACEMENT_3D('',#3970,#3971,#3972);
#3970 = CARTESIAN_POINT('',(100.,15.,0.));
#3971 = DIRECTION('',(-0.,0.,-1.));
#3972 = DIRECTION('',(-0.,-1.,0.));
#3973 = PLANE('',#3974);
#3974 = AXIS2_PLACEMENT_3D('',#3975,#3976,#3977);
#3975 = CARTESIAN_POINT('',(0.,0.,0.));
#3976 = DIRECTION('',(-0.,-0.,-1.));
#3977 = DIRECTION('',(-1.,0.,0.));
#3978 = ADVANCED_FACE('',(#3979,#3982),#3993,.T.);
#3979 = FACE_BOUND('',#3980,.T.);
#3980 = EDGE_LOOP('',(#3981));
#3981 = ORIENTED_EDGE('',*,*,#3939,.F.);
#3982 = FACE_BOUND('',#3983,.T.);
#3983 = EDGE_LOOP('',(#3984));
#3984 = ORIENTED_EDGE('',*,*,#3985,.F.);
#3985 = EDGE_CURVE('',#3986,#3986,#3988,.T.);
#3986 = VERTEX_POINT('',#3987);
#3987 = CARTESIAN_POINT('',(100.,13.425,-4.E-02));
#3988 = CIRCLE('',#3989,1.575);
#3989 = AXIS2_PLACEMENT_3D('',#3990,#3991,#3992);
#3990 = CARTESIAN_POINT('',(100.,15.,-4.E-02));
#3991 = DIRECTION('',(-0.,0.,-1.));
#3992 = DIRECTION('',(-0.,-1.,0.));
#3993 = PLANE('',#3994);
#3994 = AXIS2_PLACEMENT_3D('',#3995,#3996,#3997);
#3995 = CARTESIAN_POINT('',(0.,0.,-4.E-02));
#3996 = DIRECTION('',(-0.,-0.,-1.));
#3997 = DIRECTION('',(-1.,0.,0.));
#3998 = ADVANCED_FACE('',(#3999),#4010,.F.);
#3999 = FACE_BOUND('',#4000,.T.);
#4000 = EDGE_LOOP('',(#4001,#4002,#4008,#4009));
#4001 = ORIENTED_EDGE('',*,*,#3985,.T.);
#4002 = ORIENTED_EDGE('',*,*,#4003,.T.);
#4003 = EDGE_CURVE('',#3986,#3966,#4004,.T.);
#4004 = LINE('',#4005,#4006);
#4005 = CARTESIAN_POINT('',(100.,13.425,-4.6E-02));
#4006 = VECTOR('',#4007,1.);
#4007 = DIRECTION('',(0.,0.,1.));
#4008 = ORIENTED_EDGE('',*,*,#3965,.F.);
#4009 = ORIENTED_EDGE('',*,*,#4003,.F.);
#4010 = CYLINDRICAL_SURFACE('',#4011,1.575);
#4011 = AXIS2_PLACEMENT_3D('',#4012,#4013,#4014);
#4012 = CARTESIAN_POINT('',(100.,15.,-4.6E-02));
#4013 = DIRECTION('',(-0.,-0.,-1.));
#4014 = DIRECTION('',(-0.,-1.,0.));
#4015 = MANIFOLD_SOLID_BREP('',#4016);
#4016 = CLOSED_SHELL('',(#4017,#4050,#4070,#4090));
#4017 = ADVANCED_FACE('',(#4018),#4045,.T.);
#4018 = FACE_BOUND('',#4019,.F.);
#4019 = EDGE_LOOP('',(#4020,#4030,#4037,#4038));
#4020 = ORIENTED_EDGE('',*,*,#4021,.T.);
#4021 = EDGE_CURVE('',#4022,#4024,#4026,.T.);
#4022 = VERTEX_POINT('',#4023);
#4023 = CARTESIAN_POINT('',(100.,13.4,-4.E-02));
#4024 = VERTEX_POINT('',#4025);
#4025 = CARTESIAN_POINT('',(100.,13.4,1.55));
#4026 = LINE('',#4027,#4028);
#4027 = CARTESIAN_POINT('',(100.,13.4,-4.E-02));
#4028 = VECTOR('',#4029,1.);
#4029 = DIRECTION('',(0.,0.,1.));
#4030 = ORIENTED_EDGE('',*,*,#4031,.T.);
#4031 = EDGE_CURVE('',#4024,#4024,#4032,.T.);
#4032 = CIRCLE('',#4033,1.6);
#4033 = AXIS2_PLACEMENT_3D('',#4034,#4035,#4036);
#4034 = CARTESIAN_POINT('',(100.,15.,1.55));
#4035 = DIRECTION('',(0.,0.,1.));
#4036 = DIRECTION('',(-0.,-1.,0.));
#4037 = ORIENTED_EDGE('',*,*,#4021,.F.);
#4038 = ORIENTED_EDGE('',*,*,#4039,.F.);
#4039 = EDGE_CURVE('',#4022,#4022,#4040,.T.);
#4040 = CIRCLE('',#4041,1.6);
#4041 = AXIS2_PLACEMENT_3D('',#4042,#4043,#4044);
#4042 = CARTESIAN_POINT('',(100.,15.,-4.E-02));
#4043 = DIRECTION('',(0.,0.,1.));
#4044 = DIRECTION('',(-0.,-1.,0.));
#4045 = CYLINDRICAL_SURFACE('',#4046,1.6);
#4046 = AXIS2_PLACEMENT_3D('',#4047,#4048,#4049);
#4047 = CARTESIAN_POINT('',(100.,15.,-4.E-02));
#4048 = DIRECTION('',(-0.,-0.,-1.));
#4049 = DIRECTION('',(-0.,-1.,0.));
#4050 = ADVANCED_FACE('',(#4051,#4054),#4065,.F.);
#4051 = FACE_BOUND('',#4052,.F.);
#4052 = EDGE_LOOP('',(#4053));
#4053 = ORIENTED_EDGE('',*,*,#4039,.T.);
#4054 = FACE_BOUND('',#4055,.F.);
#4055 = EDGE_LOOP('',(#4056));
#4056 = ORIENTED_EDGE('',*,*,#4057,.T.);
#4057 = EDGE_CURVE('',#4058,#4058,#4060,.T.);
#4058 = VERTEX_POINT('',#4059);
#4059 = CARTESIAN_POINT('',(100.,13.425,-4.E-02));
#4060 = CIRCLE('',#4061,1.575);
#4061 = AXIS2_PLACEMENT_3D('',#4062,#4063,#4064);
#4062 = CARTESIAN_POINT('',(100.,15.,-4.E-02));
#4063 = DIRECTION('',(-0.,0.,-1.));
#4064 = DIRECTION('',(-0.,-1.,0.));
#4065 = PLANE('',#4066);
#4066 = AXIS2_PLACEMENT_3D('',#4067,#4068,#4069);
#4067 = CARTESIAN_POINT('',(100.,13.4,-4.E-02));
#4068 = DIRECTION('',(0.,0.,1.));
#4069 = DIRECTION('',(1.,0.,-0.));
#4070 = ADVANCED_FACE('',(#4071,#4074),#4085,.T.);
#4071 = FACE_BOUND('',#4072,.T.);
#4072 = EDGE_LOOP('',(#4073));
#4073 = ORIENTED_EDGE('',*,*,#4031,.T.);
#4074 = FACE_BOUND('',#4075,.T.);
#4075 = EDGE_LOOP('',(#4076));
#4076 = ORIENTED_EDGE('',*,*,#4077,.T.);
#4077 = EDGE_CURVE('',#4078,#4078,#4080,.T.);
#4078 = VERTEX_POINT('',#4079);
#4079 = CARTESIAN_POINT('',(100.,13.425,1.55));
#4080 = CIRCLE('',#4081,1.575);
#4081 = AXIS2_PLACEMENT_3D('',#4082,#4083,#4084);
#4082 = CARTESIAN_POINT('',(100.,15.,1.55));
#4083 = DIRECTION('',(-0.,0.,-1.));
#4084 = DIRECTION('',(-0.,-1.,0.));
#4085 = PLANE('',#4086);
#4086 = AXIS2_PLACEMENT_3D('',#4087,#4088,#4089);
#4087 = CARTESIAN_POINT('',(100.,13.4,1.55));
#4088 = DIRECTION('',(0.,0.,1.));
#4089 = DIRECTION('',(1.,0.,-0.));
#4090 = ADVANCED_FACE('',(#4091),#4102,.F.);
#4091 = FACE_BOUND('',#4092,.T.);
#4092 = EDGE_LOOP('',(#4093,#4094,#4100,#4101));
#4093 = ORIENTED_EDGE('',*,*,#4057,.T.);
#4094 = ORIENTED_EDGE('',*,*,#4095,.T.);
#4095 = EDGE_CURVE('',#4058,#4078,#4096,.T.);
#4096 = LINE('',#4097,#4098);
#4097 = CARTESIAN_POINT('',(100.,13.425,-4.6E-02));
#4098 = VECTOR('',#4099,1.);
#4099 = DIRECTION('',(0.,0.,1.));
#4100 = ORIENTED_EDGE('',*,*,#4077,.F.);
#4101 = ORIENTED_EDGE('',*,*,#4095,.F.);
#4102 = CYLINDRICAL_SURFACE('',#4103,1.575);
#4103 = AXIS2_PLACEMENT_3D('',#4104,#4105,#4106);
#4104 = CARTESIAN_POINT('',(100.,15.,-4.6E-02));
#4105 = DIRECTION('',(-0.,-0.,-1.));
#4106 = DIRECTION('',(-0.,-1.,0.));
#4107 = MANIFOLD_SOLID_BREP('',#4108);
#4108 = CLOSED_SHELL('',(#4109,#4142,#4162,#4182));
#4109 = ADVANCED_FACE('',(#4110),#4137,.T.);
#4110 = FACE_BOUND('',#4111,.F.);
#4111 = EDGE_LOOP('',(#4112,#4122,#4129,#4130));
#4112 = ORIENTED_EDGE('',*,*,#4113,.T.);
#4113 = EDGE_CURVE('',#4114,#4116,#4118,.T.);
#4114 = VERTEX_POINT('',#4115);
#4115 = CARTESIAN_POINT('',(102.849999,15.,1.51));
#4116 = VERTEX_POINT('',#4117);
#4117 = CARTESIAN_POINT('',(102.849999,15.,1.55));
#4118 = LINE('',#4119,#4120);
#4119 = CARTESIAN_POINT('',(102.849999,15.,1.51));
#4120 = VECTOR('',#4121,1.);
#4121 = DIRECTION('',(0.,0.,1.));
#4122 = ORIENTED_EDGE('',*,*,#4123,.T.);
#4123 = EDGE_CURVE('',#4116,#4116,#4124,.T.);
#4124 = CIRCLE('',#4125,2.849999);
#4125 = AXIS2_PLACEMENT_3D('',#4126,#4127,#4128);
#4126 = CARTESIAN_POINT('',(100.,15.,1.55));
#4127 = DIRECTION('',(0.,0.,1.));
#4128 = DIRECTION('',(1.,0.,-0.));
#4129 = ORIENTED_EDGE('',*,*,#4113,.F.);
#4130 = ORIENTED_EDGE('',*,*,#4131,.F.);
#4131 = EDGE_CURVE('',#4114,#4114,#4132,.T.);
#4132 = CIRCLE('',#4133,2.849999);
#4133 = AXIS2_PLACEMENT_3D('',#4134,#4135,#4136);
#4134 = CARTESIAN_POINT('',(100.,15.,1.51));
#4135 = DIRECTION('',(0.,0.,1.));
#4136 = DIRECTION('',(1.,0.,-0.));
#4137 = CYLINDRICAL_SURFACE('',#4138,2.849999);
#4138 = AXIS2_PLACEMENT_3D('',#4139,#4140,#4141);
#4139 = CARTESIAN_POINT('',(100.,15.,1.51));
#4140 = DIRECTION('',(-0.,-0.,-1.));
#4141 = DIRECTION('',(1.,0.,-0.));
#4142 = ADVANCED_FACE('',(#4143,#4146),#4157,.F.);
#4143 = FACE_BOUND('',#4144,.F.);
#4144 = EDGE_LOOP('',(#4145));
#4145 = ORIENTED_EDGE('',*,*,#4131,.T.);
#4146 = FACE_BOUND('',#4147,.F.);
#4147 = EDGE_LOOP('',(#4148));
#4148 = ORIENTED_EDGE('',*,*,#4149,.T.);
#4149 = EDGE_CURVE('',#4150,#4150,#4152,.T.);
#4150 = VERTEX_POINT('',#4151);
#4151 = CARTESIAN_POINT('',(100.,13.425,1.51));
#4152 = CIRCLE('',#4153,1.575);
#4153 = AXIS2_PLACEMENT_3D('',#4154,#4155,#4156);
#4154 = CARTESIAN_POINT('',(100.,15.,1.51));
#4155 = DIRECTION('',(-0.,0.,-1.));
#4156 = DIRECTION('',(-0.,-1.,0.));
#4157 = PLANE('',#4158);
#4158 = AXIS2_PLACEMENT_3D('',#4159,#4160,#4161);
#4159 = CARTESIAN_POINT('',(0.,0.,1.51));
#4160 = DIRECTION('',(0.,0.,1.));
#4161 = DIRECTION('',(1.,0.,-0.));
#4162 = ADVANCED_FACE('',(#4163,#4166),#4177,.T.);
#4163 = FACE_BOUND('',#4164,.T.);
#4164 = EDGE_LOOP('',(#4165));
#4165 = ORIENTED_EDGE('',*,*,#4123,.T.);
#4166 = FACE_BOUND('',#4167,.T.);
#4167 = EDGE_LOOP('',(#4168));
#4168 = ORIENTED_EDGE('',*,*,#4169,.T.);
#4169 = EDGE_CURVE('',#4170,#4170,#4172,.T.);
#4170 = VERTEX_POINT('',#4171);
#4171 = CARTESIAN_POINT('',(100.,13.425,1.55));
#4172 = CIRCLE('',#4173,1.575);
#4173 = AXIS2_PLACEMENT_3D('',#4174,#4175,#4176);
#4174 = CARTESIAN_POINT('',(100.,15.,1.55));
#4175 = DIRECTION('',(-0.,0.,-1.));
#4176 = DIRECTION('',(-0.,-1.,0.));
#4177 = PLANE('',#4178);
#4178 = AXIS2_PLACEMENT_3D('',#4179,#4180,#4181);
#4179 = CARTESIAN_POINT('',(0.,0.,1.55));
#4180 = DIRECTION('',(0.,0.,1.));
#4181 = DIRECTION('',(1.,0.,-0.));
#4182 = ADVANCED_FACE('',(#4183),#4194,.F.);
#4183 = FACE_BOUND('',#4184,.T.);
#4184 = EDGE_LOOP('',(#4185,#4186,#4192,#4193));
#4185 = ORIENTED_EDGE('',*,*,#4149,.T.);
#4186 = ORIENTED_EDGE('',*,*,#4187,.T.);
#4187 = EDGE_CURVE('',#4150,#4170,#4188,.T.);
#4188 = LINE('',#4189,#4190);
#4189 = CARTESIAN_POINT('',(100.,13.425,-4.6E-02));
#4190 = VECTOR('',#4191,1.);
#4191 = DIRECTION('',(0.,0.,1.));
#4192 = ORIENTED_EDGE('',*,*,#4169,.F.);
#4193 = ORIENTED_EDGE('',*,*,#4187,.F.);
#4194 = CYLINDRICAL_SURFACE('',#4195,1.575);
#4195 = AXIS2_PLACEMENT_3D('',#4196,#4197,#4198);
#4196 = CARTESIAN_POINT('',(100.,15.,-4.6E-02));
#4197 = DIRECTION('',(-0.,-0.,-1.));
#4198 = DIRECTION('',(-0.,-1.,0.));
#4199 = MANIFOLD_SOLID_BREP('',#4200);
#4200 = CLOSED_SHELL('',(#4201,#4234,#4254,#4274));
#4201 = ADVANCED_FACE('',(#4202),#4229,.T.);
#4202 = FACE_BOUND('',#4203,.T.);
#4203 = EDGE_LOOP('',(#4204,#4214,#4221,#4222));
#4204 = ORIENTED_EDGE('',*,*,#4205,.T.);
#4205 = EDGE_CURVE('',#4206,#4208,#4210,.T.);
#4206 = VERTEX_POINT('',#4207);
#4207 = CARTESIAN_POINT('',(102.849999,15.,0.));
#4208 = VERTEX_POINT('',#4209);
#4209 = CARTESIAN_POINT('',(102.849999,15.,-4.E-02));
#4210 = LINE('',#4211,#4212);
#4211 = CARTESIAN_POINT('',(102.849999,15.,0.));
#4212 = VECTOR('',#4213,1.);
#4213 = DIRECTION('',(0.,0.,-1.));
#4214 = ORIENTED_EDGE('',*,*,#4215,.T.);
#4215 = EDGE_CURVE('',#4208,#4208,#4216,.T.);
#4216 = CIRCLE('',#4217,2.849999);
#4217 = AXIS2_PLACEMENT_3D('',#4218,#4219,#4220);
#4218 = CARTESIAN_POINT('',(100.,15.,-4.E-02));
#4219 = DIRECTION('',(0.,0.,1.));
#4220 = DIRECTION('',(1.,0.,-0.));
#4221 = ORIENTED_EDGE('',*,*,#4205,.F.);
#4222 = ORIENTED_EDGE('',*,*,#4223,.F.);
#4223 = EDGE_CURVE('',#4206,#4206,#4224,.T.);
#4224 = CIRCLE('',#4225,2.849999);
#4225 = AXIS2_PLACEMENT_3D('',#4226,#4227,#4228);
#4226 = CARTESIAN_POINT('',(100.,15.,0.));
#4227 = DIRECTION('',(0.,0.,1.));
#4228 = DIRECTION('',(1.,0.,-0.));
#4229 = CYLINDRICAL_SURFACE('',#4230,2.849999);
#4230 = AXIS2_PLACEMENT_3D('',#4231,#4232,#4233);
#4231 = CARTESIAN_POINT('',(100.,15.,0.));
#4232 = DIRECTION('',(0.,0.,1.));
#4233 = DIRECTION('',(1.,0.,-0.));
#4234 = ADVANCED_FACE('',(#4235,#4238),#4249,.F.);
#4235 = FACE_BOUND('',#4236,.F.);
#4236 = EDGE_LOOP('',(#4237));
#4237 = ORIENTED_EDGE('',*,*,#4223,.F.);
#4238 = FACE_BOUND('',#4239,.F.);
#4239 = EDGE_LOOP('',(#4240));
#4240 = ORIENTED_EDGE('',*,*,#4241,.F.);
#4241 = EDGE_CURVE('',#4242,#4242,#4244,.T.);
#4242 = VERTEX_POINT('',#4243);
#4243 = CARTESIAN_POINT('',(100.,13.425,0.));
#4244 = CIRCLE('',#4245,1.575);
#4245 = AXIS2_PLACEMENT_3D('',#4246,#4247,#4248);
#4246 = CARTESIAN_POINT('',(100.,15.,0.));
#4247 = DIRECTION('',(-0.,0.,-1.));
#4248 = DIRECTION('',(-0.,-1.,0.));
#4249 = PLANE('',#4250);
#4250 = AXIS2_PLACEMENT_3D('',#4251,#4252,#4253);
#4251 = CARTESIAN_POINT('',(0.,0.,0.));
#4252 = DIRECTION('',(-0.,-0.,-1.));
#4253 = DIRECTION('',(-1.,0.,0.));
#4254 = ADVANCED_FACE('',(#4255,#4258),#4269,.T.);
#4255 = FACE_BOUND('',#4256,.T.);
#4256 = EDGE_LOOP('',(#4257));
#4257 = ORIENTED_EDGE('',*,*,#4215,.F.);
#4258 = FACE_BOUND('',#4259,.T.);
#4259 = EDGE_LOOP('',(#4260));
#4260 = ORIENTED_EDGE('',*,*,#4261,.F.);
#4261 = EDGE_CURVE('',#4262,#4262,#4264,.T.);
#4262 = VERTEX_POINT('',#4263);
#4263 = CARTESIAN_POINT('',(100.,13.425,-4.E-02));
#4264 = CIRCLE('',#4265,1.575);
#4265 = AXIS2_PLACEMENT_3D('',#4266,#4267,#4268);
#4266 = CARTESIAN_POINT('',(100.,15.,-4.E-02));
#4267 = DIRECTION('',(-0.,0.,-1.));
#4268 = DIRECTION('',(-0.,-1.,0.));
#4269 = PLANE('',#4270);
#4270 = AXIS2_PLACEMENT_3D('',#4271,#4272,#4273);
#4271 = CARTESIAN_POINT('',(0.,0.,-4.E-02));
#4272 = DIRECTION('',(-0.,-0.,-1.));
#4273 = DIRECTION('',(-1.,0.,0.));
#4274 = ADVANCED_FACE('',(#4275),#4286,.F.);
#4275 = FACE_BOUND('',#4276,.T.);
#4276 = EDGE_LOOP('',(#4277,#4278,#4284,#4285));
#4277 = ORIENTED_EDGE('',*,*,#4261,.T.);
#4278 = ORIENTED_EDGE('',*,*,#4279,.T.);
#4279 = EDGE_CURVE('',#4262,#4242,#4280,.T.);
#4280 = LINE('',#4281,#4282);
#4281 = CARTESIAN_POINT('',(100.,13.425,-4.6E-02));
#4282 = VECTOR('',#4283,1.);
#4283 = DIRECTION('',(0.,0.,1.));
#4284 = ORIENTED_EDGE('',*,*,#4241,.F.);
#4285 = ORIENTED_EDGE('',*,*,#4279,.F.);
#4286 = CYLINDRICAL_SURFACE('',#4287,1.575);
#4287 = AXIS2_PLACEMENT_3D('',#4288,#4289,#4290);
#4288 = CARTESIAN_POINT('',(100.,15.,-4.6E-02));
#4289 = DIRECTION('',(-0.,-0.,-1.));
#4290 = DIRECTION('',(-0.,-1.,0.));
#4291 = MANIFOLD_SOLID_BREP('',#4292);
#4292 = CLOSED_SHELL('',(#4293,#4326,#4335));
#4293 = ADVANCED_FACE('',(#4294),#4321,.T.);
#4294 = FACE_BOUND('',#4295,.F.);
#4295 = EDGE_LOOP('',(#4296,#4306,#4313,#4314));
#4296 = ORIENTED_EDGE('',*,*,#4297,.T.);
#4297 = EDGE_CURVE('',#4298,#4300,#4302,.T.);
#4298 = VERTEX_POINT('',#4299);
#4299 = CARTESIAN_POINT('',(-81.585001,2.,1.51));
#4300 = VERTEX_POINT('',#4301);
#4301 = CARTESIAN_POINT('',(-81.585001,2.,1.55));
#4302 = LINE('',#4303,#4304);
#4303 = CARTESIAN_POINT('',(-81.585001,2.,1.51));
#4304 = VECTOR('',#4305,1.);
#4305 = DIRECTION('',(0.,0.,1.));
#4306 = ORIENTED_EDGE('',*,*,#4307,.T.);
#4307 = EDGE_CURVE('',#4300,#4300,#4308,.T.);
#4308 = CIRCLE('',#4309,0.914999);
#4309 = AXIS2_PLACEMENT_3D('',#4310,#4311,#4312);
#4310 = CARTESIAN_POINT('',(-82.5,2.,1.55));
#4311 = DIRECTION('',(0.,0.,1.));
#4312 = DIRECTION('',(1.,0.,-0.));
#4313 = ORIENTED_EDGE('',*,*,#4297,.F.);
#4314 = ORIENTED_EDGE('',*,*,#4315,.F.);
#4315 = EDGE_CURVE('',#4298,#4298,#4316,.T.);
#4316 = CIRCLE('',#4317,0.914999);
#4317 = AXIS2_PLACEMENT_3D('',#4318,#4319,#4320);
#4318 = CARTESIAN_POINT('',(-82.5,2.,1.51));
#4319 = DIRECTION('',(0.,0.,1.));
#4320 = DIRECTION('',(1.,0.,-0.));
#4321 = CYLINDRICAL_SURFACE('',#4322,0.914999);
#4322 = AXIS2_PLACEMENT_3D('',#4323,#4324,#4325);
#4323 = CARTESIAN_POINT('',(-82.5,2.,1.51));
#4324 = DIRECTION('',(-0.,-0.,-1.));
#4325 = DIRECTION('',(1.,0.,-0.));
#4326 = ADVANCED_FACE('',(#4327),#4330,.F.);
#4327 = FACE_BOUND('',#4328,.F.);
#4328 = EDGE_LOOP('',(#4329));
#4329 = ORIENTED_EDGE('',*,*,#4315,.T.);
#4330 = PLANE('',#4331);
#4331 = AXIS2_PLACEMENT_3D('',#4332,#4333,#4334);
#4332 = CARTESIAN_POINT('',(0.,0.,1.51));
#4333 = DIRECTION('',(0.,0.,1.));
#4334 = DIRECTION('',(1.,0.,-0.));
#4335 = ADVANCED_FACE('',(#4336),#4339,.T.);
#4336 = FACE_BOUND('',#4337,.T.);
#4337 = EDGE_LOOP('',(#4338));
#4338 = ORIENTED_EDGE('',*,*,#4307,.T.);
#4339 = PLANE('',#4340);
#4340 = AXIS2_PLACEMENT_3D('',#4341,#4342,#4343);
#4341 = CARTESIAN_POINT('',(0.,0.,1.55));
#4342 = DIRECTION('',(0.,0.,1.));
#4343 = DIRECTION('',(1.,0.,-0.));
#4344 = MANIFOLD_SOLID_BREP('',#4345);
#4345 = CLOSED_SHELL('',(#4346,#4379,#4388));
#4346 = ADVANCED_FACE('',(#4347),#4374,.T.);
#4347 = FACE_BOUND('',#4348,.F.);
#4348 = EDGE_LOOP('',(#4349,#4359,#4366,#4367));
#4349 = ORIENTED_EDGE('',*,*,#4350,.T.);
#4350 = EDGE_CURVE('',#4351,#4353,#4355,.T.);
#4351 = VERTEX_POINT('',#4352);
#4352 = CARTESIAN_POINT('',(56.414999,2.,1.51));
#4353 = VERTEX_POINT('',#4354);
#4354 = CARTESIAN_POINT('',(56.414999,2.,1.55));
#4355 = LINE('',#4356,#4357);
#4356 = CARTESIAN_POINT('',(56.414999,2.,1.51));
#4357 = VECTOR('',#4358,1.);
#4358 = DIRECTION('',(0.,0.,1.));
#4359 = ORIENTED_EDGE('',*,*,#4360,.T.);
#4360 = EDGE_CURVE('',#4353,#4353,#4361,.T.);
#4361 = CIRCLE('',#4362,0.914999);
#4362 = AXIS2_PLACEMENT_3D('',#4363,#4364,#4365);
#4363 = CARTESIAN_POINT('',(55.5,2.,1.55));
#4364 = DIRECTION('',(0.,0.,1.));
#4365 = DIRECTION('',(1.,0.,-0.));
#4366 = ORIENTED_EDGE('',*,*,#4350,.F.);
#4367 = ORIENTED_EDGE('',*,*,#4368,.F.);
#4368 = EDGE_CURVE('',#4351,#4351,#4369,.T.);
#4369 = CIRCLE('',#4370,0.914999);
#4370 = AXIS2_PLACEMENT_3D('',#4371,#4372,#4373);
#4371 = CARTESIAN_POINT('',(55.5,2.,1.51));
#4372 = DIRECTION('',(0.,0.,1.));
#4373 = DIRECTION('',(1.,0.,-0.));
#4374 = CYLINDRICAL_SURFACE('',#4375,0.914999);
#4375 = AXIS2_PLACEMENT_3D('',#4376,#4377,#4378);
#4376 = CARTESIAN_POINT('',(55.5,2.,1.51));
#4377 = DIRECTION('',(-0.,-0.,-1.));
#4378 = DIRECTION('',(1.,0.,-0.));
#4379 = ADVANCED_FACE('',(#4380),#4383,.F.);
#4380 = FACE_BOUND('',#4381,.F.);
#4381 = EDGE_LOOP('',(#4382));
#4382 = ORIENTED_EDGE('',*,*,#4368,.T.);
#4383 = PLANE('',#4384);
#4384 = AXIS2_PLACEMENT_3D('',#4385,#4386,#4387);
#4385 = CARTESIAN_POINT('',(0.,0.,1.51));
#4386 = DIRECTION('',(0.,0.,1.));
#4387 = DIRECTION('',(1.,0.,-0.));
#4388 = ADVANCED_FACE('',(#4389),#4392,.T.);
#4389 = FACE_BOUND('',#4390,.T.);
#4390 = EDGE_LOOP('',(#4391));
#4391 = ORIENTED_EDGE('',*,*,#4360,.T.);
#4392 = PLANE('',#4393);
#4393 = AXIS2_PLACEMENT_3D('',#4394,#4395,#4396);
#4394 = CARTESIAN_POINT('',(0.,0.,1.55));
#4395 = DIRECTION('',(0.,0.,1.));
#4396 = DIRECTION('',(1.,0.,-0.));
#4397 = MANIFOLD_SOLID_BREP('',#4398);
#4398 = CLOSED_SHELL('',(#4399,#4432,#4441));
#4399 = ADVANCED_FACE('',(#4400),#4427,.T.);
#4400 = FACE_BOUND('',#4401,.F.);
#4401 = EDGE_LOOP('',(#4402,#4412,#4419,#4420));
#4402 = ORIENTED_EDGE('',*,*,#4403,.T.);
#4403 = EDGE_CURVE('',#4404,#4406,#4408,.T.);
#4404 = VERTEX_POINT('',#4405);
#4405 = CARTESIAN_POINT('',(-66.585001,2.,1.51));
#4406 = VERTEX_POINT('',#4407);
#4407 = CARTESIAN_POINT('',(-66.585001,2.,1.55));
#4408 = LINE('',#4409,#4410);
#4409 = CARTESIAN_POINT('',(-66.585001,2.,1.51));
#4410 = VECTOR('',#4411,1.);
#4411 = DIRECTION('',(0.,0.,1.));
#4412 = ORIENTED_EDGE('',*,*,#4413,.T.);
#4413 = EDGE_CURVE('',#4406,#4406,#4414,.T.);
#4414 = CIRCLE('',#4415,0.914999);
#4415 = AXIS2_PLACEMENT_3D('',#4416,#4417,#4418);
#4416 = CARTESIAN_POINT('',(-67.5,2.,1.55));
#4417 = DIRECTION('',(0.,0.,1.));
#4418 = DIRECTION('',(1.,0.,-0.));
#4419 = ORIENTED_EDGE('',*,*,#4403,.F.);
#4420 = ORIENTED_EDGE('',*,*,#4421,.F.);
#4421 = EDGE_CURVE('',#4404,#4404,#4422,.T.);
#4422 = CIRCLE('',#4423,0.914999);
#4423 = AXIS2_PLACEMENT_3D('',#4424,#4425,#4426);
#4424 = CARTESIAN_POINT('',(-67.5,2.,1.51));
#4425 = DIRECTION('',(0.,0.,1.));
#4426 = DIRECTION('',(1.,0.,-0.));
#4427 = CYLINDRICAL_SURFACE('',#4428,0.914999);
#4428 = AXIS2_PLACEMENT_3D('',#4429,#4430,#4431);
#4429 = CARTESIAN_POINT('',(-67.5,2.,1.51));
#4430 = DIRECTION('',(-0.,-0.,-1.));
#4431 = DIRECTION('',(1.,0.,-0.));
#4432 = ADVANCED_FACE('',(#4433),#4436,.F.);
#4433 = FACE_BOUND('',#4434,.F.);
#4434 = EDGE_LOOP('',(#4435));
#4435 = ORIENTED_EDGE('',*,*,#4421,.T.);
#4436 = PLANE('',#4437);
#4437 = AXIS2_PLACEMENT_3D('',#4438,#4439,#4440);
#4438 = CARTESIAN_POINT('',(0.,0.,1.51));
#4439 = DIRECTION('',(0.,0.,1.));
#4440 = DIRECTION('',(1.,0.,-0.));
#4441 = ADVANCED_FACE('',(#4442),#4445,.T.);
#4442 = FACE_BOUND('',#4443,.T.);
#4443 = EDGE_LOOP('',(#4444));
#4444 = ORIENTED_EDGE('',*,*,#4413,.T.);
#4445 = PLANE('',#4446);
#4446 = AXIS2_PLACEMENT_3D('',#4447,#4448,#4449);
#4447 = CARTESIAN_POINT('',(0.,0.,1.55));
#4448 = DIRECTION('',(0.,0.,1.));
#4449 = DIRECTION('',(1.,0.,-0.));
#4450 = MANIFOLD_SOLID_BREP('',#4451);
#4451 = CLOSED_SHELL('',(#4452,#4485,#4494));
#4452 = ADVANCED_FACE('',(#4453),#4480,.T.);
#4453 = FACE_BOUND('',#4454,.F.);
#4454 = EDGE_LOOP('',(#4455,#4465,#4472,#4473));
#4455 = ORIENTED_EDGE('',*,*,#4456,.T.);
#4456 = EDGE_CURVE('',#4457,#4459,#4461,.T.);
#4457 = VERTEX_POINT('',#4458);
#4458 = CARTESIAN_POINT('',(8.414999,2.,1.51));
#4459 = VERTEX_POINT('',#4460);
#4460 = CARTESIAN_POINT('',(8.414999,2.,1.55));
#4461 = LINE('',#4462,#4463);
#4462 = CARTESIAN_POINT('',(8.414999,2.,1.51));
#4463 = VECTOR('',#4464,1.);
#4464 = DIRECTION('',(0.,0.,1.));
#4465 = ORIENTED_EDGE('',*,*,#4466,.T.);
#4466 = EDGE_CURVE('',#4459,#4459,#4467,.T.);
#4467 = CIRCLE('',#4468,0.914999);
#4468 = AXIS2_PLACEMENT_3D('',#4469,#4470,#4471);
#4469 = CARTESIAN_POINT('',(7.5,2.,1.55));
#4470 = DIRECTION('',(0.,0.,1.));
#4471 = DIRECTION('',(1.,0.,-0.));
#4472 = ORIENTED_EDGE('',*,*,#4456,.F.);
#4473 = ORIENTED_EDGE('',*,*,#4474,.F.);
#4474 = EDGE_CURVE('',#4457,#4457,#4475,.T.);
#4475 = CIRCLE('',#4476,0.914999);
#4476 = AXIS2_PLACEMENT_3D('',#4477,#4478,#4479);
#4477 = CARTESIAN_POINT('',(7.5,2.,1.51));
#4478 = DIRECTION('',(0.,0.,1.));
#4479 = DIRECTION('',(1.,0.,-0.));
#4480 = CYLINDRICAL_SURFACE('',#4481,0.914999);
#4481 = AXIS2_PLACEMENT_3D('',#4482,#4483,#4484);
#4482 = CARTESIAN_POINT('',(7.5,2.,1.51));
#4483 = DIRECTION('',(-0.,-0.,-1.));
#4484 = DIRECTION('',(1.,0.,-0.));
#4485 = ADVANCED_FACE('',(#4486),#4489,.F.);
#4486 = FACE_BOUND('',#4487,.F.);
#4487 = EDGE_LOOP('',(#4488));
#4488 = ORIENTED_EDGE('',*,*,#4474,.T.);
#4489 = PLANE('',#4490);
#4490 = AXIS2_PLACEMENT_3D('',#4491,#4492,#4493);
#4491 = CARTESIAN_POINT('',(0.,0.,1.51));
#4492 = DIRECTION('',(0.,0.,1.));
#4493 = DIRECTION('',(1.,0.,-0.));
#4494 = ADVANCED_FACE('',(#4495),#4498,.T.);
#4495 = FACE_BOUND('',#4496,.T.);
#4496 = EDGE_LOOP('',(#4497));
#4497 = ORIENTED_EDGE('',*,*,#4466,.T.);
#4498 = PLANE('',#4499);
#4499 = AXIS2_PLACEMENT_3D('',#4500,#4501,#4502);
#4500 = CARTESIAN_POINT('',(0.,0.,1.55));
#4501 = DIRECTION('',(0.,0.,1.));
#4502 = DIRECTION('',(1.,0.,-0.));
#4503 = MANIFOLD_SOLID_BREP('',#4504);
#4504 = CLOSED_SHELL('',(#4505,#4538,#4547));
#4505 = ADVANCED_FACE('',(#4506),#4533,.T.);
#4506 = FACE_BOUND('',#4507,.F.);
#4507 = EDGE_LOOP('',(#4508,#4518,#4525,#4526));
#4508 = ORIENTED_EDGE('',*,*,#4509,.T.);
#4509 = EDGE_CURVE('',#4510,#4512,#4514,.T.);
#4510 = VERTEX_POINT('',#4511);
#4511 = CARTESIAN_POINT('',(5.414999,2.,1.51));
#4512 = VERTEX_POINT('',#4513);
#4513 = CARTESIAN_POINT('',(5.414999,2.,1.55));
#4514 = LINE('',#4515,#4516);
#4515 = CARTESIAN_POINT('',(5.414999,2.,1.51));
#4516 = VECTOR('',#4517,1.);
#4517 = DIRECTION('',(0.,0.,1.));
#4518 = ORIENTED_EDGE('',*,*,#4519,.T.);
#4519 = EDGE_CURVE('',#4512,#4512,#4520,.T.);
#4520 = CIRCLE('',#4521,0.914999);
#4521 = AXIS2_PLACEMENT_3D('',#4522,#4523,#4524);
#4522 = CARTESIAN_POINT('',(4.5,2.,1.55));
#4523 = DIRECTION('',(0.,0.,1.));
#4524 = DIRECTION('',(1.,0.,-0.));
#4525 = ORIENTED_EDGE('',*,*,#4509,.F.);
#4526 = ORIENTED_EDGE('',*,*,#4527,.F.);
#4527 = EDGE_CURVE('',#4510,#4510,#4528,.T.);
#4528 = CIRCLE('',#4529,0.914999);
#4529 = AXIS2_PLACEMENT_3D('',#4530,#4531,#4532);
#4530 = CARTESIAN_POINT('',(4.5,2.,1.51));
#4531 = DIRECTION('',(0.,0.,1.));
#4532 = DIRECTION('',(1.,0.,-0.));
#4533 = CYLINDRICAL_SURFACE('',#4534,0.914999);
#4534 = AXIS2_PLACEMENT_3D('',#4535,#4536,#4537);
#4535 = CARTESIAN_POINT('',(4.5,2.,1.51));
#4536 = DIRECTION('',(-0.,-0.,-1.));
#4537 = DIRECTION('',(1.,0.,-0.));
#4538 = ADVANCED_FACE('',(#4539),#4542,.F.);
#4539 = FACE_BOUND('',#4540,.F.);
#4540 = EDGE_LOOP('',(#4541));
#4541 = ORIENTED_EDGE('',*,*,#4527,.T.);
#4542 = PLANE('',#4543);
#4543 = AXIS2_PLACEMENT_3D('',#4544,#4545,#4546);
#4544 = CARTESIAN_POINT('',(0.,0.,1.51));
#4545 = DIRECTION('',(0.,0.,1.));
#4546 = DIRECTION('',(1.,0.,-0.));
#4547 = ADVANCED_FACE('',(#4548),#4551,.T.);
#4548 = FACE_BOUND('',#4549,.T.);
#4549 = EDGE_LOOP('',(#4550));
#4550 = ORIENTED_EDGE('',*,*,#4519,.T.);
#4551 = PLANE('',#4552);
#4552 = AXIS2_PLACEMENT_3D('',#4553,#4554,#4555);
#4553 = CARTESIAN_POINT('',(0.,0.,1.55));
#4554 = DIRECTION('',(0.,0.,1.));
#4555 = DIRECTION('',(1.,0.,-0.));
#4556 = MANIFOLD_SOLID_BREP('',#4557);
#4557 = CLOSED_SHELL('',(#4558,#4591,#4600));
#4558 = ADVANCED_FACE('',(#4559),#4586,.T.);
#4559 = FACE_BOUND('',#4560,.F.);
#4560 = EDGE_LOOP('',(#4561,#4571,#4578,#4579));
#4561 = ORIENTED_EDGE('',*,*,#4562,.T.);
#4562 = EDGE_CURVE('',#4563,#4565,#4567,.T.);
#4563 = VERTEX_POINT('',#4564);
#4564 = CARTESIAN_POINT('',(-24.585001,2.,1.51));
#4565 = VERTEX_POINT('',#4566);
#4566 = CARTESIAN_POINT('',(-24.585001,2.,1.55));
#4567 = LINE('',#4568,#4569);
#4568 = CARTESIAN_POINT('',(-24.585001,2.,1.51));
#4569 = VECTOR('',#4570,1.);
#4570 = DIRECTION('',(0.,0.,1.));
#4571 = ORIENTED_EDGE('',*,*,#4572,.T.);
#4572 = EDGE_CURVE('',#4565,#4565,#4573,.T.);
#4573 = CIRCLE('',#4574,0.914999);
#4574 = AXIS2_PLACEMENT_3D('',#4575,#4576,#4577);
#4575 = CARTESIAN_POINT('',(-25.5,2.,1.55));
#4576 = DIRECTION('',(0.,0.,1.));
#4577 = DIRECTION('',(1.,0.,-0.));
#4578 = ORIENTED_EDGE('',*,*,#4562,.F.);
#4579 = ORIENTED_EDGE('',*,*,#4580,.F.);
#4580 = EDGE_CURVE('',#4563,#4563,#4581,.T.);
#4581 = CIRCLE('',#4582,0.914999);
#4582 = AXIS2_PLACEMENT_3D('',#4583,#4584,#4585);
#4583 = CARTESIAN_POINT('',(-25.5,2.,1.51));
#4584 = DIRECTION('',(0.,0.,1.));
#4585 = DIRECTION('',(1.,0.,-0.));
#4586 = CYLINDRICAL_SURFACE('',#4587,0.914999);
#4587 = AXIS2_PLACEMENT_3D('',#4588,#4589,#4590);
#4588 = CARTESIAN_POINT('',(-25.5,2.,1.51));
#4589 = DIRECTION('',(-0.,-0.,-1.));
#4590 = DIRECTION('',(1.,0.,-0.));
#4591 = ADVANCED_FACE('',(#4592),#4595,.F.);
#4592 = FACE_BOUND('',#4593,.F.);
#4593 = EDGE_LOOP('',(#4594));
#4594 = ORIENTED_EDGE('',*,*,#4580,.T.);
#4595 = PLANE('',#4596);
#4596 = AXIS2_PLACEMENT_3D('',#4597,#4598,#4599);
#4597 = CARTESIAN_POINT('',(0.,0.,1.51));
#4598 = DIRECTION('',(0.,0.,1.));
#4599 = DIRECTION('',(1.,0.,-0.));
#4600 = ADVANCED_FACE('',(#4601),#4604,.T.);
#4601 = FACE_BOUND('',#4602,.T.);
#4602 = EDGE_LOOP('',(#4603));
#4603 = ORIENTED_EDGE('',*,*,#4572,.T.);
#4604 = PLANE('',#4605);
#4605 = AXIS2_PLACEMENT_3D('',#4606,#4607,#4608);
#4606 = CARTESIAN_POINT('',(0.,0.,1.55));
#4607 = DIRECTION('',(0.,0.,1.));
#4608 = DIRECTION('',(1.,0.,-0.));
#4609 = MANIFOLD_SOLID_BREP('',#4610);
#4610 = CLOSED_SHELL('',(#4611,#4644,#4653));
#4611 = ADVANCED_FACE('',(#4612),#4639,.T.);
#4612 = FACE_BOUND('',#4613,.F.);
#4613 = EDGE_LOOP('',(#4614,#4624,#4631,#4632));
#4614 = ORIENTED_EDGE('',*,*,#4615,.T.);
#4615 = EDGE_CURVE('',#4616,#4618,#4620,.T.);
#4616 = VERTEX_POINT('',#4617);
#4617 = CARTESIAN_POINT('',(-3.585001,2.,1.51));
#4618 = VERTEX_POINT('',#4619);
#4619 = CARTESIAN_POINT('',(-3.585001,2.,1.55));
#4620 = LINE('',#4621,#4622);
#4621 = CARTESIAN_POINT('',(-3.585001,2.,1.51));
#4622 = VECTOR('',#4623,1.);
#4623 = DIRECTION('',(0.,0.,1.));
#4624 = ORIENTED_EDGE('',*,*,#4625,.T.);
#4625 = EDGE_CURVE('',#4618,#4618,#4626,.T.);
#4626 = CIRCLE('',#4627,0.914999);
#4627 = AXIS2_PLACEMENT_3D('',#4628,#4629,#4630);
#4628 = CARTESIAN_POINT('',(-4.5,2.,1.55));
#4629 = DIRECTION('',(0.,0.,1.));
#4630 = DIRECTION('',(1.,0.,-0.));
#4631 = ORIENTED_EDGE('',*,*,#4615,.F.);
#4632 = ORIENTED_EDGE('',*,*,#4633,.F.);
#4633 = EDGE_CURVE('',#4616,#4616,#4634,.T.);
#4634 = CIRCLE('',#4635,0.914999);
#4635 = AXIS2_PLACEMENT_3D('',#4636,#4637,#4638);
#4636 = CARTESIAN_POINT('',(-4.5,2.,1.51));
#4637 = DIRECTION('',(0.,0.,1.));
#4638 = DIRECTION('',(1.,0.,-0.));
#4639 = CYLINDRICAL_SURFACE('',#4640,0.914999);
#4640 = AXIS2_PLACEMENT_3D('',#4641,#4642,#4643);
#4641 = CARTESIAN_POINT('',(-4.5,2.,1.51));
#4642 = DIRECTION('',(-0.,-0.,-1.));
#4643 = DIRECTION('',(1.,0.,-0.));
#4644 = ADVANCED_FACE('',(#4645),#4648,.F.);
#4645 = FACE_BOUND('',#4646,.F.);
#4646 = EDGE_LOOP('',(#4647));
#4647 = ORIENTED_EDGE('',*,*,#4633,.T.);
#4648 = PLANE('',#4649);
#4649 = AXIS2_PLACEMENT_3D('',#4650,#4651,#4652);
#4650 = CARTESIAN_POINT('',(0.,0.,1.51));
#4651 = DIRECTION('',(0.,0.,1.));
#4652 = DIRECTION('',(1.,0.,-0.));
#4653 = ADVANCED_FACE('',(#4654),#4657,.T.);
#4654 = FACE_BOUND('',#4655,.T.);
#4655 = EDGE_LOOP('',(#4656));
#4656 = ORIENTED_EDGE('',*,*,#4625,.T.);
#4657 = PLANE('',#4658);
#4658 = AXIS2_PLACEMENT_3D('',#4659,#4660,#4661);
#4659 = CARTESIAN_POINT('',(0.,0.,1.55));
#4660 = DIRECTION('',(0.,0.,1.));
#4661 = DIRECTION('',(1.,0.,-0.));
#4662 = MANIFOLD_SOLID_BREP('',#4663);
#4663 = CLOSED_SHELL('',(#4664,#4697,#4706));
#4664 = ADVANCED_FACE('',(#4665),#4692,.T.);
#4665 = FACE_BOUND('',#4666,.F.);
#4666 = EDGE_LOOP('',(#4667,#4677,#4684,#4685));
#4667 = ORIENTED_EDGE('',*,*,#4668,.T.);
#4668 = EDGE_CURVE('',#4669,#4671,#4673,.T.);
#4669 = VERTEX_POINT('',#4670);
#4670 = CARTESIAN_POINT('',(77.414999,2.,1.51));
#4671 = VERTEX_POINT('',#4672);
#4672 = CARTESIAN_POINT('',(77.414999,2.,1.55));
#4673 = LINE('',#4674,#4675);
#4674 = CARTESIAN_POINT('',(77.414999,2.,1.51));
#4675 = VECTOR('',#4676,1.);
#4676 = DIRECTION('',(0.,0.,1.));
#4677 = ORIENTED_EDGE('',*,*,#4678,.T.);
#4678 = EDGE_CURVE('',#4671,#4671,#4679,.T.);
#4679 = CIRCLE('',#4680,0.914999);
#4680 = AXIS2_PLACEMENT_3D('',#4681,#4682,#4683);
#4681 = CARTESIAN_POINT('',(76.5,2.,1.55));
#4682 = DIRECTION('',(0.,0.,1.));
#4683 = DIRECTION('',(1.,0.,-0.));
#4684 = ORIENTED_EDGE('',*,*,#4668,.F.);
#4685 = ORIENTED_EDGE('',*,*,#4686,.F.);
#4686 = EDGE_CURVE('',#4669,#4669,#4687,.T.);
#4687 = CIRCLE('',#4688,0.914999);
#4688 = AXIS2_PLACEMENT_3D('',#4689,#4690,#4691);
#4689 = CARTESIAN_POINT('',(76.5,2.,1.51));
#4690 = DIRECTION('',(0.,0.,1.));
#4691 = DIRECTION('',(1.,0.,-0.));
#4692 = CYLINDRICAL_SURFACE('',#4693,0.914999);
#4693 = AXIS2_PLACEMENT_3D('',#4694,#4695,#4696);
#4694 = CARTESIAN_POINT('',(76.5,2.,1.51));
#4695 = DIRECTION('',(-0.,-0.,-1.));
#4696 = DIRECTION('',(1.,0.,-0.));
#4697 = ADVANCED_FACE('',(#4698),#4701,.F.);
#4698 = FACE_BOUND('',#4699,.F.);
#4699 = EDGE_LOOP('',(#4700));
#4700 = ORIENTED_EDGE('',*,*,#4686,.T.);
#4701 = PLANE('',#4702);
#4702 = AXIS2_PLACEMENT_3D('',#4703,#4704,#4705);
#4703 = CARTESIAN_POINT('',(0.,0.,1.51));
#4704 = DIRECTION('',(0.,0.,1.));
#4705 = DIRECTION('',(1.,0.,-0.));
#4706 = ADVANCED_FACE('',(#4707),#4710,.T.);
#4707 = FACE_BOUND('',#4708,.T.);
#4708 = EDGE_LOOP('',(#4709));
#4709 = ORIENTED_EDGE('',*,*,#4678,.T.);
#4710 = PLANE('',#4711);
#4711 = AXIS2_PLACEMENT_3D('',#4712,#4713,#4714);
#4712 = CARTESIAN_POINT('',(0.,0.,1.55));
#4713 = DIRECTION('',(0.,0.,1.));
#4714 = DIRECTION('',(1.,0.,-0.));
#4715 = MANIFOLD_SOLID_BREP('',#4716);
#4716 = CLOSED_SHELL('',(#4717,#4750,#4759));
#4717 = ADVANCED_FACE('',(#4718),#4745,.T.);
#4718 = FACE_BOUND('',#4719,.F.);
#4719 = EDGE_LOOP('',(#4720,#4730,#4737,#4738));
#4720 = ORIENTED_EDGE('',*,*,#4721,.T.);
#4721 = EDGE_CURVE('',#4722,#4724,#4726,.T.);
#4722 = VERTEX_POINT('',#4723);
#4723 = CARTESIAN_POINT('',(-78.585001,2.,1.51));
#4724 = VERTEX_POINT('',#4725);
#4725 = CARTESIAN_POINT('',(-78.585001,2.,1.55));
#4726 = LINE('',#4727,#4728);
#4727 = CARTESIAN_POINT('',(-78.585001,2.,1.51));
#4728 = VECTOR('',#4729,1.);
#4729 = DIRECTION('',(0.,0.,1.));
#4730 = ORIENTED_EDGE('',*,*,#4731,.T.);
#4731 = EDGE_CURVE('',#4724,#4724,#4732,.T.);
#4732 = CIRCLE('',#4733,0.914999);
#4733 = AXIS2_PLACEMENT_3D('',#4734,#4735,#4736);
#4734 = CARTESIAN_POINT('',(-79.5,2.,1.55));
#4735 = DIRECTION('',(0.,0.,1.));
#4736 = DIRECTION('',(1.,0.,-0.));
#4737 = ORIENTED_EDGE('',*,*,#4721,.F.);
#4738 = ORIENTED_EDGE('',*,*,#4739,.F.);
#4739 = EDGE_CURVE('',#4722,#4722,#4740,.T.);
#4740 = CIRCLE('',#4741,0.914999);
#4741 = AXIS2_PLACEMENT_3D('',#4742,#4743,#4744);
#4742 = CARTESIAN_POINT('',(-79.5,2.,1.51));
#4743 = DIRECTION('',(0.,0.,1.));
#4744 = DIRECTION('',(1.,0.,-0.));
#4745 = CYLINDRICAL_SURFACE('',#4746,0.914999);
#4746 = AXIS2_PLACEMENT_3D('',#4747,#4748,#4749);
#4747 = CARTESIAN_POINT('',(-79.5,2.,1.51));
#4748 = DIRECTION('',(-0.,-0.,-1.));
#4749 = DIRECTION('',(1.,0.,-0.));
#4750 = ADVANCED_FACE('',(#4751),#4754,.F.);
#4751 = FACE_BOUND('',#4752,.F.);
#4752 = EDGE_LOOP('',(#4753));
#4753 = ORIENTED_EDGE('',*,*,#4739,.T.);
#4754 = PLANE('',#4755);
#4755 = AXIS2_PLACEMENT_3D('',#4756,#4757,#4758);
#4756 = CARTESIAN_POINT('',(0.,0.,1.51));
#4757 = DIRECTION('',(0.,0.,1.));
#4758 = DIRECTION('',(1.,0.,-0.));
#4759 = ADVANCED_FACE('',(#4760),#4763,.T.);
#4760 = FACE_BOUND('',#4761,.T.);
#4761 = EDGE_LOOP('',(#4762));
#4762 = ORIENTED_EDGE('',*,*,#4731,.T.);
#4763 = PLANE('',#4764);
#4764 = AXIS2_PLACEMENT_3D('',#4765,#4766,#4767);
#4765 = CARTESIAN_POINT('',(0.,0.,1.55));
#4766 = DIRECTION('',(0.,0.,1.));
#4767 = DIRECTION('',(1.,0.,-0.));
#4768 = MANIFOLD_SOLID_BREP('',#4769);
#4769 = CLOSED_SHELL('',(#4770,#4803,#4812));
#4770 = ADVANCED_FACE('',(#4771),#4798,.T.);
#4771 = FACE_BOUND('',#4772,.F.);
#4772 = EDGE_LOOP('',(#4773,#4783,#4790,#4791));
#4773 = ORIENTED_EDGE('',*,*,#4774,.T.);
#4774 = EDGE_CURVE('',#4775,#4777,#4779,.T.);
#4775 = VERTEX_POINT('',#4776);
#4776 = CARTESIAN_POINT('',(89.414999,2.,1.51));
#4777 = VERTEX_POINT('',#4778);
#4778 = CARTESIAN_POINT('',(89.414999,2.,1.55));
#4779 = LINE('',#4780,#4781);
#4780 = CARTESIAN_POINT('',(89.414999,2.,1.51));
#4781 = VECTOR('',#4782,1.);
#4782 = DIRECTION('',(0.,0.,1.));
#4783 = ORIENTED_EDGE('',*,*,#4784,.T.);
#4784 = EDGE_CURVE('',#4777,#4777,#4785,.T.);
#4785 = CIRCLE('',#4786,0.914999);
#4786 = AXIS2_PLACEMENT_3D('',#4787,#4788,#4789);
#4787 = CARTESIAN_POINT('',(88.5,2.,1.55));
#4788 = DIRECTION('',(0.,0.,1.));
#4789 = DIRECTION('',(1.,0.,-0.));
#4790 = ORIENTED_EDGE('',*,*,#4774,.F.);
#4791 = ORIENTED_EDGE('',*,*,#4792,.F.);
#4792 = EDGE_CURVE('',#4775,#4775,#4793,.T.);
#4793 = CIRCLE('',#4794,0.914999);
#4794 = AXIS2_PLACEMENT_3D('',#4795,#4796,#4797);
#4795 = CARTESIAN_POINT('',(88.5,2.,1.51));
#4796 = DIRECTION('',(0.,0.,1.));
#4797 = DIRECTION('',(1.,0.,-0.));
#4798 = CYLINDRICAL_SURFACE('',#4799,0.914999);
#4799 = AXIS2_PLACEMENT_3D('',#4800,#4801,#4802);
#4800 = CARTESIAN_POINT('',(88.5,2.,1.51));
#4801 = DIRECTION('',(-0.,-0.,-1.));
#4802 = DIRECTION('',(1.,0.,-0.));
#4803 = ADVANCED_FACE('',(#4804),#4807,.F.);
#4804 = FACE_BOUND('',#4805,.F.);
#4805 = EDGE_LOOP('',(#4806));
#4806 = ORIENTED_EDGE('',*,*,#4792,.T.);
#4807 = PLANE('',#4808);
#4808 = AXIS2_PLACEMENT_3D('',#4809,#4810,#4811);
#4809 = CARTESIAN_POINT('',(0.,0.,1.51));
#4810 = DIRECTION('',(0.,0.,1.));
#4811 = DIRECTION('',(1.,0.,-0.));
#4812 = ADVANCED_FACE('',(#4813),#4816,.T.);
#4813 = FACE_BOUND('',#4814,.T.);
#4814 = EDGE_LOOP('',(#4815));
#4815 = ORIENTED_EDGE('',*,*,#4784,.T.);
#4816 = PLANE('',#4817);
#4817 = AXIS2_PLACEMENT_3D('',#4818,#4819,#4820);
#4818 = CARTESIAN_POINT('',(0.,0.,1.55));
#4819 = DIRECTION('',(0.,0.,1.));
#4820 = DIRECTION('',(1.,0.,-0.));
#4821 = MANIFOLD_SOLID_BREP('',#4822);
#4822 = CLOSED_SHELL('',(#4823,#4856,#4865));
#4823 = ADVANCED_FACE('',(#4824),#4851,.T.);
#4824 = FACE_BOUND('',#4825,.F.);
#4825 = EDGE_LOOP('',(#4826,#4836,#4843,#4844));
#4826 = ORIENTED_EDGE('',*,*,#4827,.T.);
#4827 = EDGE_CURVE('',#4828,#4830,#4832,.T.);
#4828 = VERTEX_POINT('',#4829);
#4829 = CARTESIAN_POINT('',(50.414999,2.,1.51));
#4830 = VERTEX_POINT('',#4831);
#4831 = CARTESIAN_POINT('',(50.414999,2.,1.55));
#4832 = LINE('',#4833,#4834);
#4833 = CARTESIAN_POINT('',(50.414999,2.,1.51));
#4834 = VECTOR('',#4835,1.);
#4835 = DIRECTION('',(0.,0.,1.));
#4836 = ORIENTED_EDGE('',*,*,#4837,.T.);
#4837 = EDGE_CURVE('',#4830,#4830,#4838,.T.);
#4838 = CIRCLE('',#4839,0.914999);
#4839 = AXIS2_PLACEMENT_3D('',#4840,#4841,#4842);
#4840 = CARTESIAN_POINT('',(49.5,2.,1.55));
#4841 = DIRECTION('',(0.,0.,1.));
#4842 = DIRECTION('',(1.,0.,-0.));
#4843 = ORIENTED_EDGE('',*,*,#4827,.F.);
#4844 = ORIENTED_EDGE('',*,*,#4845,.F.);
#4845 = EDGE_CURVE('',#4828,#4828,#4846,.T.);
#4846 = CIRCLE('',#4847,0.914999);
#4847 = AXIS2_PLACEMENT_3D('',#4848,#4849,#4850);
#4848 = CARTESIAN_POINT('',(49.5,2.,1.51));
#4849 = DIRECTION('',(0.,0.,1.));
#4850 = DIRECTION('',(1.,0.,-0.));
#4851 = CYLINDRICAL_SURFACE('',#4852,0.914999);
#4852 = AXIS2_PLACEMENT_3D('',#4853,#4854,#4855);
#4853 = CARTESIAN_POINT('',(49.5,2.,1.51));
#4854 = DIRECTION('',(-0.,-0.,-1.));
#4855 = DIRECTION('',(1.,0.,-0.));
#4856 = ADVANCED_FACE('',(#4857),#4860,.F.);
#4857 = FACE_BOUND('',#4858,.F.);
#4858 = EDGE_LOOP('',(#4859));
#4859 = ORIENTED_EDGE('',*,*,#4845,.T.);
#4860 = PLANE('',#4861);
#4861 = AXIS2_PLACEMENT_3D('',#4862,#4863,#4864);
#4862 = CARTESIAN_POINT('',(0.,0.,1.51));
#4863 = DIRECTION('',(0.,0.,1.));
#4864 = DIRECTION('',(1.,0.,-0.));
#4865 = ADVANCED_FACE('',(#4866),#4869,.T.);
#4866 = FACE_BOUND('',#4867,.T.);
#4867 = EDGE_LOOP('',(#4868));
#4868 = ORIENTED_EDGE('',*,*,#4837,.T.);
#4869 = PLANE('',#4870);
#4870 = AXIS2_PLACEMENT_3D('',#4871,#4872,#4873);
#4871 = CARTESIAN_POINT('',(0.,0.,1.55));
#4872 = DIRECTION('',(0.,0.,1.));
#4873 = DIRECTION('',(1.,0.,-0.));
#4874 = MANIFOLD_SOLID_BREP('',#4875);
#4875 = CLOSED_SHELL('',(#4876,#4909,#4918));
#4876 = ADVANCED_FACE('',(#4877),#4904,.T.);
#4877 = FACE_BOUND('',#4878,.F.);
#4878 = EDGE_LOOP('',(#4879,#4889,#4896,#4897));
#4879 = ORIENTED_EDGE('',*,*,#4880,.T.);
#4880 = EDGE_CURVE('',#4881,#4883,#4885,.T.);
#4881 = VERTEX_POINT('',#4882);
#4882 = CARTESIAN_POINT('',(47.414999,2.,1.51));
#4883 = VERTEX_POINT('',#4884);
#4884 = CARTESIAN_POINT('',(47.414999,2.,1.55));
#4885 = LINE('',#4886,#4887);
#4886 = CARTESIAN_POINT('',(47.414999,2.,1.51));
#4887 = VECTOR('',#4888,1.);
#4888 = DIRECTION('',(0.,0.,1.));
#4889 = ORIENTED_EDGE('',*,*,#4890,.T.);
#4890 = EDGE_CURVE('',#4883,#4883,#4891,.T.);
#4891 = CIRCLE('',#4892,0.914999);
#4892 = AXIS2_PLACEMENT_3D('',#4893,#4894,#4895);
#4893 = CARTESIAN_POINT('',(46.5,2.,1.55));
#4894 = DIRECTION('',(0.,0.,1.));
#4895 = DIRECTION('',(1.,0.,-0.));
#4896 = ORIENTED_EDGE('',*,*,#4880,.F.);
#4897 = ORIENTED_EDGE('',*,*,#4898,.F.);
#4898 = EDGE_CURVE('',#4881,#4881,#4899,.T.);
#4899 = CIRCLE('',#4900,0.914999);
#4900 = AXIS2_PLACEMENT_3D('',#4901,#4902,#4903);
#4901 = CARTESIAN_POINT('',(46.5,2.,1.51));
#4902 = DIRECTION('',(0.,0.,1.));
#4903 = DIRECTION('',(1.,0.,-0.));
#4904 = CYLINDRICAL_SURFACE('',#4905,0.914999);
#4905 = AXIS2_PLACEMENT_3D('',#4906,#4907,#4908);
#4906 = CARTESIAN_POINT('',(46.5,2.,1.51));
#4907 = DIRECTION('',(-0.,-0.,-1.));
#4908 = DIRECTION('',(1.,0.,-0.));
#4909 = ADVANCED_FACE('',(#4910),#4913,.F.);
#4910 = FACE_BOUND('',#4911,.F.);
#4911 = EDGE_LOOP('',(#4912));
#4912 = ORIENTED_EDGE('',*,*,#4898,.T.);
#4913 = PLANE('',#4914);
#4914 = AXIS2_PLACEMENT_3D('',#4915,#4916,#4917);
#4915 = CARTESIAN_POINT('',(0.,0.,1.51));
#4916 = DIRECTION('',(0.,0.,1.));
#4917 = DIRECTION('',(1.,0.,-0.));
#4918 = ADVANCED_FACE('',(#4919),#4922,.T.);
#4919 = FACE_BOUND('',#4920,.T.);
#4920 = EDGE_LOOP('',(#4921));
#4921 = ORIENTED_EDGE('',*,*,#4890,.T.);
#4922 = PLANE('',#4923);
#4923 = AXIS2_PLACEMENT_3D('',#4924,#4925,#4926);
#4924 = CARTESIAN_POINT('',(0.,0.,1.55));
#4925 = DIRECTION('',(0.,0.,1.));
#4926 = DIRECTION('',(1.,0.,-0.));
#4927 = MANIFOLD_SOLID_BREP('',#4928);
#4928 = CLOSED_SHELL('',(#4929,#4962,#4971));
#4929 = ADVANCED_FACE('',(#4930),#4957,.T.);
#4930 = FACE_BOUND('',#4931,.F.);
#4931 = EDGE_LOOP('',(#4932,#4942,#4949,#4950));
#4932 = ORIENTED_EDGE('',*,*,#4933,.T.);
#4933 = EDGE_CURVE('',#4934,#4936,#4938,.T.);
#4934 = VERTEX_POINT('',#4935);
#4935 = CARTESIAN_POINT('',(14.414999,2.,1.51));
#4936 = VERTEX_POINT('',#4937);
#4937 = CARTESIAN_POINT('',(14.414999,2.,1.55));
#4938 = LINE('',#4939,#4940);
#4939 = CARTESIAN_POINT('',(14.414999,2.,1.51));
#4940 = VECTOR('',#4941,1.);
#4941 = DIRECTION('',(0.,0.,1.));
#4942 = ORIENTED_EDGE('',*,*,#4943,.T.);
#4943 = EDGE_CURVE('',#4936,#4936,#4944,.T.);
#4944 = CIRCLE('',#4945,0.914999);
#4945 = AXIS2_PLACEMENT_3D('',#4946,#4947,#4948);
#4946 = CARTESIAN_POINT('',(13.5,2.,1.55));
#4947 = DIRECTION('',(0.,0.,1.));
#4948 = DIRECTION('',(1.,0.,-0.));
#4949 = ORIENTED_EDGE('',*,*,#4933,.F.);
#4950 = ORIENTED_EDGE('',*,*,#4951,.F.);
#4951 = EDGE_CURVE('',#4934,#4934,#4952,.T.);
#4952 = CIRCLE('',#4953,0.914999);
#4953 = AXIS2_PLACEMENT_3D('',#4954,#4955,#4956);
#4954 = CARTESIAN_POINT('',(13.5,2.,1.51));
#4955 = DIRECTION('',(0.,0.,1.));
#4956 = DIRECTION('',(1.,0.,-0.));
#4957 = CYLINDRICAL_SURFACE('',#4958,0.914999);
#4958 = AXIS2_PLACEMENT_3D('',#4959,#4960,#4961);
#4959 = CARTESIAN_POINT('',(13.5,2.,1.51));
#4960 = DIRECTION('',(-0.,-0.,-1.));
#4961 = DIRECTION('',(1.,0.,-0.));
#4962 = ADVANCED_FACE('',(#4963),#4966,.F.);
#4963 = FACE_BOUND('',#4964,.F.);
#4964 = EDGE_LOOP('',(#4965));
#4965 = ORIENTED_EDGE('',*,*,#4951,.T.);
#4966 = PLANE('',#4967);
#4967 = AXIS2_PLACEMENT_3D('',#4968,#4969,#4970);
#4968 = CARTESIAN_POINT('',(0.,0.,1.51));
#4969 = DIRECTION('',(0.,0.,1.));
#4970 = DIRECTION('',(1.,0.,-0.));
#4971 = ADVANCED_FACE('',(#4972),#4975,.T.);
#4972 = FACE_BOUND('',#4973,.T.);
#4973 = EDGE_LOOP('',(#4974));
#4974 = ORIENTED_EDGE('',*,*,#4943,.T.);
#4975 = PLANE('',#4976);
#4976 = AXIS2_PLACEMENT_3D('',#4977,#4978,#4979);
#4977 = CARTESIAN_POINT('',(0.,0.,1.55));
#4978 = DIRECTION('',(0.,0.,1.));
#4979 = DIRECTION('',(1.,0.,-0.));
#4980 = MANIFOLD_SOLID_BREP('',#4981);
#4981 = CLOSED_SHELL('',(#4982,#5015,#5024));
#4982 = ADVANCED_FACE('',(#4983),#5010,.T.);
#4983 = FACE_BOUND('',#4984,.F.);
#4984 = EDGE_LOOP('',(#4985,#4995,#5002,#5003));
#4985 = ORIENTED_EDGE('',*,*,#4986,.T.);
#4986 = EDGE_CURVE('',#4987,#4989,#4991,.T.);
#4987 = VERTEX_POINT('',#4988);
#4988 = CARTESIAN_POINT('',(17.414999,2.,1.51));
#4989 = VERTEX_POINT('',#4990);
#4990 = CARTESIAN_POINT('',(17.414999,2.,1.55));
#4991 = LINE('',#4992,#4993);
#4992 = CARTESIAN_POINT('',(17.414999,2.,1.51));
#4993 = VECTOR('',#4994,1.);
#4994 = DIRECTION('',(0.,0.,1.));
#4995 = ORIENTED_EDGE('',*,*,#4996,.T.);
#4996 = EDGE_CURVE('',#4989,#4989,#4997,.T.);
#4997 = CIRCLE('',#4998,0.914999);
#4998 = AXIS2_PLACEMENT_3D('',#4999,#5000,#5001);
#4999 = CARTESIAN_POINT('',(16.5,2.,1.55));
#5000 = DIRECTION('',(0.,0.,1.));
#5001 = DIRECTION('',(1.,0.,-0.));
#5002 = ORIENTED_EDGE('',*,*,#4986,.F.);
#5003 = ORIENTED_EDGE('',*,*,#5004,.F.);
#5004 = EDGE_CURVE('',#4987,#4987,#5005,.T.);
#5005 = CIRCLE('',#5006,0.914999);
#5006 = AXIS2_PLACEMENT_3D('',#5007,#5008,#5009);
#5007 = CARTESIAN_POINT('',(16.5,2.,1.51));
#5008 = DIRECTION('',(0.,0.,1.));
#5009 = DIRECTION('',(1.,0.,-0.));
#5010 = CYLINDRICAL_SURFACE('',#5011,0.914999);
#5011 = AXIS2_PLACEMENT_3D('',#5012,#5013,#5014);
#5012 = CARTESIAN_POINT('',(16.5,2.,1.51));
#5013 = DIRECTION('',(-0.,-0.,-1.));
#5014 = DIRECTION('',(1.,0.,-0.));
#5015 = ADVANCED_FACE('',(#5016),#5019,.F.);
#5016 = FACE_BOUND('',#5017,.F.);
#5017 = EDGE_LOOP('',(#5018));
#5018 = ORIENTED_EDGE('',*,*,#5004,.T.);
#5019 = PLANE('',#5020);
#5020 = AXIS2_PLACEMENT_3D('',#5021,#5022,#5023);
#5021 = CARTESIAN_POINT('',(0.,0.,1.51));
#5022 = DIRECTION('',(0.,0.,1.));
#5023 = DIRECTION('',(1.,0.,-0.));
#5024 = ADVANCED_FACE('',(#5025),#5028,.T.);
#5025 = FACE_BOUND('',#5026,.T.);
#5026 = EDGE_LOOP('',(#5027));
#5027 = ORIENTED_EDGE('',*,*,#4996,.T.);
#5028 = PLANE('',#5029);
#5029 = AXIS2_PLACEMENT_3D('',#5030,#5031,#5032);
#5030 = CARTESIAN_POINT('',(0.,0.,1.55));
#5031 = DIRECTION('',(0.,0.,1.));
#5032 = DIRECTION('',(1.,0.,-0.));
#5033 = MANIFOLD_SOLID_BREP('',#5034);
#5034 = CLOSED_SHELL('',(#5035,#5068,#5077));
#5035 = ADVANCED_FACE('',(#5036),#5063,.T.);
#5036 = FACE_BOUND('',#5037,.F.);
#5037 = EDGE_LOOP('',(#5038,#5048,#5055,#5056));
#5038 = ORIENTED_EDGE('',*,*,#5039,.T.);
#5039 = EDGE_CURVE('',#5040,#5042,#5044,.T.);
#5040 = VERTEX_POINT('',#5041);
#5041 = CARTESIAN_POINT('',(-36.585001,2.,1.51));
#5042 = VERTEX_POINT('',#5043);
#5043 = CARTESIAN_POINT('',(-36.585001,2.,1.55));
#5044 = LINE('',#5045,#5046);
#5045 = CARTESIAN_POINT('',(-36.585001,2.,1.51));
#5046 = VECTOR('',#5047,1.);
#5047 = DIRECTION('',(0.,0.,1.));
#5048 = ORIENTED_EDGE('',*,*,#5049,.T.);
#5049 = EDGE_CURVE('',#5042,#5042,#5050,.T.);
#5050 = CIRCLE('',#5051,0.914999);
#5051 = AXIS2_PLACEMENT_3D('',#5052,#5053,#5054);
#5052 = CARTESIAN_POINT('',(-37.5,2.,1.55));
#5053 = DIRECTION('',(0.,0.,1.));
#5054 = DIRECTION('',(1.,0.,-0.));
#5055 = ORIENTED_EDGE('',*,*,#5039,.F.);
#5056 = ORIENTED_EDGE('',*,*,#5057,.F.);
#5057 = EDGE_CURVE('',#5040,#5040,#5058,.T.);
#5058 = CIRCLE('',#5059,0.914999);
#5059 = AXIS2_PLACEMENT_3D('',#5060,#5061,#5062);
#5060 = CARTESIAN_POINT('',(-37.5,2.,1.51));
#5061 = DIRECTION('',(0.,0.,1.));
#5062 = DIRECTION('',(1.,0.,-0.));
#5063 = CYLINDRICAL_SURFACE('',#5064,0.914999);
#5064 = AXIS2_PLACEMENT_3D('',#5065,#5066,#5067);
#5065 = CARTESIAN_POINT('',(-37.5,2.,1.51));
#5066 = DIRECTION('',(-0.,-0.,-1.));
#5067 = DIRECTION('',(1.,0.,-0.));
#5068 = ADVANCED_FACE('',(#5069),#5072,.F.);
#5069 = FACE_BOUND('',#5070,.F.);
#5070 = EDGE_LOOP('',(#5071));
#5071 = ORIENTED_EDGE('',*,*,#5057,.T.);
#5072 = PLANE('',#5073);
#5073 = AXIS2_PLACEMENT_3D('',#5074,#5075,#5076);
#5074 = CARTESIAN_POINT('',(0.,0.,1.51));
#5075 = DIRECTION('',(0.,0.,1.));
#5076 = DIRECTION('',(1.,0.,-0.));
#5077 = ADVANCED_FACE('',(#5078),#5081,.T.);
#5078 = FACE_BOUND('',#5079,.T.);
#5079 = EDGE_LOOP('',(#5080));
#5080 = ORIENTED_EDGE('',*,*,#5049,.T.);
#5081 = PLANE('',#5082);
#5082 = AXIS2_PLACEMENT_3D('',#5083,#5084,#5085);
#5083 = CARTESIAN_POINT('',(0.,0.,1.55));
#5084 = DIRECTION('',(0.,0.,1.));
#5085 = DIRECTION('',(1.,0.,-0.));
#5086 = MANIFOLD_SOLID_BREP('',#5087);
#5087 = CLOSED_SHELL('',(#5088,#5121,#5130));
#5088 = ADVANCED_FACE('',(#5089),#5116,.T.);
#5089 = FACE_BOUND('',#5090,.F.);
#5090 = EDGE_LOOP('',(#5091,#5101,#5108,#5109));
#5091 = ORIENTED_EDGE('',*,*,#5092,.T.);
#5092 = EDGE_CURVE('',#5093,#5095,#5097,.T.);
#5093 = VERTEX_POINT('',#5094);
#5094 = CARTESIAN_POINT('',(65.414999,2.,1.51));
#5095 = VERTEX_POINT('',#5096);
#5096 = CARTESIAN_POINT('',(65.414999,2.,1.55));
#5097 = LINE('',#5098,#5099);
#5098 = CARTESIAN_POINT('',(65.414999,2.,1.51));
#5099 = VECTOR('',#5100,1.);
#5100 = DIRECTION('',(0.,0.,1.));
#5101 = ORIENTED_EDGE('',*,*,#5102,.T.);
#5102 = EDGE_CURVE('',#5095,#5095,#5103,.T.);
#5103 = CIRCLE('',#5104,0.914999);
#5104 = AXIS2_PLACEMENT_3D('',#5105,#5106,#5107);
#5105 = CARTESIAN_POINT('',(64.5,2.,1.55));
#5106 = DIRECTION('',(0.,0.,1.));
#5107 = DIRECTION('',(1.,0.,-0.));
#5108 = ORIENTED_EDGE('',*,*,#5092,.F.);
#5109 = ORIENTED_EDGE('',*,*,#5110,.F.);
#5110 = EDGE_CURVE('',#5093,#5093,#5111,.T.);
#5111 = CIRCLE('',#5112,0.914999);
#5112 = AXIS2_PLACEMENT_3D('',#5113,#5114,#5115);
#5113 = CARTESIAN_POINT('',(64.5,2.,1.51));
#5114 = DIRECTION('',(0.,0.,1.));
#5115 = DIRECTION('',(1.,0.,-0.));
#5116 = CYLINDRICAL_SURFACE('',#5117,0.914999);
#5117 = AXIS2_PLACEMENT_3D('',#5118,#5119,#5120);
#5118 = CARTESIAN_POINT('',(64.5,2.,1.51));
#5119 = DIRECTION('',(-0.,-0.,-1.));
#5120 = DIRECTION('',(1.,0.,-0.));
#5121 = ADVANCED_FACE('',(#5122),#5125,.F.);
#5122 = FACE_BOUND('',#5123,.F.);
#5123 = EDGE_LOOP('',(#5124));
#5124 = ORIENTED_EDGE('',*,*,#5110,.T.);
#5125 = PLANE('',#5126);
#5126 = AXIS2_PLACEMENT_3D('',#5127,#5128,#5129);
#5127 = CARTESIAN_POINT('',(0.,0.,1.51));
#5128 = DIRECTION('',(0.,0.,1.));
#5129 = DIRECTION('',(1.,0.,-0.));
#5130 = ADVANCED_FACE('',(#5131),#5134,.T.);
#5131 = FACE_BOUND('',#5132,.T.);
#5132 = EDGE_LOOP('',(#5133));
#5133 = ORIENTED_EDGE('',*,*,#5102,.T.);
#5134 = PLANE('',#5135);
#5135 = AXIS2_PLACEMENT_3D('',#5136,#5137,#5138);
#5136 = CARTESIAN_POINT('',(0.,0.,1.55));
#5137 = DIRECTION('',(0.,0.,1.));
#5138 = DIRECTION('',(1.,0.,-0.));
#5139 = MANIFOLD_SOLID_BREP('',#5140);
#5140 = CLOSED_SHELL('',(#5141,#5174,#5183));
#5141 = ADVANCED_FACE('',(#5142),#5169,.T.);
#5142 = FACE_BOUND('',#5143,.F.);
#5143 = EDGE_LOOP('',(#5144,#5154,#5161,#5162));
#5144 = ORIENTED_EDGE('',*,*,#5145,.T.);
#5145 = EDGE_CURVE('',#5146,#5148,#5150,.T.);
#5146 = VERTEX_POINT('',#5147);
#5147 = CARTESIAN_POINT('',(35.414999,2.,1.51));
#5148 = VERTEX_POINT('',#5149);
#5149 = CARTESIAN_POINT('',(35.414999,2.,1.55));
#5150 = LINE('',#5151,#5152);
#5151 = CARTESIAN_POINT('',(35.414999,2.,1.51));
#5152 = VECTOR('',#5153,1.);
#5153 = DIRECTION('',(0.,0.,1.));
#5154 = ORIENTED_EDGE('',*,*,#5155,.T.);
#5155 = EDGE_CURVE('',#5148,#5148,#5156,.T.);
#5156 = CIRCLE('',#5157,0.914999);
#5157 = AXIS2_PLACEMENT_3D('',#5158,#5159,#5160);
#5158 = CARTESIAN_POINT('',(34.5,2.,1.55));
#5159 = DIRECTION('',(0.,0.,1.));
#5160 = DIRECTION('',(1.,0.,-0.));
#5161 = ORIENTED_EDGE('',*,*,#5145,.F.);
#5162 = ORIENTED_EDGE('',*,*,#5163,.F.);
#5163 = EDGE_CURVE('',#5146,#5146,#5164,.T.);
#5164 = CIRCLE('',#5165,0.914999);
#5165 = AXIS2_PLACEMENT_3D('',#5166,#5167,#5168);
#5166 = CARTESIAN_POINT('',(34.5,2.,1.51));
#5167 = DIRECTION('',(0.,0.,1.));
#5168 = DIRECTION('',(1.,0.,-0.));
#5169 = CYLINDRICAL_SURFACE('',#5170,0.914999);
#5170 = AXIS2_PLACEMENT_3D('',#5171,#5172,#5173);
#5171 = CARTESIAN_POINT('',(34.5,2.,1.51));
#5172 = DIRECTION('',(-0.,-0.,-1.));
#5173 = DIRECTION('',(1.,0.,-0.));
#5174 = ADVANCED_FACE('',(#5175),#5178,.F.);
#5175 = FACE_BOUND('',#5176,.F.);
#5176 = EDGE_LOOP('',(#5177));
#5177 = ORIENTED_EDGE('',*,*,#5163,.T.);
#5178 = PLANE('',#5179);
#5179 = AXIS2_PLACEMENT_3D('',#5180,#5181,#5182);
#5180 = CARTESIAN_POINT('',(0.,0.,1.51));
#5181 = DIRECTION('',(0.,0.,1.));
#5182 = DIRECTION('',(1.,0.,-0.));
#5183 = ADVANCED_FACE('',(#5184),#5187,.T.);
#5184 = FACE_BOUND('',#5185,.T.);
#5185 = EDGE_LOOP('',(#5186));
#5186 = ORIENTED_EDGE('',*,*,#5155,.T.);
#5187 = PLANE('',#5188);
#5188 = AXIS2_PLACEMENT_3D('',#5189,#5190,#5191);
#5189 = CARTESIAN_POINT('',(0.,0.,1.55));
#5190 = DIRECTION('',(0.,0.,1.));
#5191 = DIRECTION('',(1.,0.,-0.));
#5192 = ( GEOMETRIC_REPRESENTATION_CONTEXT(3) 
GLOBAL_UNCERTAINTY_ASSIGNED_CONTEXT((#5196)) 
GLOBAL_UNIT_ASSIGNED_CONTEXT((#5193,#5194,#5195)) REPRESENTATION_CONTEXT
('Context #1','3D Context with UNIT and UNCERTAINTY') );
#5193 = ( LENGTH_UNIT() NAMED_UNIT(*) SI_UNIT(.MILLI.,.METRE.) );
#5194 = ( NAMED_UNIT(*) PLANE_ANGLE_UNIT() SI_UNIT($,.RADIAN.) );
#5195 = ( NAMED_UNIT(*) SI_UNIT($,.STERADIAN.) SOLID_ANGLE_UNIT() );
#5196 = UNCERTAINTY_MEASURE_WITH_UNIT(LENGTH_MEASURE(1.E-07),#5193,
  'distance_accuracy_value','confusion accuracy');
#5197 = CONTEXT_DEPENDENT_SHAPE_REPRESENTATION(#5198,#5200);
#5198 = ( REPRESENTATION_RELATIONSHIP('','',#1091,#10) 
REPRESENTATION_RELATIONSHIP_WITH_TRANSFORMATION(#5199) 
SHAPE_REPRESENTATION_RELATIONSHIP() );
#5199 = ITEM_DEFINED_TRANSFORMATION('','',#11,#255);
#5200 = PRODUCT_DEFINITION_SHAPE('Placement','Placement of an item',
  #5201);
#5201 = NEXT_ASSEMBLY_USAGE_OCCURRENCE('62','=>[0:1:1:4]','',#5,#1086,$
  );
#5202 = PRODUCT_RELATED_PRODUCT_CATEGORY('part',$,(#1088));
#5203 = SHAPE_DEFINITION_REPRESENTATION(#5204,#5210);
#5204 = PRODUCT_DEFINITION_SHAPE('','',#5205);
#5205 = PRODUCT_DEFINITION('design','',#5206,#5209);
#5206 = PRODUCT_DEFINITION_FORMATION('','',#5207);
#5207 = PRODUCT('pog7F03_PCB','pog7F03_PCB','',(#5208));
#5208 = PRODUCT_CONTEXT('',#2,'mechanical');
#5209 = PRODUCT_DEFINITION_CONTEXT('part definition',#2,'design');
#5210 = ADVANCED_BREP_SHAPE_REPRESENTATION('',(#11,#5211),#5688);
#5211 = MANIFOLD_SOLID_BREP('',#5212);
#5212 = CLOSED_SHELL('',(#5213,#5253,#5284,#5315,#5419,#5523,#5540,#5557
    ,#5574,#5591,#5603,#5620,#5637,#5654,#5671));
#5213 = ADVANCED_FACE('',(#5214),#5248,.T.);
#5214 = FACE_BOUND('',#5215,.T.);
#5215 = EDGE_LOOP('',(#5216,#5226,#5234,#5242));
#5216 = ORIENTED_EDGE('',*,*,#5217,.T.);
#5217 = EDGE_CURVE('',#5218,#5220,#5222,.T.);
#5218 = VERTEX_POINT('',#5219);
#5219 = CARTESIAN_POINT('',(-95.,5.,0.));
#5220 = VERTEX_POINT('',#5221);
#5221 = CARTESIAN_POINT('',(-95.,5.,1.51));
#5222 = LINE('',#5223,#5224);
#5223 = CARTESIAN_POINT('',(-95.,5.,0.));
#5224 = VECTOR('',#5225,1.);
#5225 = DIRECTION('',(0.,0.,1.));
#5226 = ORIENTED_EDGE('',*,*,#5227,.T.);
#5227 = EDGE_CURVE('',#5220,#5228,#5230,.T.);
#5228 = VERTEX_POINT('',#5229);
#5229 = CARTESIAN_POINT('',(95.,5.,1.51));
#5230 = LINE('',#5231,#5232);
#5231 = CARTESIAN_POINT('',(-95.,5.,1.51));
#5232 = VECTOR('',#5233,1.);
#5233 = DIRECTION('',(1.,0.,0.));
#5234 = ORIENTED_EDGE('',*,*,#5235,.F.);
#5235 = EDGE_CURVE('',#5236,#5228,#5238,.T.);
#5236 = VERTEX_POINT('',#5237);
#5237 = CARTESIAN_POINT('',(95.,5.,0.));
#5238 = LINE('',#5239,#5240);
#5239 = CARTESIAN_POINT('',(95.,5.,0.));
#5240 = VECTOR('',#5241,1.);
#5241 = DIRECTION('',(0.,0.,1.));
#5242 = ORIENTED_EDGE('',*,*,#5243,.F.);
#5243 = EDGE_CURVE('',#5218,#5236,#5244,.T.);
#5244 = LINE('',#5245,#5246);
#5245 = CARTESIAN_POINT('',(-95.,5.,0.));
#5246 = VECTOR('',#5247,1.);
#5247 = DIRECTION('',(1.,0.,0.));
#5248 = PLANE('',#5249);
#5249 = AXIS2_PLACEMENT_3D('',#5250,#5251,#5252);
#5250 = CARTESIAN_POINT('',(-95.,5.,0.));
#5251 = DIRECTION('',(0.,1.,0.));
#5252 = DIRECTION('',(1.,0.,0.));
#5253 = ADVANCED_FACE('',(#5254),#5279,.T.);
#5254 = FACE_BOUND('',#5255,.T.);
#5255 = EDGE_LOOP('',(#5256,#5266,#5272,#5273));
#5256 = ORIENTED_EDGE('',*,*,#5257,.T.);
#5257 = EDGE_CURVE('',#5258,#5260,#5262,.T.);
#5258 = VERTEX_POINT('',#5259);
#5259 = CARTESIAN_POINT('',(-95.,20.,0.));
#5260 = VERTEX_POINT('',#5261);
#5261 = CARTESIAN_POINT('',(-95.,20.,1.51));
#5262 = LINE('',#5263,#5264);
#5263 = CARTESIAN_POINT('',(-95.,20.,0.));
#5264 = VECTOR('',#5265,1.);
#5265 = DIRECTION('',(0.,0.,1.));
#5266 = ORIENTED_EDGE('',*,*,#5267,.T.);
#5267 = EDGE_CURVE('',#5260,#5220,#5268,.T.);
#5268 = LINE('',#5269,#5270);
#5269 = CARTESIAN_POINT('',(-95.,20.,1.51));
#5270 = VECTOR('',#5271,1.);
#5271 = DIRECTION('',(0.,-1.,0.));
#5272 = ORIENTED_EDGE('',*,*,#5217,.F.);
#5273 = ORIENTED_EDGE('',*,*,#5274,.F.);
#5274 = EDGE_CURVE('',#5258,#5218,#5275,.T.);
#5275 = LINE('',#5276,#5277);
#5276 = CARTESIAN_POINT('',(-95.,20.,0.));
#5277 = VECTOR('',#5278,1.);
#5278 = DIRECTION('',(0.,-1.,0.));
#5279 = PLANE('',#5280);
#5280 = AXIS2_PLACEMENT_3D('',#5281,#5282,#5283);
#5281 = CARTESIAN_POINT('',(-95.,20.,0.));
#5282 = DIRECTION('',(1.,0.,-0.));
#5283 = DIRECTION('',(0.,-1.,0.));
#5284 = ADVANCED_FACE('',(#5285),#5310,.T.);
#5285 = FACE_BOUND('',#5286,.T.);
#5286 = EDGE_LOOP('',(#5287,#5288,#5296,#5304));
#5287 = ORIENTED_EDGE('',*,*,#5235,.T.);
#5288 = ORIENTED_EDGE('',*,*,#5289,.T.);
#5289 = EDGE_CURVE('',#5228,#5290,#5292,.T.);
#5290 = VERTEX_POINT('',#5291);
#5291 = CARTESIAN_POINT('',(95.,20.,1.51));
#5292 = LINE('',#5293,#5294);
#5293 = CARTESIAN_POINT('',(95.,5.,1.51));
#5294 = VECTOR('',#5295,1.);
#5295 = DIRECTION('',(0.,1.,0.));
#5296 = ORIENTED_EDGE('',*,*,#5297,.F.);
#5297 = EDGE_CURVE('',#5298,#5290,#5300,.T.);
#5298 = VERTEX_POINT('',#5299);
#5299 = CARTESIAN_POINT('',(95.,20.,0.));
#5300 = LINE('',#5301,#5302);
#5301 = CARTESIAN_POINT('',(95.,20.,0.));
#5302 = VECTOR('',#5303,1.);
#5303 = DIRECTION('',(0.,0.,1.));
#5304 = ORIENTED_EDGE('',*,*,#5305,.F.);
#5305 = EDGE_CURVE('',#5236,#5298,#5306,.T.);
#5306 = LINE('',#5307,#5308);
#5307 = CARTESIAN_POINT('',(95.,5.,0.));
#5308 = VECTOR('',#5309,1.);
#5309 = DIRECTION('',(0.,1.,0.));
#5310 = PLANE('',#5311);
#5311 = AXIS2_PLACEMENT_3D('',#5312,#5313,#5314);
#5312 = CARTESIAN_POINT('',(95.,5.,0.));
#5313 = DIRECTION('',(-1.,0.,0.));
#5314 = DIRECTION('',(0.,1.,0.));
#5315 = ADVANCED_FACE('',(#5316,#5359,#5370,#5381,#5392,#5403),#5414,.F.
  );
#5316 = FACE_BOUND('',#5317,.F.);
#5317 = EDGE_LOOP('',(#5318,#5319,#5320,#5328,#5336,#5344,#5352,#5358));
#5318 = ORIENTED_EDGE('',*,*,#5243,.F.);
#5319 = ORIENTED_EDGE('',*,*,#5274,.F.);
#5320 = ORIENTED_EDGE('',*,*,#5321,.F.);
#5321 = EDGE_CURVE('',#5322,#5258,#5324,.T.);
#5322 = VERTEX_POINT('',#5323);
#5323 = CARTESIAN_POINT('',(-105.,20.,0.));
#5324 = LINE('',#5325,#5326);
#5325 = CARTESIAN_POINT('',(-105.,20.,0.));
#5326 = VECTOR('',#5327,1.);
#5327 = DIRECTION('',(1.,0.,0.));
#5328 = ORIENTED_EDGE('',*,*,#5329,.F.);
#5329 = EDGE_CURVE('',#5330,#5322,#5332,.T.);
#5330 = VERTEX_POINT('',#5331);
#5331 = CARTESIAN_POINT('',(-105.,-20.,0.));
#5332 = LINE('',#5333,#5334);
#5333 = CARTESIAN_POINT('',(-105.,-20.,0.));
#5334 = VECTOR('',#5335,1.);
#5335 = DIRECTION('',(0.,1.,0.));
#5336 = ORIENTED_EDGE('',*,*,#5337,.F.);
#5337 = EDGE_CURVE('',#5338,#5330,#5340,.T.);
#5338 = VERTEX_POINT('',#5339);
#5339 = CARTESIAN_POINT('',(105.,-20.,0.));
#5340 = LINE('',#5341,#5342);
#5341 = CARTESIAN_POINT('',(105.,-20.,0.));
#5342 = VECTOR('',#5343,1.);
#5343 = DIRECTION('',(-1.,0.,0.));
#5344 = ORIENTED_EDGE('',*,*,#5345,.F.);
#5345 = EDGE_CURVE('',#5346,#5338,#5348,.T.);
#5346 = VERTEX_POINT('',#5347);
#5347 = CARTESIAN_POINT('',(105.,20.,0.));
#5348 = LINE('',#5349,#5350);
#5349 = CARTESIAN_POINT('',(105.,20.,0.));
#5350 = VECTOR('',#5351,1.);
#5351 = DIRECTION('',(0.,-1.,0.));
#5352 = ORIENTED_EDGE('',*,*,#5353,.F.);
#5353 = EDGE_CURVE('',#5298,#5346,#5354,.T.);
#5354 = LINE('',#5355,#5356);
#5355 = CARTESIAN_POINT('',(95.,20.,0.));
#5356 = VECTOR('',#5357,1.);
#5357 = DIRECTION('',(1.,0.,0.));
#5358 = ORIENTED_EDGE('',*,*,#5305,.F.);
#5359 = FACE_BOUND('',#5360,.F.);
#5360 = EDGE_LOOP('',(#5361));
#5361 = ORIENTED_EDGE('',*,*,#5362,.T.);
#5362 = EDGE_CURVE('',#5363,#5363,#5365,.T.);
#5363 = VERTEX_POINT('',#5364);
#5364 = CARTESIAN_POINT('',(0.,-16.6,0.));
#5365 = CIRCLE('',#5366,1.6);
#5366 = AXIS2_PLACEMENT_3D('',#5367,#5368,#5369);
#5367 = CARTESIAN_POINT('',(-5.551115123126E-17,-15.,0.));
#5368 = DIRECTION('',(-0.,0.,-1.));
#5369 = DIRECTION('',(3.469446951954E-17,-1.,-0.));
#5370 = FACE_BOUND('',#5371,.F.);
#5371 = EDGE_LOOP('',(#5372));
#5372 = ORIENTED_EDGE('',*,*,#5373,.T.);
#5373 = EDGE_CURVE('',#5374,#5374,#5376,.T.);
#5374 = VERTEX_POINT('',#5375);
#5375 = CARTESIAN_POINT('',(-100.,-6.6,0.));
#5376 = CIRCLE('',#5377,1.6);
#5377 = AXIS2_PLACEMENT_3D('',#5378,#5379,#5380);
#5378 = CARTESIAN_POINT('',(-100.,-5.,0.));
#5379 = DIRECTION('',(-0.,0.,-1.));
#5380 = DIRECTION('',(-0.,-1.,0.));
#5381 = FACE_BOUND('',#5382,.F.);
#5382 = EDGE_LOOP('',(#5383));
#5383 = ORIENTED_EDGE('',*,*,#5384,.T.);
#5384 = EDGE_CURVE('',#5385,#5385,#5387,.T.);
#5385 = VERTEX_POINT('',#5386);
#5386 = CARTESIAN_POINT('',(100.,-6.6,0.));
#5387 = CIRCLE('',#5388,1.6);
#5388 = AXIS2_PLACEMENT_3D('',#5389,#5390,#5391);
#5389 = CARTESIAN_POINT('',(100.,-5.,0.));
#5390 = DIRECTION('',(-0.,0.,-1.));
#5391 = DIRECTION('',(-0.,-1.,0.));
#5392 = FACE_BOUND('',#5393,.F.);
#5393 = EDGE_LOOP('',(#5394));
#5394 = ORIENTED_EDGE('',*,*,#5395,.T.);
#5395 = EDGE_CURVE('',#5396,#5396,#5398,.T.);
#5396 = VERTEX_POINT('',#5397);
#5397 = CARTESIAN_POINT('',(-100.,13.4,0.));
#5398 = CIRCLE('',#5399,1.6);
#5399 = AXIS2_PLACEMENT_3D('',#5400,#5401,#5402);
#5400 = CARTESIAN_POINT('',(-100.,15.,0.));
#5401 = DIRECTION('',(-0.,0.,-1.));
#5402 = DIRECTION('',(-0.,-1.,0.));
#5403 = FACE_BOUND('',#5404,.F.);
#5404 = EDGE_LOOP('',(#5405));
#5405 = ORIENTED_EDGE('',*,*,#5406,.T.);
#5406 = EDGE_CURVE('',#5407,#5407,#5409,.T.);
#5407 = VERTEX_POINT('',#5408);
#5408 = CARTESIAN_POINT('',(100.,13.4,0.));
#5409 = CIRCLE('',#5410,1.6);
#5410 = AXIS2_PLACEMENT_3D('',#5411,#5412,#5413);
#5411 = CARTESIAN_POINT('',(100.,15.,0.));
#5412 = DIRECTION('',(-0.,0.,-1.));
#5413 = DIRECTION('',(-0.,-1.,0.));
#5414 = PLANE('',#5415);
#5415 = AXIS2_PLACEMENT_3D('',#5416,#5417,#5418);
#5416 = CARTESIAN_POINT('',(0.,0.,0.));
#5417 = DIRECTION('',(0.,0.,1.));
#5418 = DIRECTION('',(1.,0.,-0.));
#5419 = ADVANCED_FACE('',(#5420,#5463,#5474,#5485,#5496,#5507),#5518,.T.
  );
#5420 = FACE_BOUND('',#5421,.T.);
#5421 = EDGE_LOOP('',(#5422,#5423,#5424,#5432,#5440,#5448,#5456,#5462));
#5422 = ORIENTED_EDGE('',*,*,#5227,.F.);
#5423 = ORIENTED_EDGE('',*,*,#5267,.F.);
#5424 = ORIENTED_EDGE('',*,*,#5425,.F.);
#5425 = EDGE_CURVE('',#5426,#5260,#5428,.T.);
#5426 = VERTEX_POINT('',#5427);
#5427 = CARTESIAN_POINT('',(-105.,20.,1.51));
#5428 = LINE('',#5429,#5430);
#5429 = CARTESIAN_POINT('',(-105.,20.,1.51));
#5430 = VECTOR('',#5431,1.);
#5431 = DIRECTION('',(1.,0.,0.));
#5432 = ORIENTED_EDGE('',*,*,#5433,.F.);
#5433 = EDGE_CURVE('',#5434,#5426,#5436,.T.);
#5434 = VERTEX_POINT('',#5435);
#5435 = CARTESIAN_POINT('',(-105.,-20.,1.51));
#5436 = LINE('',#5437,#5438);
#5437 = CARTESIAN_POINT('',(-105.,-20.,1.51));
#5438 = VECTOR('',#5439,1.);
#5439 = DIRECTION('',(0.,1.,0.));
#5440 = ORIENTED_EDGE('',*,*,#5441,.F.);
#5441 = EDGE_CURVE('',#5442,#5434,#5444,.T.);
#5442 = VERTEX_POINT('',#5443);
#5443 = CARTESIAN_POINT('',(105.,-20.,1.51));
#5444 = LINE('',#5445,#5446);
#5445 = CARTESIAN_POINT('',(105.,-20.,1.51));
#5446 = VECTOR('',#5447,1.);
#5447 = DIRECTION('',(-1.,0.,0.));
#5448 = ORIENTED_EDGE('',*,*,#5449,.F.);
#5449 = EDGE_CURVE('',#5450,#5442,#5452,.T.);
#5450 = VERTEX_POINT('',#5451);
#5451 = CARTESIAN_POINT('',(105.,20.,1.51));
#5452 = LINE('',#5453,#5454);
#5453 = CARTESIAN_POINT('',(105.,20.,1.51));
#5454 = VECTOR('',#5455,1.);
#5455 = DIRECTION('',(0.,-1.,0.));
#5456 = ORIENTED_EDGE('',*,*,#5457,.F.);
#5457 = EDGE_CURVE('',#5290,#5450,#5458,.T.);
#5458 = LINE('',#5459,#5460);
#5459 = CARTESIAN_POINT('',(95.,20.,1.51));
#5460 = VECTOR('',#5461,1.);
#5461 = DIRECTION('',(1.,0.,0.));
#5462 = ORIENTED_EDGE('',*,*,#5289,.F.);
#5463 = FACE_BOUND('',#5464,.T.);
#5464 = EDGE_LOOP('',(#5465));
#5465 = ORIENTED_EDGE('',*,*,#5466,.T.);
#5466 = EDGE_CURVE('',#5467,#5467,#5469,.T.);
#5467 = VERTEX_POINT('',#5468);
#5468 = CARTESIAN_POINT('',(0.,-16.6,1.51));
#5469 = CIRCLE('',#5470,1.6);
#5470 = AXIS2_PLACEMENT_3D('',#5471,#5472,#5473);
#5471 = CARTESIAN_POINT('',(-5.551115123126E-17,-15.,1.51));
#5472 = DIRECTION('',(-0.,0.,-1.));
#5473 = DIRECTION('',(3.469446951954E-17,-1.,-0.));
#5474 = FACE_BOUND('',#5475,.T.);
#5475 = EDGE_LOOP('',(#5476));
#5476 = ORIENTED_EDGE('',*,*,#5477,.T.);
#5477 = EDGE_CURVE('',#5478,#5478,#5480,.T.);
#5478 = VERTEX_POINT('',#5479);
#5479 = CARTESIAN_POINT('',(-100.,-6.6,1.51));
#5480 = CIRCLE('',#5481,1.6);
#5481 = AXIS2_PLACEMENT_3D('',#5482,#5483,#5484);
#5482 = CARTESIAN_POINT('',(-100.,-5.,1.51));
#5483 = DIRECTION('',(-0.,0.,-1.));
#5484 = DIRECTION('',(-0.,-1.,0.));
#5485 = FACE_BOUND('',#5486,.T.);
#5486 = EDGE_LOOP('',(#5487));
#5487 = ORIENTED_EDGE('',*,*,#5488,.T.);
#5488 = EDGE_CURVE('',#5489,#5489,#5491,.T.);
#5489 = VERTEX_POINT('',#5490);
#5490 = CARTESIAN_POINT('',(100.,-6.6,1.51));
#5491 = CIRCLE('',#5492,1.6);
#5492 = AXIS2_PLACEMENT_3D('',#5493,#5494,#5495);
#5493 = CARTESIAN_POINT('',(100.,-5.,1.51));
#5494 = DIRECTION('',(-0.,0.,-1.));
#5495 = DIRECTION('',(-0.,-1.,0.));
#5496 = FACE_BOUND('',#5497,.T.);
#5497 = EDGE_LOOP('',(#5498));
#5498 = ORIENTED_EDGE('',*,*,#5499,.T.);
#5499 = EDGE_CURVE('',#5500,#5500,#5502,.T.);
#5500 = VERTEX_POINT('',#5501);
#5501 = CARTESIAN_POINT('',(-100.,13.4,1.51));
#5502 = CIRCLE('',#5503,1.6);
#5503 = AXIS2_PLACEMENT_3D('',#5504,#5505,#5506);
#5504 = CARTESIAN_POINT('',(-100.,15.,1.51));
#5505 = DIRECTION('',(-0.,0.,-1.));
#5506 = DIRECTION('',(-0.,-1.,0.));
#5507 = FACE_BOUND('',#5508,.T.);
#5508 = EDGE_LOOP('',(#5509));
#5509 = ORIENTED_EDGE('',*,*,#5510,.T.);
#5510 = EDGE_CURVE('',#5511,#5511,#5513,.T.);
#5511 = VERTEX_POINT('',#5512);
#5512 = CARTESIAN_POINT('',(100.,13.4,1.51));
#5513 = CIRCLE('',#5514,1.6);
#5514 = AXIS2_PLACEMENT_3D('',#5515,#5516,#5517);
#5515 = CARTESIAN_POINT('',(100.,15.,1.51));
#5516 = DIRECTION('',(-0.,0.,-1.));
#5517 = DIRECTION('',(-0.,-1.,0.));
#5518 = PLANE('',#5519);
#5519 = AXIS2_PLACEMENT_3D('',#5520,#5521,#5522);
#5520 = CARTESIAN_POINT('',(0.,0.,1.51));
#5521 = DIRECTION('',(0.,0.,1.));
#5522 = DIRECTION('',(1.,0.,-0.));
#5523 = ADVANCED_FACE('',(#5524),#5535,.T.);
#5524 = FACE_BOUND('',#5525,.T.);
#5525 = EDGE_LOOP('',(#5526,#5532,#5533,#5534));
#5526 = ORIENTED_EDGE('',*,*,#5527,.T.);
#5527 = EDGE_CURVE('',#5322,#5426,#5528,.T.);
#5528 = LINE('',#5529,#5530);
#5529 = CARTESIAN_POINT('',(-105.,20.,0.));
#5530 = VECTOR('',#5531,1.);
#5531 = DIRECTION('',(0.,0.,1.));
#5532 = ORIENTED_EDGE('',*,*,#5425,.T.);
#5533 = ORIENTED_EDGE('',*,*,#5257,.F.);
#5534 = ORIENTED_EDGE('',*,*,#5321,.F.);
#5535 = PLANE('',#5536);
#5536 = AXIS2_PLACEMENT_3D('',#5537,#5538,#5539);
#5537 = CARTESIAN_POINT('',(-105.,20.,0.));
#5538 = DIRECTION('',(0.,1.,0.));
#5539 = DIRECTION('',(1.,0.,0.));
#5540 = ADVANCED_FACE('',(#5541),#5552,.T.);
#5541 = FACE_BOUND('',#5542,.T.);
#5542 = EDGE_LOOP('',(#5543,#5544,#5545,#5551));
#5543 = ORIENTED_EDGE('',*,*,#5297,.T.);
#5544 = ORIENTED_EDGE('',*,*,#5457,.T.);
#5545 = ORIENTED_EDGE('',*,*,#5546,.F.);
#5546 = EDGE_CURVE('',#5346,#5450,#5547,.T.);
#5547 = LINE('',#5548,#5549);
#5548 = CARTESIAN_POINT('',(105.,20.,0.));
#5549 = VECTOR('',#5550,1.);
#5550 = DIRECTION('',(0.,0.,1.));
#5551 = ORIENTED_EDGE('',*,*,#5353,.F.);
#5552 = PLANE('',#5553);
#5553 = AXIS2_PLACEMENT_3D('',#5554,#5555,#5556);
#5554 = CARTESIAN_POINT('',(95.,20.,0.));
#5555 = DIRECTION('',(0.,1.,0.));
#5556 = DIRECTION('',(1.,0.,0.));
#5557 = ADVANCED_FACE('',(#5558),#5569,.T.);
#5558 = FACE_BOUND('',#5559,.T.);
#5559 = EDGE_LOOP('',(#5560,#5566,#5567,#5568));
#5560 = ORIENTED_EDGE('',*,*,#5561,.T.);
#5561 = EDGE_CURVE('',#5330,#5434,#5562,.T.);
#5562 = LINE('',#5563,#5564);
#5563 = CARTESIAN_POINT('',(-105.,-20.,0.));
#5564 = VECTOR('',#5565,1.);
#5565 = DIRECTION('',(0.,0.,1.));
#5566 = ORIENTED_EDGE('',*,*,#5433,.T.);
#5567 = ORIENTED_EDGE('',*,*,#5527,.F.);
#5568 = ORIENTED_EDGE('',*,*,#5329,.F.);
#5569 = PLANE('',#5570);
#5570 = AXIS2_PLACEMENT_3D('',#5571,#5572,#5573);
#5571 = CARTESIAN_POINT('',(-105.,-20.,0.));
#5572 = DIRECTION('',(-1.,0.,0.));
#5573 = DIRECTION('',(0.,1.,0.));
#5574 = ADVANCED_FACE('',(#5575),#5586,.T.);
#5575 = FACE_BOUND('',#5576,.T.);
#5576 = EDGE_LOOP('',(#5577,#5578,#5579,#5585));
#5577 = ORIENTED_EDGE('',*,*,#5546,.T.);
#5578 = ORIENTED_EDGE('',*,*,#5449,.T.);
#5579 = ORIENTED_EDGE('',*,*,#5580,.F.);
#5580 = EDGE_CURVE('',#5338,#5442,#5581,.T.);
#5581 = LINE('',#5582,#5583);
#5582 = CARTESIAN_POINT('',(105.,-20.,0.));
#5583 = VECTOR('',#5584,1.);
#5584 = DIRECTION('',(0.,0.,1.));
#5585 = ORIENTED_EDGE('',*,*,#5345,.F.);
#5586 = PLANE('',#5587);
#5587 = AXIS2_PLACEMENT_3D('',#5588,#5589,#5590);
#5588 = CARTESIAN_POINT('',(105.,20.,0.));
#5589 = DIRECTION('',(1.,0.,-0.));
#5590 = DIRECTION('',(0.,-1.,0.));
#5591 = ADVANCED_FACE('',(#5592),#5598,.T.);
#5592 = FACE_BOUND('',#5593,.T.);
#5593 = EDGE_LOOP('',(#5594,#5595,#5596,#5597));
#5594 = ORIENTED_EDGE('',*,*,#5580,.T.);
#5595 = ORIENTED_EDGE('',*,*,#5441,.T.);
#5596 = ORIENTED_EDGE('',*,*,#5561,.F.);
#5597 = ORIENTED_EDGE('',*,*,#5337,.F.);
#5598 = PLANE('',#5599);
#5599 = AXIS2_PLACEMENT_3D('',#5600,#5601,#5602);
#5600 = CARTESIAN_POINT('',(105.,-20.,0.));
#5601 = DIRECTION('',(0.,-1.,0.));
#5602 = DIRECTION('',(-1.,0.,0.));
#5603 = ADVANCED_FACE('',(#5604),#5615,.F.);
#5604 = FACE_BOUND('',#5605,.T.);
#5605 = EDGE_LOOP('',(#5606,#5607,#5613,#5614));
#5606 = ORIENTED_EDGE('',*,*,#5362,.T.);
#5607 = ORIENTED_EDGE('',*,*,#5608,.T.);
#5608 = EDGE_CURVE('',#5363,#5467,#5609,.T.);
#5609 = LINE('',#5610,#5611);
#5610 = CARTESIAN_POINT('',(0.,-16.6,-4.6E-02));
#5611 = VECTOR('',#5612,1.);
#5612 = DIRECTION('',(0.,0.,1.));
#5613 = ORIENTED_EDGE('',*,*,#5466,.F.);
#5614 = ORIENTED_EDGE('',*,*,#5608,.F.);
#5615 = CYLINDRICAL_SURFACE('',#5616,1.6);
#5616 = AXIS2_PLACEMENT_3D('',#5617,#5618,#5619);
#5617 = CARTESIAN_POINT('',(-5.551115123126E-17,-15.,-4.6E-02));
#5618 = DIRECTION('',(-0.,0.,-1.));
#5619 = DIRECTION('',(3.469446951954E-17,-1.,-0.));
#5620 = ADVANCED_FACE('',(#5621),#5632,.F.);
#5621 = FACE_BOUND('',#5622,.T.);
#5622 = EDGE_LOOP('',(#5623,#5624,#5630,#5631));
#5623 = ORIENTED_EDGE('',*,*,#5373,.T.);
#5624 = ORIENTED_EDGE('',*,*,#5625,.T.);
#5625 = EDGE_CURVE('',#5374,#5478,#5626,.T.);
#5626 = LINE('',#5627,#5628);
#5627 = CARTESIAN_POINT('',(-100.,-6.6,-4.6E-02));
#5628 = VECTOR('',#5629,1.);
#5629 = DIRECTION('',(0.,0.,1.));
#5630 = ORIENTED_EDGE('',*,*,#5477,.F.);
#5631 = ORIENTED_EDGE('',*,*,#5625,.F.);
#5632 = CYLINDRICAL_SURFACE('',#5633,1.6);
#5633 = AXIS2_PLACEMENT_3D('',#5634,#5635,#5636);
#5634 = CARTESIAN_POINT('',(-100.,-5.,-4.6E-02));
#5635 = DIRECTION('',(-0.,-0.,-1.));
#5636 = DIRECTION('',(-0.,-1.,0.));
#5637 = ADVANCED_FACE('',(#5638),#5649,.F.);
#5638 = FACE_BOUND('',#5639,.T.);
#5639 = EDGE_LOOP('',(#5640,#5641,#5647,#5648));
#5640 = ORIENTED_EDGE('',*,*,#5384,.T.);
#5641 = ORIENTED_EDGE('',*,*,#5642,.T.);
#5642 = EDGE_CURVE('',#5385,#5489,#5643,.T.);
#5643 = LINE('',#5644,#5645);
#5644 = CARTESIAN_POINT('',(100.,-6.6,-4.6E-02));
#5645 = VECTOR('',#5646,1.);
#5646 = DIRECTION('',(0.,0.,1.));
#5647 = ORIENTED_EDGE('',*,*,#5488,.F.);
#5648 = ORIENTED_EDGE('',*,*,#5642,.F.);
#5649 = CYLINDRICAL_SURFACE('',#5650,1.6);
#5650 = AXIS2_PLACEMENT_3D('',#5651,#5652,#5653);
#5651 = CARTESIAN_POINT('',(100.,-5.,-4.6E-02));
#5652 = DIRECTION('',(-0.,-0.,-1.));
#5653 = DIRECTION('',(-0.,-1.,0.));
#5654 = ADVANCED_FACE('',(#5655),#5666,.F.);
#5655 = FACE_BOUND('',#5656,.T.);
#5656 = EDGE_LOOP('',(#5657,#5658,#5664,#5665));
#5657 = ORIENTED_EDGE('',*,*,#5395,.T.);
#5658 = ORIENTED_EDGE('',*,*,#5659,.T.);
#5659 = EDGE_CURVE('',#5396,#5500,#5660,.T.);
#5660 = LINE('',#5661,#5662);
#5661 = CARTESIAN_POINT('',(-100.,13.4,-4.6E-02));
#5662 = VECTOR('',#5663,1.);
#5663 = DIRECTION('',(0.,0.,1.));
#5664 = ORIENTED_EDGE('',*,*,#5499,.F.);
#5665 = ORIENTED_EDGE('',*,*,#5659,.F.);
#5666 = CYLINDRICAL_SURFACE('',#5667,1.6);
#5667 = AXIS2_PLACEMENT_3D('',#5668,#5669,#5670);
#5668 = CARTESIAN_POINT('',(-100.,15.,-4.6E-02));
#5669 = DIRECTION('',(-0.,-0.,-1.));
#5670 = DIRECTION('',(-0.,-1.,0.));
#5671 = ADVANCED_FACE('',(#5672),#5683,.F.);
#5672 = FACE_BOUND('',#5673,.T.);
#5673 = EDGE_LOOP('',(#5674,#5675,#5681,#5682));
#5674 = ORIENTED_EDGE('',*,*,#5406,.T.);
#5675 = ORIENTED_EDGE('',*,*,#5676,.T.);
#5676 = EDGE_CURVE('',#5407,#5511,#5677,.T.);
#5677 = LINE('',#5678,#5679);
#5678 = CARTESIAN_POINT('',(100.,13.4,-4.6E-02));
#5679 = VECTOR('',#5680,1.);
#5680 = DIRECTION('',(0.,0.,1.));
#5681 = ORIENTED_EDGE('',*,*,#5510,.F.);
#5682 = ORIENTED_EDGE('',*,*,#5676,.F.);
#5683 = CYLINDRICAL_SURFACE('',#5684,1.6);
#5684 = AXIS2_PLACEMENT_3D('',#5685,#5686,#5687);
#5685 = CARTESIAN_POINT('',(100.,15.,-4.6E-02));
#5686 = DIRECTION('',(-0.,-0.,-1.));
#5687 = DIRECTION('',(-0.,-1.,0.));
#5688 = ( GEOMETRIC_REPRESENTATION_CONTEXT(3) 
GLOBAL_UNCERTAINTY_ASSIGNED_CONTEXT((#5692)) 
GLOBAL_UNIT_ASSIGNED_CONTEXT((#5689,#5690,#5691)) REPRESENTATION_CONTEXT
('Context #1','3D Context with UNIT and UNCERTAINTY') );
#5689 = ( LENGTH_UNIT() NAMED_UNIT(*) SI_UNIT(.MILLI.,.METRE.) );
#5690 = ( NAMED_UNIT(*) PLANE_ANGLE_UNIT() SI_UNIT($,.RADIAN.) );
#5691 = ( NAMED_UNIT(*) SI_UNIT($,.STERADIAN.) SOLID_ANGLE_UNIT() );
#5692 = UNCERTAINTY_MEASURE_WITH_UNIT(LENGTH_MEASURE(1.E-07),#5689,
  'distance_accuracy_value','confusion accuracy');
#5693 = CONTEXT_DEPENDENT_SHAPE_REPRESENTATION(#5694,#5696);
#5694 = ( REPRESENTATION_RELATIONSHIP('','',#5210,#10) 
REPRESENTATION_RELATIONSHIP_WITH_TRANSFORMATION(#5695) 
SHAPE_REPRESENTATION_RELATIONSHIP() );
#5695 = ITEM_DEFINED_TRANSFORMATION('','',#11,#259);
#5696 = PRODUCT_DEFINITION_SHAPE('Placement','Placement of an item',
  #5697);
#5697 = NEXT_ASSEMBLY_USAGE_OCCURRENCE('63','=>[0:1:1:5]','',#5,#5205,$
  );
#5698 = PRODUCT_RELATED_PRODUCT_CATEGORY('part',$,(#5207));
#5699 = MECHANICAL_DESIGN_GEOMETRIC_PRESENTATION_REPRESENTATION('',(
    #5700),#5688);
#5700 = STYLED_ITEM('color',(#5701),#5211);
#5701 = PRESENTATION_STYLE_ASSIGNMENT((#5702));
#5702 = SURFACE_STYLE_USAGE(.BOTH.,#5703);
#5703 = SURFACE_SIDE_STYLE('',(#5704));
#5704 = SURFACE_STYLE_FILL_AREA(#5705);
#5705 = FILL_AREA_STYLE('',(#5706));
#5706 = FILL_AREA_STYLE_COLOUR('',#5707);
#5707 = COLOUR_RGB('',0.313304153717,0.484529207832,0.410020903123);
#5708 = MECHANICAL_DESIGN_GEOMETRIC_PRESENTATION_REPRESENTATION('',(
    #5709,#5717,#5724,#5731,#5738,#5745,#5752,#5759,#5766,#5773,#5780,
    #5787,#5794,#5801,#5808,#5815,#5822,#5829,#5836,#5843,#5850,#5857,
    #5864,#5871,#5878,#5885,#5892,#5899,#5906,#5913,#5920,#5927,#5934,
    #5941,#5948,#5955,#5962,#5969,#5976,#5983,#5990,#5997,#6004,#6011,
    #6018,#6025,#6032,#6039,#6046,#6053,#6060,#6067,#6074,#6081,#6088,
    #6095,#6102,#6109,#6116,#6123,#6130,#6137,#6144,#6151,#6158,#6165,
    #6172,#6179,#6186,#6193),#5192);
#5709 = STYLED_ITEM('color',(#5710),#1092);
#5710 = PRESENTATION_STYLE_ASSIGNMENT((#5711));
#5711 = SURFACE_STYLE_USAGE(.BOTH.,#5712);
#5712 = SURFACE_SIDE_STYLE('',(#5713));
#5713 = SURFACE_STYLE_FILL_AREA(#5714);
#5714 = FILL_AREA_STYLE('',(#5715));
#5715 = FILL_AREA_STYLE_COLOUR('',#5716);
#5716 = COLOUR_RGB('',0.735356983052,0.735356983052,0.735356983052);
#5717 = STYLED_ITEM('color',(#5718),#1145);
#5718 = PRESENTATION_STYLE_ASSIGNMENT((#5719));
#5719 = SURFACE_STYLE_USAGE(.BOTH.,#5720);
#5720 = SURFACE_SIDE_STYLE('',(#5721));
#5721 = SURFACE_STYLE_FILL_AREA(#5722);
#5722 = FILL_AREA_STYLE('',(#5723));
#5723 = FILL_AREA_STYLE_COLOUR('',#5716);
#5724 = STYLED_ITEM('color',(#5725),#1237);
#5725 = PRESENTATION_STYLE_ASSIGNMENT((#5726));
#5726 = SURFACE_STYLE_USAGE(.BOTH.,#5727);
#5727 = SURFACE_SIDE_STYLE('',(#5728));
#5728 = SURFACE_STYLE_FILL_AREA(#5729);
#5729 = FILL_AREA_STYLE('',(#5730));
#5730 = FILL_AREA_STYLE_COLOUR('',#5716);
#5731 = STYLED_ITEM('color',(#5732),#1329);
#5732 = PRESENTATION_STYLE_ASSIGNMENT((#5733));
#5733 = SURFACE_STYLE_USAGE(.BOTH.,#5734);
#5734 = SURFACE_SIDE_STYLE('',(#5735));
#5735 = SURFACE_STYLE_FILL_AREA(#5736);
#5736 = FILL_AREA_STYLE('',(#5737));
#5737 = FILL_AREA_STYLE_COLOUR('',#5716);
#5738 = STYLED_ITEM('color',(#5739),#1421);
#5739 = PRESENTATION_STYLE_ASSIGNMENT((#5740));
#5740 = SURFACE_STYLE_USAGE(.BOTH.,#5741);
#5741 = SURFACE_SIDE_STYLE('',(#5742));
#5742 = SURFACE_STYLE_FILL_AREA(#5743);
#5743 = FILL_AREA_STYLE('',(#5744));
#5744 = FILL_AREA_STYLE_COLOUR('',#5716);
#5745 = STYLED_ITEM('color',(#5746),#1513);
#5746 = PRESENTATION_STYLE_ASSIGNMENT((#5747));
#5747 = SURFACE_STYLE_USAGE(.BOTH.,#5748);
#5748 = SURFACE_SIDE_STYLE('',(#5749));
#5749 = SURFACE_STYLE_FILL_AREA(#5750);
#5750 = FILL_AREA_STYLE('',(#5751));
#5751 = FILL_AREA_STYLE_COLOUR('',#5716);
#5752 = STYLED_ITEM('color',(#5753),#1605);
#5753 = PRESENTATION_STYLE_ASSIGNMENT((#5754));
#5754 = SURFACE_STYLE_USAGE(.BOTH.,#5755);
#5755 = SURFACE_SIDE_STYLE('',(#5756));
#5756 = SURFACE_STYLE_FILL_AREA(#5757);
#5757 = FILL_AREA_STYLE('',(#5758));
#5758 = FILL_AREA_STYLE_COLOUR('',#5716);
#5759 = STYLED_ITEM('color',(#5760),#1658);
#5760 = PRESENTATION_STYLE_ASSIGNMENT((#5761));
#5761 = SURFACE_STYLE_USAGE(.BOTH.,#5762);
#5762 = SURFACE_SIDE_STYLE('',(#5763));
#5763 = SURFACE_STYLE_FILL_AREA(#5764);
#5764 = FILL_AREA_STYLE('',(#5765));
#5765 = FILL_AREA_STYLE_COLOUR('',#5716);
#5766 = STYLED_ITEM('color',(#5767),#1711);
#5767 = PRESENTATION_STYLE_ASSIGNMENT((#5768));
#5768 = SURFACE_STYLE_USAGE(.BOTH.,#5769);
#5769 = SURFACE_SIDE_STYLE('',(#5770));
#5770 = SURFACE_STYLE_FILL_AREA(#5771);
#5771 = FILL_AREA_STYLE('',(#5772));
#5772 = FILL_AREA_STYLE_COLOUR('',#5716);
#5773 = STYLED_ITEM('color',(#5774),#1764);
#5774 = PRESENTATION_STYLE_ASSIGNMENT((#5775));
#5775 = SURFACE_STYLE_USAGE(.BOTH.,#5776);
#5776 = SURFACE_SIDE_STYLE('',(#5777));
#5777 = SURFACE_STYLE_FILL_AREA(#5778);
#5778 = FILL_AREA_STYLE('',(#5779));
#5779 = FILL_AREA_STYLE_COLOUR('',#5716);
#5780 = STYLED_ITEM('color',(#5781),#1817);
#5781 = PRESENTATION_STYLE_ASSIGNMENT((#5782));
#5782 = SURFACE_STYLE_USAGE(.BOTH.,#5783);
#5783 = SURFACE_SIDE_STYLE('',(#5784));
#5784 = SURFACE_STYLE_FILL_AREA(#5785);
#5785 = FILL_AREA_STYLE('',(#5786));
#5786 = FILL_AREA_STYLE_COLOUR('',#5716);
#5787 = STYLED_ITEM('color',(#5788),#1870);
#5788 = PRESENTATION_STYLE_ASSIGNMENT((#5789));
#5789 = SURFACE_STYLE_USAGE(.BOTH.,#5790);
#5790 = SURFACE_SIDE_STYLE('',(#5791));
#5791 = SURFACE_STYLE_FILL_AREA(#5792);
#5792 = FILL_AREA_STYLE('',(#5793));
#5793 = FILL_AREA_STYLE_COLOUR('',#5716);
#5794 = STYLED_ITEM('color',(#5795),#1923);
#5795 = PRESENTATION_STYLE_ASSIGNMENT((#5796));
#5796 = SURFACE_STYLE_USAGE(.BOTH.,#5797);
#5797 = SURFACE_SIDE_STYLE('',(#5798));
#5798 = SURFACE_STYLE_FILL_AREA(#5799);
#5799 = FILL_AREA_STYLE('',(#5800));
#5800 = FILL_AREA_STYLE_COLOUR('',#5716);
#5801 = STYLED_ITEM('color',(#5802),#1976);
#5802 = PRESENTATION_STYLE_ASSIGNMENT((#5803));
#5803 = SURFACE_STYLE_USAGE(.BOTH.,#5804);
#5804 = SURFACE_SIDE_STYLE('',(#5805));
#5805 = SURFACE_STYLE_FILL_AREA(#5806);
#5806 = FILL_AREA_STYLE('',(#5807));
#5807 = FILL_AREA_STYLE_COLOUR('',#5716);
#5808 = STYLED_ITEM('color',(#5809),#2029);
#5809 = PRESENTATION_STYLE_ASSIGNMENT((#5810));
#5810 = SURFACE_STYLE_USAGE(.BOTH.,#5811);
#5811 = SURFACE_SIDE_STYLE('',(#5812));
#5812 = SURFACE_STYLE_FILL_AREA(#5813);
#5813 = FILL_AREA_STYLE('',(#5814));
#5814 = FILL_AREA_STYLE_COLOUR('',#5716);
#5815 = STYLED_ITEM('color',(#5816),#2082);
#5816 = PRESENTATION_STYLE_ASSIGNMENT((#5817));
#5817 = SURFACE_STYLE_USAGE(.BOTH.,#5818);
#5818 = SURFACE_SIDE_STYLE('',(#5819));
#5819 = SURFACE_STYLE_FILL_AREA(#5820);
#5820 = FILL_AREA_STYLE('',(#5821));
#5821 = FILL_AREA_STYLE_COLOUR('',#5716);
#5822 = STYLED_ITEM('color',(#5823),#2135);
#5823 = PRESENTATION_STYLE_ASSIGNMENT((#5824));
#5824 = SURFACE_STYLE_USAGE(.BOTH.,#5825);
#5825 = SURFACE_SIDE_STYLE('',(#5826));
#5826 = SURFACE_STYLE_FILL_AREA(#5827);
#5827 = FILL_AREA_STYLE('',(#5828));
#5828 = FILL_AREA_STYLE_COLOUR('',#5716);
#5829 = STYLED_ITEM('color',(#5830),#2188);
#5830 = PRESENTATION_STYLE_ASSIGNMENT((#5831));
#5831 = SURFACE_STYLE_USAGE(.BOTH.,#5832);
#5832 = SURFACE_SIDE_STYLE('',(#5833));
#5833 = SURFACE_STYLE_FILL_AREA(#5834);
#5834 = FILL_AREA_STYLE('',(#5835));
#5835 = FILL_AREA_STYLE_COLOUR('',#5716);
#5836 = STYLED_ITEM('color',(#5837),#2241);
#5837 = PRESENTATION_STYLE_ASSIGNMENT((#5838));
#5838 = SURFACE_STYLE_USAGE(.BOTH.,#5839);
#5839 = SURFACE_SIDE_STYLE('',(#5840));
#5840 = SURFACE_STYLE_FILL_AREA(#5841);
#5841 = FILL_AREA_STYLE('',(#5842));
#5842 = FILL_AREA_STYLE_COLOUR('',#5716);
#5843 = STYLED_ITEM('color',(#5844),#2294);
#5844 = PRESENTATION_STYLE_ASSIGNMENT((#5845));
#5845 = SURFACE_STYLE_USAGE(.BOTH.,#5846);
#5846 = SURFACE_SIDE_STYLE('',(#5847));
#5847 = SURFACE_STYLE_FILL_AREA(#5848);
#5848 = FILL_AREA_STYLE('',(#5849));
#5849 = FILL_AREA_STYLE_COLOUR('',#5716);
#5850 = STYLED_ITEM('color',(#5851),#2347);
#5851 = PRESENTATION_STYLE_ASSIGNMENT((#5852));
#5852 = SURFACE_STYLE_USAGE(.BOTH.,#5853);
#5853 = SURFACE_SIDE_STYLE('',(#5854));
#5854 = SURFACE_STYLE_FILL_AREA(#5855);
#5855 = FILL_AREA_STYLE('',(#5856));
#5856 = FILL_AREA_STYLE_COLOUR('',#5716);
#5857 = STYLED_ITEM('color',(#5858),#2400);
#5858 = PRESENTATION_STYLE_ASSIGNMENT((#5859));
#5859 = SURFACE_STYLE_USAGE(.BOTH.,#5860);
#5860 = SURFACE_SIDE_STYLE('',(#5861));
#5861 = SURFACE_STYLE_FILL_AREA(#5862);
#5862 = FILL_AREA_STYLE('',(#5863));
#5863 = FILL_AREA_STYLE_COLOUR('',#5716);
#5864 = STYLED_ITEM('color',(#5865),#2453);
#5865 = PRESENTATION_STYLE_ASSIGNMENT((#5866));
#5866 = SURFACE_STYLE_USAGE(.BOTH.,#5867);
#5867 = SURFACE_SIDE_STYLE('',(#5868));
#5868 = SURFACE_STYLE_FILL_AREA(#5869);
#5869 = FILL_AREA_STYLE('',(#5870));
#5870 = FILL_AREA_STYLE_COLOUR('',#5716);
#5871 = STYLED_ITEM('color',(#5872),#2506);
#5872 = PRESENTATION_STYLE_ASSIGNMENT((#5873));
#5873 = SURFACE_STYLE_USAGE(.BOTH.,#5874);
#5874 = SURFACE_SIDE_STYLE('',(#5875));
#5875 = SURFACE_STYLE_FILL_AREA(#5876);
#5876 = FILL_AREA_STYLE('',(#5877));
#5877 = FILL_AREA_STYLE_COLOUR('',#5716);
#5878 = STYLED_ITEM('color',(#5879),#2559);
#5879 = PRESENTATION_STYLE_ASSIGNMENT((#5880));
#5880 = SURFACE_STYLE_USAGE(.BOTH.,#5881);
#5881 = SURFACE_SIDE_STYLE('',(#5882));
#5882 = SURFACE_STYLE_FILL_AREA(#5883);
#5883 = FILL_AREA_STYLE('',(#5884));
#5884 = FILL_AREA_STYLE_COLOUR('',#5716);
#5885 = STYLED_ITEM('color',(#5886),#2612);
#5886 = PRESENTATION_STYLE_ASSIGNMENT((#5887));
#5887 = SURFACE_STYLE_USAGE(.BOTH.,#5888);
#5888 = SURFACE_SIDE_STYLE('',(#5889));
#5889 = SURFACE_STYLE_FILL_AREA(#5890);
#5890 = FILL_AREA_STYLE('',(#5891));
#5891 = FILL_AREA_STYLE_COLOUR('',#5716);
#5892 = STYLED_ITEM('color',(#5893),#2665);
#5893 = PRESENTATION_STYLE_ASSIGNMENT((#5894));
#5894 = SURFACE_STYLE_USAGE(.BOTH.,#5895);
#5895 = SURFACE_SIDE_STYLE('',(#5896));
#5896 = SURFACE_STYLE_FILL_AREA(#5897);
#5897 = FILL_AREA_STYLE('',(#5898));
#5898 = FILL_AREA_STYLE_COLOUR('',#5716);
#5899 = STYLED_ITEM('color',(#5900),#2718);
#5900 = PRESENTATION_STYLE_ASSIGNMENT((#5901));
#5901 = SURFACE_STYLE_USAGE(.BOTH.,#5902);
#5902 = SURFACE_SIDE_STYLE('',(#5903));
#5903 = SURFACE_STYLE_FILL_AREA(#5904);
#5904 = FILL_AREA_STYLE('',(#5905));
#5905 = FILL_AREA_STYLE_COLOUR('',#5716);
#5906 = STYLED_ITEM('color',(#5907),#2771);
#5907 = PRESENTATION_STYLE_ASSIGNMENT((#5908));
#5908 = SURFACE_STYLE_USAGE(.BOTH.,#5909);
#5909 = SURFACE_SIDE_STYLE('',(#5910));
#5910 = SURFACE_STYLE_FILL_AREA(#5911);
#5911 = FILL_AREA_STYLE('',(#5912));
#5912 = FILL_AREA_STYLE_COLOUR('',#5716);
#5913 = STYLED_ITEM('color',(#5914),#2824);
#5914 = PRESENTATION_STYLE_ASSIGNMENT((#5915));
#5915 = SURFACE_STYLE_USAGE(.BOTH.,#5916);
#5916 = SURFACE_SIDE_STYLE('',(#5917));
#5917 = SURFACE_STYLE_FILL_AREA(#5918);
#5918 = FILL_AREA_STYLE('',(#5919));
#5919 = FILL_AREA_STYLE_COLOUR('',#5716);
#5920 = STYLED_ITEM('color',(#5921),#2877);
#5921 = PRESENTATION_STYLE_ASSIGNMENT((#5922));
#5922 = SURFACE_STYLE_USAGE(.BOTH.,#5923);
#5923 = SURFACE_SIDE_STYLE('',(#5924));
#5924 = SURFACE_STYLE_FILL_AREA(#5925);
#5925 = FILL_AREA_STYLE('',(#5926));
#5926 = FILL_AREA_STYLE_COLOUR('',#5716);
#5927 = STYLED_ITEM('color',(#5928),#2930);
#5928 = PRESENTATION_STYLE_ASSIGNMENT((#5929));
#5929 = SURFACE_STYLE_USAGE(.BOTH.,#5930);
#5930 = SURFACE_SIDE_STYLE('',(#5931));
#5931 = SURFACE_STYLE_FILL_AREA(#5932);
#5932 = FILL_AREA_STYLE('',(#5933));
#5933 = FILL_AREA_STYLE_COLOUR('',#5716);
#5934 = STYLED_ITEM('color',(#5935),#2983);
#5935 = PRESENTATION_STYLE_ASSIGNMENT((#5936));
#5936 = SURFACE_STYLE_USAGE(.BOTH.,#5937);
#5937 = SURFACE_SIDE_STYLE('',(#5938));
#5938 = SURFACE_STYLE_FILL_AREA(#5939);
#5939 = FILL_AREA_STYLE('',(#5940));
#5940 = FILL_AREA_STYLE_COLOUR('',#5716);
#5941 = STYLED_ITEM('color',(#5942),#3036);
#5942 = PRESENTATION_STYLE_ASSIGNMENT((#5943));
#5943 = SURFACE_STYLE_USAGE(.BOTH.,#5944);
#5944 = SURFACE_SIDE_STYLE('',(#5945));
#5945 = SURFACE_STYLE_FILL_AREA(#5946);
#5946 = FILL_AREA_STYLE('',(#5947));
#5947 = FILL_AREA_STYLE_COLOUR('',#5716);
#5948 = STYLED_ITEM('color',(#5949),#3089);
#5949 = PRESENTATION_STYLE_ASSIGNMENT((#5950));
#5950 = SURFACE_STYLE_USAGE(.BOTH.,#5951);
#5951 = SURFACE_SIDE_STYLE('',(#5952));
#5952 = SURFACE_STYLE_FILL_AREA(#5953);
#5953 = FILL_AREA_STYLE('',(#5954));
#5954 = FILL_AREA_STYLE_COLOUR('',#5716);
#5955 = STYLED_ITEM('color',(#5956),#3142);
#5956 = PRESENTATION_STYLE_ASSIGNMENT((#5957));
#5957 = SURFACE_STYLE_USAGE(.BOTH.,#5958);
#5958 = SURFACE_SIDE_STYLE('',(#5959));
#5959 = SURFACE_STYLE_FILL_AREA(#5960);
#5960 = FILL_AREA_STYLE('',(#5961));
#5961 = FILL_AREA_STYLE_COLOUR('',#5716);
#5962 = STYLED_ITEM('color',(#5963),#3195);
#5963 = PRESENTATION_STYLE_ASSIGNMENT((#5964));
#5964 = SURFACE_STYLE_USAGE(.BOTH.,#5965);
#5965 = SURFACE_SIDE_STYLE('',(#5966));
#5966 = SURFACE_STYLE_FILL_AREA(#5967);
#5967 = FILL_AREA_STYLE('',(#5968));
#5968 = FILL_AREA_STYLE_COLOUR('',#5716);
#5969 = STYLED_ITEM('color',(#5970),#3248);
#5970 = PRESENTATION_STYLE_ASSIGNMENT((#5971));
#5971 = SURFACE_STYLE_USAGE(.BOTH.,#5972);
#5972 = SURFACE_SIDE_STYLE('',(#5973));
#5973 = SURFACE_STYLE_FILL_AREA(#5974);
#5974 = FILL_AREA_STYLE('',(#5975));
#5975 = FILL_AREA_STYLE_COLOUR('',#5716);
#5976 = STYLED_ITEM('color',(#5977),#3301);
#5977 = PRESENTATION_STYLE_ASSIGNMENT((#5978));
#5978 = SURFACE_STYLE_USAGE(.BOTH.,#5979);
#5979 = SURFACE_SIDE_STYLE('',(#5980));
#5980 = SURFACE_STYLE_FILL_AREA(#5981);
#5981 = FILL_AREA_STYLE('',(#5982));
#5982 = FILL_AREA_STYLE_COLOUR('',#5716);
#5983 = STYLED_ITEM('color',(#5984),#3354);
#5984 = PRESENTATION_STYLE_ASSIGNMENT((#5985));
#5985 = SURFACE_STYLE_USAGE(.BOTH.,#5986);
#5986 = SURFACE_SIDE_STYLE('',(#5987));
#5987 = SURFACE_STYLE_FILL_AREA(#5988);
#5988 = FILL_AREA_STYLE('',(#5989));
#5989 = FILL_AREA_STYLE_COLOUR('',#5716);
#5990 = STYLED_ITEM('color',(#5991),#3407);
#5991 = PRESENTATION_STYLE_ASSIGNMENT((#5992));
#5992 = SURFACE_STYLE_USAGE(.BOTH.,#5993);
#5993 = SURFACE_SIDE_STYLE('',(#5994));
#5994 = SURFACE_STYLE_FILL_AREA(#5995);
#5995 = FILL_AREA_STYLE('',(#5996));
#5996 = FILL_AREA_STYLE_COLOUR('',#5716);
#5997 = STYLED_ITEM('color',(#5998),#3460);
#5998 = PRESENTATION_STYLE_ASSIGNMENT((#5999));
#5999 = SURFACE_STYLE_USAGE(.BOTH.,#6000);
#6000 = SURFACE_SIDE_STYLE('',(#6001));
#6001 = SURFACE_STYLE_FILL_AREA(#6002);
#6002 = FILL_AREA_STYLE('',(#6003));
#6003 = FILL_AREA_STYLE_COLOUR('',#5716);
#6004 = STYLED_ITEM('color',(#6005),#3513);
#6005 = PRESENTATION_STYLE_ASSIGNMENT((#6006));
#6006 = SURFACE_STYLE_USAGE(.BOTH.,#6007);
#6007 = SURFACE_SIDE_STYLE('',(#6008));
#6008 = SURFACE_STYLE_FILL_AREA(#6009);
#6009 = FILL_AREA_STYLE('',(#6010));
#6010 = FILL_AREA_STYLE_COLOUR('',#5716);
#6011 = STYLED_ITEM('color',(#6012),#3566);
#6012 = PRESENTATION_STYLE_ASSIGNMENT((#6013));
#6013 = SURFACE_STYLE_USAGE(.BOTH.,#6014);
#6014 = SURFACE_SIDE_STYLE('',(#6015));
#6015 = SURFACE_STYLE_FILL_AREA(#6016);
#6016 = FILL_AREA_STYLE('',(#6017));
#6017 = FILL_AREA_STYLE_COLOUR('',#5716);
#6018 = STYLED_ITEM('color',(#6019),#3619);
#6019 = PRESENTATION_STYLE_ASSIGNMENT((#6020));
#6020 = SURFACE_STYLE_USAGE(.BOTH.,#6021);
#6021 = SURFACE_SIDE_STYLE('',(#6022));
#6022 = SURFACE_STYLE_FILL_AREA(#6023);
#6023 = FILL_AREA_STYLE('',(#6024));
#6024 = FILL_AREA_STYLE_COLOUR('',#5716);
#6025 = STYLED_ITEM('color',(#6026),#3672);
#6026 = PRESENTATION_STYLE_ASSIGNMENT((#6027));
#6027 = SURFACE_STYLE_USAGE(.BOTH.,#6028);
#6028 = SURFACE_SIDE_STYLE('',(#6029));
#6029 = SURFACE_STYLE_FILL_AREA(#6030);
#6030 = FILL_AREA_STYLE('',(#6031));
#6031 = FILL_AREA_STYLE_COLOUR('',#5716);
#6032 = STYLED_ITEM('color',(#6033),#3725);
#6033 = PRESENTATION_STYLE_ASSIGNMENT((#6034));
#6034 = SURFACE_STYLE_USAGE(.BOTH.,#6035);
#6035 = SURFACE_SIDE_STYLE('',(#6036));
#6036 = SURFACE_STYLE_FILL_AREA(#6037);
#6037 = FILL_AREA_STYLE('',(#6038));
#6038 = FILL_AREA_STYLE_COLOUR('',#5716);
#6039 = STYLED_ITEM('color',(#6040),#3778);
#6040 = PRESENTATION_STYLE_ASSIGNMENT((#6041));
#6041 = SURFACE_STYLE_USAGE(.BOTH.,#6042);
#6042 = SURFACE_SIDE_STYLE('',(#6043));
#6043 = SURFACE_STYLE_FILL_AREA(#6044);
#6044 = FILL_AREA_STYLE('',(#6045));
#6045 = FILL_AREA_STYLE_COLOUR('',#5716);
#6046 = STYLED_ITEM('color',(#6047),#3831);
#6047 = PRESENTATION_STYLE_ASSIGNMENT((#6048));
#6048 = SURFACE_STYLE_USAGE(.BOTH.,#6049);
#6049 = SURFACE_SIDE_STYLE('',(#6050));
#6050 = SURFACE_STYLE_FILL_AREA(#6051);
#6051 = FILL_AREA_STYLE('',(#6052));
#6052 = FILL_AREA_STYLE_COLOUR('',#5716);
#6053 = STYLED_ITEM('color',(#6054),#3923);
#6054 = PRESENTATION_STYLE_ASSIGNMENT((#6055));
#6055 = SURFACE_STYLE_USAGE(.BOTH.,#6056);
#6056 = SURFACE_SIDE_STYLE('',(#6057));
#6057 = SURFACE_STYLE_FILL_AREA(#6058);
#6058 = FILL_AREA_STYLE('',(#6059));
#6059 = FILL_AREA_STYLE_COLOUR('',#5716);
#6060 = STYLED_ITEM('color',(#6061),#4015);
#6061 = PRESENTATION_STYLE_ASSIGNMENT((#6062));
#6062 = SURFACE_STYLE_USAGE(.BOTH.,#6063);
#6063 = SURFACE_SIDE_STYLE('',(#6064));
#6064 = SURFACE_STYLE_FILL_AREA(#6065);
#6065 = FILL_AREA_STYLE('',(#6066));
#6066 = FILL_AREA_STYLE_COLOUR('',#5716);
#6067 = STYLED_ITEM('color',(#6068),#4107);
#6068 = PRESENTATION_STYLE_ASSIGNMENT((#6069));
#6069 = SURFACE_STYLE_USAGE(.BOTH.,#6070);
#6070 = SURFACE_SIDE_STYLE('',(#6071));
#6071 = SURFACE_STYLE_FILL_AREA(#6072);
#6072 = FILL_AREA_STYLE('',(#6073));
#6073 = FILL_AREA_STYLE_COLOUR('',#5716);
#6074 = STYLED_ITEM('color',(#6075),#4199);
#6075 = PRESENTATION_STYLE_ASSIGNMENT((#6076));
#6076 = SURFACE_STYLE_USAGE(.BOTH.,#6077);
#6077 = SURFACE_SIDE_STYLE('',(#6078));
#6078 = SURFACE_STYLE_FILL_AREA(#6079);
#6079 = FILL_AREA_STYLE('',(#6080));
#6080 = FILL_AREA_STYLE_COLOUR('',#5716);
#6081 = STYLED_ITEM('color',(#6082),#4291);
#6082 = PRESENTATION_STYLE_ASSIGNMENT((#6083));
#6083 = SURFACE_STYLE_USAGE(.BOTH.,#6084);
#6084 = SURFACE_SIDE_STYLE('',(#6085));
#6085 = SURFACE_STYLE_FILL_AREA(#6086);
#6086 = FILL_AREA_STYLE('',(#6087));
#6087 = FILL_AREA_STYLE_COLOUR('',#5716);
#6088 = STYLED_ITEM('color',(#6089),#4344);
#6089 = PRESENTATION_STYLE_ASSIGNMENT((#6090));
#6090 = SURFACE_STYLE_USAGE(.BOTH.,#6091);
#6091 = SURFACE_SIDE_STYLE('',(#6092));
#6092 = SURFACE_STYLE_FILL_AREA(#6093);
#6093 = FILL_AREA_STYLE('',(#6094));
#6094 = FILL_AREA_STYLE_COLOUR('',#5716);
#6095 = STYLED_ITEM('color',(#6096),#4397);
#6096 = PRESENTATION_STYLE_ASSIGNMENT((#6097));
#6097 = SURFACE_STYLE_USAGE(.BOTH.,#6098);
#6098 = SURFACE_SIDE_STYLE('',(#6099));
#6099 = SURFACE_STYLE_FILL_AREA(#6100);
#6100 = FILL_AREA_STYLE('',(#6101));
#6101 = FILL_AREA_STYLE_COLOUR('',#5716);
#6102 = STYLED_ITEM('color',(#6103),#4450);
#6103 = PRESENTATION_STYLE_ASSIGNMENT((#6104));
#6104 = SURFACE_STYLE_USAGE(.BOTH.,#6105);
#6105 = SURFACE_SIDE_STYLE('',(#6106));
#6106 = SURFACE_STYLE_FILL_AREA(#6107);
#6107 = FILL_AREA_STYLE('',(#6108));
#6108 = FILL_AREA_STYLE_COLOUR('',#5716);
#6109 = STYLED_ITEM('color',(#6110),#4503);
#6110 = PRESENTATION_STYLE_ASSIGNMENT((#6111));
#6111 = SURFACE_STYLE_USAGE(.BOTH.,#6112);
#6112 = SURFACE_SIDE_STYLE('',(#6113));
#6113 = SURFACE_STYLE_FILL_AREA(#6114);
#6114 = FILL_AREA_STYLE('',(#6115));
#6115 = FILL_AREA_STYLE_COLOUR('',#5716);
#6116 = STYLED_ITEM('color',(#6117),#4556);
#6117 = PRESENTATION_STYLE_ASSIGNMENT((#6118));
#6118 = SURFACE_STYLE_USAGE(.BOTH.,#6119);
#6119 = SURFACE_SIDE_STYLE('',(#6120));
#6120 = SURFACE_STYLE_FILL_AREA(#6121);
#6121 = FILL_AREA_STYLE('',(#6122));
#6122 = FILL_AREA_STYLE_COLOUR('',#5716);
#6123 = STYLED_ITEM('color',(#6124),#4609);
#6124 = PRESENTATION_STYLE_ASSIGNMENT((#6125));
#6125 = SURFACE_STYLE_USAGE(.BOTH.,#6126);
#6126 = SURFACE_SIDE_STYLE('',(#6127));
#6127 = SURFACE_STYLE_FILL_AREA(#6128);
#6128 = FILL_AREA_STYLE('',(#6129));
#6129 = FILL_AREA_STYLE_COLOUR('',#5716);
#6130 = STYLED_ITEM('color',(#6131),#4662);
#6131 = PRESENTATION_STYLE_ASSIGNMENT((#6132));
#6132 = SURFACE_STYLE_USAGE(.BOTH.,#6133);
#6133 = SURFACE_SIDE_STYLE('',(#6134));
#6134 = SURFACE_STYLE_FILL_AREA(#6135);
#6135 = FILL_AREA_STYLE('',(#6136));
#6136 = FILL_AREA_STYLE_COLOUR('',#5716);
#6137 = STYLED_ITEM('color',(#6138),#4715);
#6138 = PRESENTATION_STYLE_ASSIGNMENT((#6139));
#6139 = SURFACE_STYLE_USAGE(.BOTH.,#6140);
#6140 = SURFACE_SIDE_STYLE('',(#6141));
#6141 = SURFACE_STYLE_FILL_AREA(#6142);
#6142 = FILL_AREA_STYLE('',(#6143));
#6143 = FILL_AREA_STYLE_COLOUR('',#5716);
#6144 = STYLED_ITEM('color',(#6145),#4768);
#6145 = PRESENTATION_STYLE_ASSIGNMENT((#6146));
#6146 = SURFACE_STYLE_USAGE(.BOTH.,#6147);
#6147 = SURFACE_SIDE_STYLE('',(#6148));
#6148 = SURFACE_STYLE_FILL_AREA(#6149);
#6149 = FILL_AREA_STYLE('',(#6150));
#6150 = FILL_AREA_STYLE_COLOUR('',#5716);
#6151 = STYLED_ITEM('color',(#6152),#4821);
#6152 = PRESENTATION_STYLE_ASSIGNMENT((#6153));
#6153 = SURFACE_STYLE_USAGE(.BOTH.,#6154);
#6154 = SURFACE_SIDE_STYLE('',(#6155));
#6155 = SURFACE_STYLE_FILL_AREA(#6156);
#6156 = FILL_AREA_STYLE('',(#6157));
#6157 = FILL_AREA_STYLE_COLOUR('',#5716);
#6158 = STYLED_ITEM('color',(#6159),#4874);
#6159 = PRESENTATION_STYLE_ASSIGNMENT((#6160));
#6160 = SURFACE_STYLE_USAGE(.BOTH.,#6161);
#6161 = SURFACE_SIDE_STYLE('',(#6162));
#6162 = SURFACE_STYLE_FILL_AREA(#6163);
#6163 = FILL_AREA_STYLE('',(#6164));
#6164 = FILL_AREA_STYLE_COLOUR('',#5716);
#6165 = STYLED_ITEM('color',(#6166),#4927);
#6166 = PRESENTATION_STYLE_ASSIGNMENT((#6167));
#6167 = SURFACE_STYLE_USAGE(.BOTH.,#6168);
#6168 = SURFACE_SIDE_STYLE('',(#6169));
#6169 = SURFACE_STYLE_FILL_AREA(#6170);
#6170 = FILL_AREA_STYLE('',(#6171));
#6171 = FILL_AREA_STYLE_COLOUR('',#5716);
#6172 = STYLED_ITEM('color',(#6173),#4980);
#6173 = PRESENTATION_STYLE_ASSIGNMENT((#6174));
#6174 = SURFACE_STYLE_USAGE(.BOTH.,#6175);
#6175 = SURFACE_SIDE_STYLE('',(#6176));
#6176 = SURFACE_STYLE_FILL_AREA(#6177);
#6177 = FILL_AREA_STYLE('',(#6178));
#6178 = FILL_AREA_STYLE_COLOUR('',#5716);
#6179 = STYLED_ITEM('color',(#6180),#5033);
#6180 = PRESENTATION_STYLE_ASSIGNMENT((#6181));
#6181 = SURFACE_STYLE_USAGE(.BOTH.,#6182);
#6182 = SURFACE_SIDE_STYLE('',(#6183));
#6183 = SURFACE_STYLE_FILL_AREA(#6184);
#6184 = FILL_AREA_STYLE('',(#6185));
#6185 = FILL_AREA_STYLE_COLOUR('',#5716);
#6186 = STYLED_ITEM('color',(#6187),#5086);
#6187 = PRESENTATION_STYLE_ASSIGNMENT((#6188));
#6188 = SURFACE_STYLE_USAGE(.BOTH.,#6189);
#6189 = SURFACE_SIDE_STYLE('',(#6190));
#6190 = SURFACE_STYLE_FILL_AREA(#6191);
#6191 = FILL_AREA_STYLE('',(#6192));
#6192 = FILL_AREA_STYLE_COLOUR('',#5716);
#6193 = STYLED_ITEM('color',(#6194),#5139);
#6194 = PRESENTATION_STYLE_ASSIGNMENT((#6195));
#6195 = SURFACE_STYLE_USAGE(.BOTH.,#6196);
#6196 = SURFACE_SIDE_STYLE('',(#6197));
#6197 = SURFACE_STYLE_FILL_AREA(#6198);
#6198 = FILL_AREA_STYLE('',(#6199));
#6199 = FILL_AREA_STYLE_COLOUR('',#5716);
#6200 = MECHANICAL_DESIGN_GEOMETRIC_PRESENTATION_REPRESENTATION('',(
    #6201),#778);
#6201 = STYLED_ITEM('color',(#6202),#300);
#6202 = PRESENTATION_STYLE_ASSIGNMENT((#6203));
#6203 = SURFACE_STYLE_USAGE(.BOTH.,#6204);
#6204 = SURFACE_SIDE_STYLE('',(#6205));
#6205 = SURFACE_STYLE_FILL_AREA(#6206);
#6206 = FILL_AREA_STYLE('',(#6207));
#6207 = FILL_AREA_STYLE_COLOUR('',#6208);
#6208 = COLOUR_RGB('',1.,0.807843143701,0.498039215105);
ENDSEC;
END-ISO-10303-21;
